"D:/Unreal/LostWaves/LostWaves.uproject" 1
"../../../../Unreal/LostWaves/Binaries/Win64/UnrealEditor-Win64-DebugGame.modules" 2
"../../../Engine/Plugins/MemoryUsageQueries/MemoryUsageQueries.uplugin" 3
"../../../Engine/Plugins/TraceUtilities/TraceUtilities.uplugin" 4
"../../../Engine/Plugins/MeshPainting/MeshPainting.uplugin" 5
"../../../Engine/Plugins/AudioGameplay/AudioGameplay.uplugin" 6
"../../../Engine/Plugins/AudioGameplayVolume/AudioGameplayVolume.uplugin" 7
"../../../Engine/Plugins/JsonBlueprintUtilities/JsonBlueprintUtilities.uplugin" 8
"../../../Engine/Plugins/EnhancedInput/EnhancedInput.uplugin" 9
"../../../Engine/Plugins/RenderGraphInsights/RenderGraphInsights.uplugin" 10
"../../../Engine/Plugins/BlueprintFileUtils/BlueprintFileUtils.uplugin" 11
"../../../Engine/Plugins/FastBuildController/FastBuildController.uplugin" 12
"../../../Engine/Plugins/AI/AISupport/AISupport.uplugin" 13
"../../../Engine/Plugins/XGEController/XGEController.uplugin" 14
"../../../Engine/Plugins/AI/MassAI/MassAI.uplugin" 15
"../../../Engine/Plugins/LightWeightInstancesEditor/LightWeightInstancesEditor.uplugin" 16
"../../../Engine/Plugins/AI/EnvironmentQueryEditor/EnvironmentQueryEditor.uplugin" 17
"../../../Engine/Plugins/AI/HTNPlanner/HTNPlanner.uplugin" 18
"../../../Engine/Plugins/Bridge/Bridge.uplugin" 19
"../../../Engine/Plugins/Animation/BlendSpaceMotionAnalysis/BlendSpaceMotionAnalysis.uplugin" 20
"../../../Engine/Plugins/AI/MLAdapter/MLAdapter.uplugin" 21
"../../../Engine/Plugins/Animation/ControlRigSpline/ControlRigSpline.uplugin" 22
"../../../Engine/Plugins/Animation/AnimationData/AnimationData.uplugin" 23
"../../../Engine/Plugins/Animation/ControlRig/ControlRig.uplugin" 24
"../../../Engine/Plugins/Animation/AnimationModifierLibrary/AnimationModifierLibrary.uplugin" 25
"../../../Engine/Plugins/Animation/AnimationLocomotionLibrary/AnimationLocomotionLibrary.uplugin" 26
"../../../Engine/Plugins/ScriptPlugin/ScriptPlugin.uplugin" 27
"../../../Engine/Plugins/AI/MassCrowd/MassCrowd.uplugin" 28
"../../../Engine/Plugins/Animation/AnimToTexture/AnimToTexture.uplugin" 29
"../../../Engine/Plugins/Performance/PerformanceMonitor/PerformanceMonitor.uplugin" 30
"../../../Engine/Plugins/Animation/GameplayInsights/GameplayInsights.uplugin" 31
"../../../Engine/Plugins/Animation/DeformerGraph/DeformerGraph.uplugin" 32
"../../../Engine/Plugins/Animation/LiveLink/LiveLink.uplugin" 33
"../../../Engine/Plugins/Animation/IKRig/IKRig.uplugin" 34
"../../../Engine/Plugins/Animation/LiveLinkCurveDebugUI/LiveLinkCurveDebugUI.uplugin" 35
"../../../Engine/Plugins/Animation/AnimationWarping/AnimationWarping.uplugin" 36
"../../../Engine/Plugins/Animation/RigLogic/RigLogic.uplugin" 37
"../../../Engine/Plugins/FX/CascadeToNiagaraConverter/CascadeToNiagaraConverter.uplugin" 38
"../../../Engine/Plugins/Animation/MotionWarping/MotionWarping.uplugin" 39
"../../../Engine/Plugins/FX/Niagara/Niagara.uplugin" 40
"../../../Engine/Plugins/FX/NiagaraSimCaching/NiagaraSimCaching.uplugin" 41
"../../../Engine/Plugins/Online/EOSShared/EOSShared.uplugin" 42
"../../../Engine/Plugins/FX/ExampleCustomDataInterface/ExampleCustomDataInterface.uplugin" 43
"../../../Engine/Plugins/NetcodeUnitTest/NetcodeUnitTest/NetcodeUnitTest.uplugin" 44
"../../../Engine/Plugins/NetcodeUnitTest/NUTUnrealEngine/NUTUnrealEngine.uplugin" 45
"../../../Engine/Plugins/Online/OnlineServices/OnlineServices.uplugin" 46
"../../../Engine/Plugins/FX/NiagaraFluids/NiagaraFluids.uplugin" 47
"../../../Engine/Plugins/Online/OnlineServicesEOSGS/OnlineServicesEOSGS.uplugin" 48
"../../../Engine/Plugins/Online/OnlineServicesEOS/OnlineServicesEOS.uplugin" 49
"../../../Engine/Plugins/Online/OnlineBase/OnlineBase.uplugin" 50
"../../../Engine/Plugins/Online/OnlineFramework/OnlineFramework.uplugin" 51
"../../../Engine/Plugins/Online/OnlineSubsystem/OnlineSubsystem.uplugin" 52
"../../../Engine/Plugins/Online/OnlineSubsystemAmazon/OnlineSubsystemAmazon.uplugin" 53
"../../../Engine/Plugins/Online/OnlineSubsystemGoogle/OnlineSubsystemGoogle.uplugin" 54
"../../../Engine/Plugins/Online/OnlineSubsystemNull/OnlineSubsystemNull.uplugin" 55
"../../../Engine/Plugins/Online/OnlineServicesNull/OnlineServicesNull.uplugin" 56
"../../../Engine/Plugins/Online/OnlineSubsystemTencent/OnlineSubsystemTencent.uplugin" 57
"../../../Engine/Plugins/Online/OnlineSubsystemApple/OnlineSubsystemApple.uplugin" 58
"../../../Engine/Plugins/Online/OnlineSubsystemSteam/OnlineSubsystemSteam.uplugin" 59
"../../../Engine/Plugins/Experimental/ActorPalette/ActorPalette.uplugin" 60
"../../../Engine/Plugins/Online/OnlineSubsystemFacebook/OnlineSubsystemFacebook.uplugin" 61
"../../../Engine/Plugins/Online/SocketSubsystemEOS/SocketSubsystemEOS.uplugin" 62
"../../../Engine/Plugins/Online/OnlineSubsystemEOS/OnlineSubsystemEOS.uplugin" 63
"../../../Engine/Plugins/Experimental/AbilitySystemGameFeatureActions/AbilitySystemGameFeatureActions.uplugin" 64
"../../../Engine/Plugins/Online/OnlineSubsystemUtils/OnlineSubsystemUtils.uplugin" 65
"../../../Engine/Plugins/Online/OnlineSubsystemOculus/OnlineSubsystemOculus.uplugin" 66
"../../../Engine/Plugins/Online/OnlineServicesOSSAdapter/OnlineServicesOSSAdapter.uplugin" 67
"../../../Engine/Plugins/Experimental/AnimNext/AnimNext.uplugin" 68
"../../../Engine/Plugins/Experimental/AppleVision/AppleVision.uplugin" 69
"../../../Engine/Plugins/Experimental/AutomationUtils/AutomationUtils.uplugin" 70
"../../../Engine/Plugins/Experimental/BackChannel/BackChannel.uplugin" 71
"../../../Engine/Plugins/Experimental/BlueprintStats/BlueprintStats.uplugin" 72
"../../../Engine/Plugins/Online/WebAuth/WebAuth.uplugin" 73
"../../../Engine/Plugins/Experimental/AssetPlacementEdMode/AssetPlacementEdMode.uplugin" 74
"../../../Engine/Plugins/Experimental/ChaosCaching/ChaosCaching.uplugin" 75
"../../../Engine/Plugins/Experimental/ChaosCloth/ChaosCloth.uplugin" 76
"../../../Engine/Plugins/Experimental/ChaosClothEditor/ChaosClothEditor.uplugin" 77
"../../../Engine/Plugins/Experimental/ChaosClothAssetEditor/ChaosClothAssetEditor.uplugin" 78
"../../../Engine/Plugins/Experimental/ChaosNiagara/ChaosNiagara.uplugin" 79
"../../../Engine/Plugins/Experimental/ChaosSolverPlugin/ChaosSolverPlugin.uplugin" 80
"../../../Engine/Plugins/Experimental/BlueprintSnapNodes/BlueprintSnapNodes.uplugin" 81
"../../../Engine/Plugins/Experimental/ChaosEditor/ChaosEditor.uplugin" 82
"../../../Engine/Plugins/Experimental/ChaosUserDataPT/ChaosUserDataPT.uplugin" 83
"../../../Engine/Plugins/Experimental/ChaosClothAsset/ChaosClothAsset.uplugin" 84
"../../../Engine/Plugins/Experimental/ChaosVehiclesPlugin/ChaosVehiclesPlugin.uplugin" 85
"../../../Engine/Plugins/Experimental/Chooser/Chooser.uplugin" 86
"../../../Engine/Plugins/Experimental/ChaosFlesh/ChaosFlesh.uplugin" 87
"../../../Engine/Plugins/Experimental/CharacterAI/CharacterAI.uplugin" 88
"../../../Engine/Plugins/Experimental/CinematicPrestreaming/CinematicPrestreaming.uplugin" 89
"../../../Engine/Plugins/Experimental/CommonUI/CommonUI.uplugin" 90
"../../../Engine/Plugins/Experimental/Dataflow/Dataflow.uplugin" 91
"../../../Engine/Plugins/Experimental/CineCameraRigs/CineCameraRigs.uplugin" 92
"../../../Engine/Plugins/Experimental/CodeEditor/CodeEditor.uplugin" 93
"../../../Engine/Plugins/Experimental/CodeView/CodeView.uplugin" 94
"../../../Engine/Plugins/Experimental/FieldSystemPlugin/FieldSystemPlugin.uplugin" 95
"../../../Engine/Plugins/Experimental/FullBodyIK/FullBodyIK.uplugin" 96
"../../../Engine/Plugins/Experimental/ColorCorrectRegions/ColorCorrectRegions.uplugin" 97
"../../../Engine/Plugins/Experimental/ControlFlows/ControlFlows.uplugin" 98
"../../../Engine/Plugins/Experimental/CommonConversation/CommonConversation.uplugin" 99
"../../../Engine/Plugins/Experimental/Fracture/Fracture.uplugin" 100
"../../../Engine/Plugins/Experimental/GameFeatures/GameFeatures.uplugin" 101
"../../../Engine/Plugins/Experimental/GeometryCollectionPlugin/GeometryCollectionPlugin.uplugin" 102
"../../../Engine/Plugins/Experimental/DefaultInstallBundleManager/DefaultInstallBundleManager.uplugin" 103
"../../../Engine/Plugins/Experimental/Gauntlet/Gauntlet.uplugin" 104
"../../../Engine/Plugins/Experimental/GameplayBehaviors/GameplayBehaviors.uplugin" 105
"../../../Engine/Plugins/Experimental/GameplayTargetingSystem/TargetingSystem.uplugin" 106
"../../../Engine/Plugins/Experimental/GeometryScripting/GeometryScripting.uplugin" 107
"../../../Engine/Plugins/Experimental/GPULightmass/GPULightmass.uplugin" 108
"../../../Engine/Plugins/Experimental/GeometryCacheAbcFile/GeometryCacheAbcFile.uplugin" 109
"../../../Engine/Plugins/Experimental/GizmoEdMode/GizmoEdMode.uplugin" 110
"../../../Engine/Plugins/Experimental/HairModelingToolset/HairModelingToolset.uplugin" 111
"../../../Engine/Plugins/Experimental/GeometryFlow/GeometryFlow.uplugin" 112
"../../../Engine/Plugins/Experimental/LandscapePatch/LandscapePatch.uplugin" 113
"../../../Engine/Plugins/Experimental/ImpostorBaker/ImpostorBaker.uplugin" 114
"../../../Engine/Plugins/Experimental/GizmoFramework/GizmoFramework.uplugin" 115
"../../../Engine/Plugins/Experimental/ImagePlate/ImagePlate.uplugin" 116
"../../../Engine/Plugins/Experimental/JWT/JWT.uplugin" 117
"../../../Engine/Plugins/Experimental/Landmass/Landmass.uplugin" 118
"../../../Engine/Plugins/Experimental/Iris/Iris.uplugin" 119
"../../../Engine/Plugins/Experimental/LiveLinkControlRig/LiveLinkControlRig.uplugin" 120
"../../../Engine/Plugins/Experimental/MotoSynth/MotoSynth.uplugin" 121
"../../../Engine/Plugins/Experimental/NNI/NeuralNetworkInference.uplugin" 122
"../../../Engine/Plugins/Experimental/NaniteDisplacedMesh/NaniteDisplacedMesh.uplugin" 123
"../../../Engine/Plugins/Experimental/Mutable/Mutable.uplugin" 124
"../../../Engine/Plugins/Experimental/MotorSimOutputMotoSynth/MotorSimOutputMotoSynth.uplugin" 125
"../../../Engine/Plugins/Experimental/PanoramicCapture/PanoramicCapture.uplugin" 126
"../../../Engine/Plugins/Experimental/MeshLODToolset/MeshLODToolset.uplugin" 127
"../../../Engine/Plugins/Experimental/MeshModelingToolsetExp/MeshModelingToolsetExp.uplugin" 128
"../../../Engine/Plugins/Experimental/ModularGameplay/ModularGameplay.uplugin" 129
"../../../Engine/Plugins/Experimental/NNE/NNE.uplugin" 130
"../../../Engine/Plugins/Experimental/OpenImageDenoise/OpenImageDenoise.uplugin" 131
"../../../Engine/Plugins/Experimental/OptiXDenoise/OptiXDenoise.uplugin" 132
"../../../Engine/Plugins/Experimental/PhysicsControl/PhysicsControl.uplugin" 133
"../../../Engine/Plugins/Experimental/PCG/PCG.uplugin" 134
"../../../Engine/Plugins/Experimental/PCGGeometryScriptInterop/PCGGeometryScriptInterop.uplugin" 135
"../../../Engine/Plugins/Experimental/PlanarCutPlugin/PlanarCut.uplugin" 136
"../../../Engine/Plugins/Experimental/LiveLinkFaceImporter/LiveLinkFaceImporter.uplugin" 137
"../../../Engine/Plugins/Experimental/PixelStreamingPlayer/PixelStreamingPlayer.uplugin" 138
"../../../Engine/Plugins/Experimental/ProxyLODPlugin/ProxyLODPlugin.uplugin" 139
"../../../Engine/Plugins/Experimental/RawInput/RawInput.uplugin" 140
"../../../Engine/Plugins/Experimental/PythonFoundationPackages/PythonFoundationPackages.uplugin" 141
"../../../Engine/Plugins/Experimental/PythonScriptPlugin/PythonScriptPlugin.uplugin" 142
"../../../Engine/Plugins/Experimental/RemoteSession/RemoteSession.uplugin" 143
"../../../Engine/Plugins/Experimental/ScriptableToolsEditorMode/ScriptableToolsEditorMode.uplugin" 144
"../../../Engine/Plugins/Experimental/RenderGrid/RenderGrid.uplugin" 145
"../../../Engine/Plugins/Experimental/SampleToolsEditorMode/SampleToolsEditorMode.uplugin" 146
"../../../Engine/Plugins/Experimental/ScreenReader/ScreenReader.uplugin" 147
"../../../Engine/Plugins/Experimental/PlatformCrypto/PlatformCrypto.uplugin" 148
"../../../Engine/Plugins/Experimental/SkeletalReduction/SkeletalReduction.uplugin" 149
"../../../Engine/Plugins/Experimental/ScriptableToolsFramework/ScriptableToolsFramework.uplugin" 150
"../../../Engine/Plugins/Experimental/Shotgrid/Shotgrid.uplugin" 151
"../../../Engine/Plugins/Experimental/SimpleHMD/SimpleHMD.uplugin" 152
"../../../Engine/Plugins/Experimental/TextToSpeech/TextToSpeech.uplugin" 153
"../../../Engine/Plugins/Experimental/Text3D/Text3D.uplugin" 154
"../../../Engine/Plugins/Experimental/StructUtils/StructUtils.uplugin" 155
"../../../Engine/Plugins/Experimental/UIFramework/UIFramework.uplugin" 156
"../../../Engine/Plugins/Experimental/TextureMediaPlayer/TextureMediaPlayer.uplugin" 157
"../../../Engine/Plugins/Experimental/SlateScreenReader/SlateScreenReader.uplugin" 158
"../../../Engine/Plugins/Experimental/TetMeshing/TetMeshing.uplugin" 159
"../../../Engine/Plugins/Experimental/UVEditor/UVEditor.uplugin" 160
"../../../Engine/Plugins/Experimental/TypedElementsDataStorage/TypedElementsDataStorage.uplugin" 161
"../../../Engine/Plugins/Experimental/ToolPresets/ToolPresets.uplugin" 162
"../../../Engine/Plugins/Experimental/VirtualCameraCore/VirtualCameraCore.uplugin" 163
"../../../Engine/Plugins/Experimental/VirtualCamera/VirtualCamera.uplugin" 164
"../../../Engine/Plugins/Experimental/StaticMeshEditorModeling/StaticMeshEditorModeling.uplugin" 165
"../../../Engine/Plugins/Experimental/VirtualHeightfieldMesh/VirtualHeightfieldMesh.uplugin" 166
"../../../Engine/Plugins/Experimental/VirtualScouting/VirtualScouting.uplugin" 167
"../../../Engine/Plugins/Experimental/UserToolBoxCore/UserToolBoxCore.uplugin" 168
"../../../Engine/Plugins/Experimental/VirtualProductionUtilities/VirtualProductionUtilities.uplugin" 169
"../../../Engine/Plugins/Experimental/Water/Water.uplugin" 170
"../../../Engine/Plugins/Experimental/UserToolBoxBasicCommand/UserToolBoxBasicCommand.uplugin" 171
"../../../Engine/Plugins/Experimental/Volumetrics/Volumetrics.uplugin" 172
"../../../Engine/Plugins/Experimental/WaterExtras/WaterExtras.uplugin" 173
"../../../Engine/Plugins/Experimental/WidgetEditorToolPalette/WidgetEditorToolPalette.uplugin" 174
"../../../Engine/Plugins/Experimental/XRCreativeFramework/XRCreativeFramework.uplugin" 175
"../../../Engine/Plugins/Experimental/WebSocketNetworking/WebSocketNetworking.uplugin" 176
"../../../Engine/Plugins/Tests/AutomationDriverTests/AutomationDriverTests.uplugin" 177
"../../../Engine/Plugins/Experimental/WaveFunctionCollapse/WaveFunctionCollapse.uplugin" 178
"../../../Engine/Plugins/Tests/EditorTests/EditorTests.uplugin" 179
"../../../Engine/Plugins/Tests/FunctionalTestingEditor/FunctionalTestingEditor.uplugin" 180
"../../../Engine/Plugins/Tests/FbxAutomationTestBuilder/FbxAutomationTestBuilder.uplugin" 181
"../../../Engine/Plugins/Tests/InterchangeTests/InterchangeTests.uplugin" 182
"../../../Engine/Plugins/Tests/TestSamples/TestSamples.uplugin" 183
"../../../Engine/Plugins/Protocols/MQTT/MQTT.uplugin" 184
"../../../Engine/Plugins/Tests/RuntimeTests/RuntimeTests.uplugin" 185
"../../../Engine/Plugins/Cameras/GameplayCameras/GameplayCameras.uplugin" 186
"../../../Engine/Plugins/Interchange/Runtime/Interchange.uplugin" 187
"../../../Engine/Plugins/Tests/PythonAutomationTest/PythonAutomationTest.uplugin" 188
"../../../Engine/Plugins/Cameras/CameraShakePreviewer/CameraShakePreviewer.uplugin" 189
"../../../Engine/Plugins/Interchange/Editor/InterchangeEditor.uplugin" 190
"../../../Engine/Plugins/Media/AjaMedia/AjaMedia.uplugin" 191
"../../../Engine/Plugins/Compositing/OpenCVLensDistortion/OpenCVLensDistortion.uplugin" 192
"../../../Engine/Plugins/Compositing/OpenColorIO/OpenColorIO.uplugin" 193
"../../../Engine/Plugins/Media/AndroidMedia/AndroidMedia.uplugin" 194
"../../../Engine/Plugins/Media/AndroidCamera/AndroidCamera.uplugin" 195
"../../../Engine/Plugins/Media/AudioCaptureTimecodeProvider/AudioCaptureTimecodeProvider.uplugin" 196
"../../../Engine/Plugins/Tests/RHITests/RHITests.uplugin" 197
"../../../Engine/Plugins/Media/BinkMedia/BinkMedia.uplugin" 198
"../../../Engine/Plugins/Media/AppleProResMedia/AppleProResMedia.uplugin" 199
"../../../Engine/Plugins/Compositing/LensDistortion/LensDistortion.uplugin" 200
"../../../Engine/Plugins/Compositing/Composure/Composure.uplugin" 201
"../../../Engine/Plugins/Media/AvfMedia/AvfMedia.uplugin" 202
"../../../Engine/Plugins/Media/AvidDNxMedia/AvidDNxMedia.uplugin" 203
"../../../Engine/Plugins/Media/ElectraPlayer/ElectraPlayer.uplugin" 204
"../../../Engine/Plugins/Media/BlackmagicMedia/BlackmagicMedia.uplugin" 205
"../../../Engine/Plugins/Media/ElectraSubtitles/ElectraSubtitles.uplugin" 206
"../../../Engine/Plugins/Media/HAPMedia/HAPMedia.uplugin" 207
"../../../Engine/Plugins/Media/ElectraUtil/ElectraUtil.uplugin" 208
"../../../Engine/Plugins/Media/HLMedia/HLMedia.uplugin" 209
"../../../Engine/Plugins/Media/HardwareEncoders/HardwareEncoders.uplugin" 210
"../../../Engine/Plugins/Media/MediaFrameworkUtilities/MediaFrameworkUtilities.uplugin" 211
"../../../Engine/Plugins/Media/ImgMedia/ImgMedia.uplugin" 212
"../../../Engine/Plugins/Media/MediaCompositing/MediaCompositing.uplugin" 213
"../../../Engine/Plugins/Media/LinearTimecode/LinearTimecode.uplugin" 214
"../../../Engine/Plugins/Media/ElectraCDM/ElectraCDM.uplugin" 215
"../../../Engine/Plugins/Media/MediaPlate/MediaPlate.uplugin" 216
"../../../Engine/Plugins/Media/MediaPlayerEditor/MediaPlayerEditor.uplugin" 217
"../../../Engine/Plugins/Media/MediaMovieStreamer/MediaMovieStreamer.uplugin" 218
"../../../Engine/Plugins/Media/MediaIOFramework/MediaIOFramework.uplugin" 219
"../../../Engine/Plugins/Media/MfMedia/MfMedia.uplugin" 220
"../../../Engine/Plugins/Media/PixelCapture/PixelCapture.uplugin" 221
"../../../Engine/Plugins/Media/WebMMedia/WebMMedia.uplugin" 222
"../../../Engine/Plugins/Media/WmfMedia/WmfMedia.uplugin" 223
"../../../Engine/Plugins/Developer/BlankPlugin/BlankPlugin.uplugin" 224
"../../../Engine/Plugins/Compression/OodleNetwork/OodleNetwork.uplugin" 225
"../../../Engine/Plugins/Developer/AnimationSharing/AnimationSharing.uplugin" 226
"../../../Engine/Plugins/Developer/CodeLiteSourceCodeAccess/CodeLiteSourceCodeAccess.uplugin" 227
"../../../Engine/Plugins/Developer/CLionSourceCodeAccess/CLionSourceCodeAccess.uplugin" 228
"../../../Engine/Plugins/Media/TimecodeSynchronizer/TimecodeSynchronizer.uplugin" 229
"../../../Engine/Plugins/Developer/DumpGPUServices/DumpGPUServices.uplugin" 230
"../../../Engine/Plugins/Media/PixelStreaming/PixelStreaming.uplugin" 231
"../../../Engine/Plugins/Developer/GitSourceControl/GitSourceControl.uplugin" 232
"../../../Engine/Plugins/Developer/OneSkyLocalizationService/OneSkyLocalizationService.uplugin" 233
"../../../Engine/Plugins/Developer/KDevelopSourceCodeAccess/KDevelopSourceCodeAccess.uplugin" 234
"../../../Engine/Plugins/Developer/PixWinPlugin/PixWinPlugin.uplugin" 235
"../../../Engine/Plugins/Developer/PerforceSourceControl/PerforceSourceControl.uplugin" 236
"../../../Engine/Plugins/Developer/PlasticSourceControl/PlasticSourceControl.uplugin" 237
"../../../Engine/Plugins/Developer/PropertyAccessNode/PropertyAccessNode.uplugin" 238
"../../../Engine/Plugins/Developer/RenderDocPlugin/RenderDocPlugin.uplugin" 239
"../../../Engine/Plugins/Developer/TextureFormatOodle/TextureFormatOodle.uplugin" 240
"../../../Engine/Plugins/Developer/PluginUtils/PluginUtils.uplugin" 241
"../../../Engine/Plugins/Developer/RiderSourceCodeAccess/RiderSourceCodeAccess.uplugin" 242
"../../../Engine/Plugins/Developer/SubversionSourceControl/SubversionSourceControl.uplugin" 243
"../../../Engine/Plugins/Developer/TraceDataFiltering/TraceDataFilters.uplugin" 244
"../../../Engine/Plugins/Developer/NullSourceCodeAccess/NullSourceCodeAccess.uplugin" 245
"../../../Engine/Plugins/Developer/VisualStudioSourceCodeAccess/VisualStudioSourceCodeAccess.uplugin" 246
"../../../Engine/Plugins/Developer/VisualStudioCodeSourceCodeAccess/VisualStudioCodeSourceCodeAccess.uplugin" 247
"../../../Engine/Plugins/Developer/XCodeSourceCodeAccess/XCodeSourceCodeAccess.uplugin" 248
"../../../Engine/Plugins/Editor/AssetReferenceRestrictions/AssetReferenceRestrictions.uplugin" 249
"../../../Engine/Plugins/Developer/UObjectPlugin/UObjectPlugin.uplugin" 250
"../../../Engine/Plugins/Editor/AssetRegistryExport/AssetRegistryExport.uplugin" 251
"../../../Engine/Plugins/Editor/AssetManagerEditor/AssetManagerEditor.uplugin" 252
"../../../Engine/Plugins/Developer/XcodeGPUDebuggerPlugin/XcodeGPUDebuggerPlugin.uplugin" 253
"../../../Engine/Plugins/Slate/SlateInsights/SlateInsights.uplugin" 254
"../../../Engine/Plugins/Developer/TraceSourceFiltering/TraceSourceFilters.uplugin" 255
"../../../Engine/Plugins/Editor/BlueprintMaterialTextureNodes/BlueprintMaterialTextureNodes.uplugin" 256
"../../../Engine/Plugins/Editor/ConsoleVariablesEditor/ConsoleVariables.uplugin" 257
"../../../Engine/Plugins/Slate/SlateScripting/SlateScripting.uplugin" 258
"../../../Engine/Plugins/Editor/ChangelistReview/ChangelistReview.uplugin" 259
"../../../Engine/Plugins/Editor/BlueprintHeaderView/BlueprintHeaderView.uplugin" 260
"../../../Engine/Plugins/Editor/CurveEditorTools/CurveEditorTools.uplugin" 261
"../../../Engine/Plugins/Editor/CryptoKeys/CryptoKeys.uplugin" 262
"../../../Engine/Plugins/Editor/EditorDebugTools/EditorDebugTools.uplugin" 263
"../../../Engine/Plugins/Editor/EngineAssetDefinitions/EngineAssetDefinitions.uplugin" 264
"../../../Engine/Plugins/Editor/EditorScriptingUtilities/EditorScriptingUtilities.uplugin" 265
"../../../Engine/Plugins/Editor/AssetSearch/AssetSearch.uplugin" 266
"../../../Engine/Plugins/Editor/DataValidation/DataValidation.uplugin" 267
"../../../Engine/Plugins/Editor/GLTFImporter/GLTFImporter.uplugin" 268
"../../../Engine/Plugins/Editor/FacialAnimation/FacialAnimation.uplugin" 269
"../../../Engine/Plugins/Editor/DisplayClusterLaunch/DisplayClusterLaunch.uplugin" 270
"../../../Engine/Plugins/Editor/MacGraphicsSwitching/MacGraphicsSwitching.uplugin" 271
"../../../Engine/Plugins/Editor/GeometryMode/GeometryMode.uplugin" 272
"../../../Engine/Plugins/Editor/GameplayTagsEditor/GameplayTagsEditor.uplugin" 273
"../../../Engine/Plugins/Editor/MaterialAnalyzer/MaterialAnalyzer.uplugin" 274
"../../../Engine/Plugins/Editor/MakeCookedEditorAsDLC/MakeCookedEditorAsDLC.uplugin" 275
"../../../Engine/Plugins/Editor/MobileLauncherProfileWizard/MobileLauncherProfileWizard.uplugin" 276
"../../../Engine/Plugins/Editor/PluginBrowser/PluginBrowser.uplugin" 277
"../../../Engine/Plugins/Editor/SequencerAnimTools/SequencerAnimTools.uplugin" 278
"../../../Engine/Plugins/Editor/LiveUpdateForSlate/LiveUpdateForSlate.uplugin" 279
"../../../Engine/Plugins/Editor/GuidedTutorials/GuidedTutorials.uplugin" 280
"../../../Engine/Plugins/Editor/ModelingToolsEditorMode/ModelingToolsEditorMode.uplugin" 281
"../../../Engine/Plugins/MovieScene/ActorSequence/ActorSequence.uplugin" 282
"../../../Engine/Plugins/Editor/StylusInput/StylusInput.uplugin" 283
"../../../Engine/Plugins/MovieScene/LevelSequenceEditor/LevelSequenceEditor.uplugin" 284
"../../../Engine/Plugins/Editor/WorldPartitionHLODUtilities/WorldPartitionHLODUtilities.uplugin" 285
"../../../Engine/Plugins/Editor/WaveformEditor/WaveformEditor.uplugin" 286
"../../../Engine/Plugins/MovieScene/MovieRenderPipeline/MovieRenderPipeline.uplugin" 287
"../../../Engine/Plugins/MovieScene/SequencerScripting/SequencerScripting.uplugin" 288
"../../../Engine/Plugins/Editor/SpeedTreeImporter/SpeedTreeImporter.uplugin" 289
"../../../Engine/Plugins/MovieScene/TemplateSequence/TemplateSequence.uplugin" 290
"../../../Engine/Plugins/MovieScene/ReplayTracks/ReplayTracks.uplugin" 291
"../../../Engine/Plugins/MovieScene/MoviePipelineMaskRenderPass/MoviePipelineMaskRenderPass.uplugin" 292
"../../../Engine/Plugins/VirtualProduction/CameraCalibrationCore/CameraCalibrationCore.uplugin" 293
"../../../Engine/Plugins/Messaging/MessagingDebugger/MessagingDebugger.uplugin" 294
"../../../Engine/Plugins/VirtualProduction/DataCharts/DataCharts.uplugin" 295
"../../../Engine/Plugins/MovieScene/CustomizableSequencerTracks/CustomizableSequencerTracks.uplugin" 296
"../../../Engine/Plugins/Messaging/TcpMessaging/TcpMessaging.uplugin" 297
"../../../Engine/Plugins/Messaging/UdpMessaging/UdpMessaging.uplugin" 298
"../../../Engine/Plugins/VirtualProduction/CompositePlane/CompositePlane.uplugin" 299
"../../../Engine/Plugins/VirtualProduction/ICVFX/ICVFX.uplugin" 300
"../../../Engine/Plugins/VirtualProduction/CameraCalibration/CameraCalibration.uplugin" 301
"../../../Engine/Plugins/VirtualProduction/LiveLinkCamera/LiveLinkCamera.uplugin" 302
"../../../Engine/Plugins/VirtualProduction/LiveLinkFreeD/LiveLinkFreeD.uplugin" 303
"../../../Engine/Plugins/VirtualProduction/EpicStageApp/EpicStageApp.uplugin" 304
"../../../Engine/Plugins/VirtualProduction/LevelSnapshots/LevelSnapshots.uplugin" 305
"../../../Engine/Plugins/VirtualProduction/LiveLinkLens/LiveLinkLens.uplugin" 306
"../../../Engine/Plugins/VirtualProduction/RemoteControlInterception/RemoteControlInterception.uplugin" 307
"../../../Engine/Plugins/VirtualProduction/LiveLinkPrestonMDR/LiveLinkPrestonMDR.uplugin" 308
"../../../Engine/Plugins/VirtualProduction/RemoteControlProtocolMIDI/RemoteControlProtocolMIDI.uplugin" 309
"../../../Engine/Plugins/VirtualProduction/LiveLinkMasterLockit/LiveLinkMasterLockit.uplugin" 310
"../../../Engine/Plugins/VirtualProduction/RemoteControlProtocolDMX/RemoteControlProtocolDMX.uplugin" 311
"../../../Engine/Plugins/VirtualProduction/LiveLinkVRPN/LiveLinkVRPN.uplugin" 312
"../../../Engine/Plugins/VirtualProduction/RemoteControlProtocolOSC/RemoteControlProtocolOSC.uplugin" 313
"../../../Engine/Plugins/VirtualProduction/LiveLinkXR/LiveLinkXR.uplugin" 314
"../../../Engine/Plugins/VirtualProduction/RemoteControlWebInterface/RemoteControlWebInterface.uplugin" 315
"../../../Engine/Plugins/VirtualProduction/MultiUserTakes/MultiUserTakes.uplugin" 316
"../../../Engine/Plugins/VirtualProduction/StageMonitoring/StageMonitoring.uplugin" 317
"../../../Engine/Plugins/VirtualProduction/SequencerPlaylists/SequencerPlaylists.uplugin" 318
"../../../Engine/Plugins/VirtualProduction/RemoteControl/RemoteControl.uplugin" 319
"../../../Engine/Plugins/Enterprise/AxFImporter/AxFImporter.uplugin" 320
"../../../Engine/Plugins/Portal/LauncherChunkInstaller/LauncherChunkInstaller.uplugin" 321
"../../../Engine/Plugins/Enterprise/DatasmithC4DImporter/DatasmithC4DImporter.uplugin" 322
"../../../Engine/Plugins/VirtualProduction/TimedDataMonitor/TimedDataMonitor.uplugin" 323
"../../../Engine/Plugins/Enterprise/DatasmithFBXImporter/DatasmithFBXImporter.uplugin" 324
"../../../Engine/Plugins/VirtualProduction/Switchboard/Switchboard.uplugin" 325
"../../../Engine/Plugins/Enterprise/DatasmithContent/DatasmithContent.uplugin" 326
"../../../Engine/Plugins/Enterprise/DatasmithGLTFImporter/DatasmithGLTFImporter.uplugin" 327
"../../../Engine/Plugins/Enterprise/DatasmithImporter/DatasmithImporter.uplugin" 328
"../../../Engine/Plugins/Enterprise/DatasmithCADImporter/DatasmithCADImporter.uplugin" 329
"../../../Engine/Plugins/VirtualProduction/Takes/Takes.uplugin" 330
"../../../Engine/Plugins/VirtualProduction/TextureShare/TextureShare.uplugin" 331
"../../../Engine/Plugins/Enterprise/DatasmithIFCImporter/DatasmithIFCImporter.uplugin" 332
"../../../Engine/Plugins/Enterprise/VariantManager/VariantManager.uplugin" 333
"../../../Engine/Plugins/Enterprise/DataprepEditor/DataprepEditor.uplugin" 334
"../../../Engine/Plugins/2D/Paper2D/Paper2D.uplugin" 335
"../../../Engine/Plugins/Enterprise/MDLImporter/MDLImporter.uplugin" 336
"../../../Engine/Plugins/Enterprise/GLTFExporter/GLTFExporter.uplugin" 337
"../../../Engine/Plugins/Importers/AlembicHairImporter/AlembicHairImporter.uplugin" 338
"../../../Engine/Plugins/Importers/AlembicImporter/AlembicImporter.uplugin" 339
"../../../Engine/Plugins/Runtime/ActorLayerUtilities/ActorLayerUtilities.uplugin" 340
"../../../Engine/Plugins/Importers/USDMultiUser/USDMultiUser.uplugin" 341
"../../../Engine/Plugins/Runtime/AndroidDeviceProfileSelector/AndroidDeviceProfileSelector.uplugin" 342
"../../../Engine/Plugins/Web/HttpBlueprint/HttpBlueprint.uplugin" 343
"../../../Engine/Plugins/Enterprise/LidarPointCloud/LidarPointCloud.uplugin" 344
"../../../Engine/Plugins/Runtime/AndroidBackgroundService/AndroidBackgroundService.uplugin" 345
"../../../Engine/Plugins/Importers/USDImporter/USDImporter.uplugin" 346
"../../../Engine/Plugins/Runtime/AnimationBudgetAllocator/AnimationBudgetAllocator.uplugin" 347
"../../../Engine/Plugins/Enterprise/VariantManagerContent/VariantManagerContent.uplugin" 348
"../../../Engine/Plugins/Runtime/AppleImageUtils/AppleImageUtils.uplugin" 349
"../../../Engine/Plugins/Runtime/AndroidFileServer/AndroidFileServer.uplugin" 350
"../../../Engine/Plugins/Runtime/ApexDestruction/ApexDestruction.uplugin" 351
"../../../Engine/Plugins/Runtime/AndroidMoviePlayer/AndroidMoviePlayer.uplugin" 352
"../../../Engine/Plugins/Runtime/ArchVisCharacter/ArchVisCharacter.uplugin" 353
"../../../Engine/Plugins/Runtime/AndroidPermission/AndroidPermission.uplugin" 354
"../../../Engine/Plugins/Runtime/AppleMoviePlayer/AppleMoviePlayer.uplugin" 355
"../../../Engine/Plugins/Runtime/AudioModulation/AudioModulation.uplugin" 356
"../../../Engine/Plugins/Runtime/AudioCapture/AudioCapture.uplugin" 357
"../../../Engine/Plugins/Runtime/AssetTags/AssetTags.uplugin" 358
"../../../Engine/Plugins/Runtime/CableComponent/CableComponent.uplugin" 359
"../../../Engine/Plugins/Runtime/CustomMeshComponent/CustomMeshComponent.uplugin" 360
"../../../Engine/Plugins/Runtime/AudioWidgets/AudioWidgets.uplugin" 361
"../../../Engine/Plugins/Runtime/AudioMotorSim/AudioMotorSim.uplugin" 362
"../../../Engine/Plugins/Runtime/ExampleDeviceProfileSelector/ExampleDeviceProfileSelector.uplugin" 363
"../../../Engine/Plugins/Runtime/ComputeFramework/ComputeFramework.uplugin" 364
"../../../Engine/Plugins/Runtime/ChunkDownloader/ChunkDownloader.uplugin" 365
"../../../Engine/Plugins/Runtime/GameplayAbilities/GameplayAbilities.uplugin" 366
"../../../Engine/Plugins/Runtime/Firebase/Firebase.uplugin" 367
"../../../Engine/Plugins/Runtime/GameplayBehaviorSmartObjects/GameplayBehaviorSmartObjects.uplugin" 368
"../../../Engine/Plugins/Runtime/AudioSynesthesia/AudioSynesthesia.uplugin" 369
"../../../Engine/Plugins/Runtime/GameplayStateTree/GameplayStateTree.uplugin" 370
"../../../Engine/Plugins/Runtime/GeometryCache/GeometryCache.uplugin" 371
"../../../Engine/Plugins/Runtime/DataRegistry/DataRegistry.uplugin" 372
"../../../Engine/Plugins/Runtime/GeometryProcessing/GeometryProcessing.uplugin" 373
"../../../Engine/Plugins/Runtime/GoogleCloudMessaging/GoogleCloudMessaging.uplugin" 374
"../../../Engine/Plugins/Runtime/HairStrands/HairStrands.uplugin" 375
"../../../Engine/Plugins/Runtime/HDRIBackdrop/HDRIBackdrop.uplugin" 376
"../../../Engine/Plugins/Runtime/GooglePAD/GooglePAD.uplugin" 377
"../../../Engine/Plugins/Runtime/HPMotionController/HPMotionController.uplugin" 378
"../../../Engine/Plugins/Runtime/InputDebugging/InputDebugging.uplugin" 379
"../../../Engine/Plugins/Runtime/GeoReferencing/GeoReferencing.uplugin" 380
"../../../Engine/Plugins/Runtime/HTTPChunkInstaller/HTTPChunkInstaller.uplugin" 381
"../../../Engine/Plugins/Runtime/LinuxDeviceProfileSelector/LinuxDeviceProfileSelector.uplugin" 382
"../../../Engine/Plugins/Runtime/IOSDeviceProfileSelector/IOSDeviceProfileSelector.uplugin" 383
"../../../Engine/Plugins/Runtime/GameplayInteractions/GameplayInteractions.uplugin" 384
"../../../Engine/Plugins/Runtime/IOSReplayKit/IOSReplayKit.uplugin" 385
"../../../Engine/Plugins/Runtime/MassEntity/MassEntity.uplugin" 386
"../../../Engine/Plugins/Runtime/LiveLinkOvernDisplay/LiveLinkOverNDisplay.uplugin" 387
"../../../Engine/Plugins/Runtime/MassGameplay/MassGameplay.uplugin" 388
"../../../Engine/Plugins/Runtime/MeshModelingToolset/MeshModelingToolset.uplugin" 389
"../../../Engine/Plugins/Runtime/MIDIDevice/MIDIDevice.uplugin" 390
"../../../Engine/Plugins/Runtime/LocationServicesIOSImpl/LocationServicesIOSImpl.uplugin" 391
"../../../Engine/Plugins/Runtime/MixedRealityCaptureFramework/MixedRealityCaptureFramework.uplugin" 392
"../../../Engine/Plugins/Runtime/LocationServicesBPLibrary/LocationServicesBPLibrary.uplugin" 393
"../../../Engine/Plugins/Runtime/MobileFSR/MobileFSR.uplugin" 394
"../../../Engine/Plugins/Runtime/LocationServicesAndroidImpl/LocationServicesAndroidImpl.uplugin" 395
"../../../Engine/Plugins/Runtime/Metasound/Metasound.uplugin" 396
"../../../Engine/Plugins/Runtime/MicrosoftSpatialAudio/MicroSoftSpatialSound.uplugin" 397
"../../../Engine/Plugins/Runtime/MobilePatchingUtils/MobilePatchingUtils.uplugin" 398
"../../../Engine/Plugins/Runtime/ModelViewViewModel/ModelViewViewModel.uplugin" 399
"../../../Engine/Plugins/Runtime/NavCorridor/NavCorridor.uplugin" 400
"../../../Engine/Plugins/Runtime/nDisplay/nDisplay.uplugin" 401
"../../../Engine/Plugins/Runtime/nDisplayModularFeatures/nDisplayModularFeatures.uplugin" 402
"../../../Engine/Plugins/Runtime/OpenXR/OpenXR.uplugin" 403
"../../../Engine/Plugins/Runtime/NetworkPredictionInsights/NetworkPredictionInsights.uplugin" 404
"../../../Engine/Plugins/Runtime/OpenCV/OpenCV.uplugin" 405
"../../../Engine/Plugins/Runtime/NetworkPrediction/NetworkPrediction.uplugin" 406
"../../../Engine/Plugins/Runtime/OpenXREyeTracker/OpenXREyeTracker.uplugin" 407
"../../../Engine/Plugins/Runtime/OpenXRViveTracker/OpenXRViveTracker.uplugin" 408
"../../../Engine/Plugins/Runtime/OpenXRMsftHandInteraction/OpenXRMsftHandInteraction.uplugin" 409
"../../../Engine/Plugins/Runtime/NetworkPredictionExtras/NetworkPredictionExtras.uplugin" 410
"../../../Engine/Plugins/Runtime/OptionalMobileFeaturesBPLibrary/OptionalMobileFeaturesBPLibrary.uplugin" 411
"../../../Engine/Plugins/Runtime/OpenXRHandTracking/OpenXRHandTracking.uplugin" 412
"../../../Engine/Plugins/Runtime/OSCModulationMixing/OSCModulationMixing.uplugin" 413
"../../../Engine/Plugins/Runtime/ProceduralMeshComponent/ProceduralMeshComponent.uplugin" 414
"../../../Engine/Plugins/Runtime/OSC/OSC.uplugin" 415
"../../../Engine/Plugins/Runtime/RenderTrace/RenderTrace.uplugin" 416
"../../../Engine/Plugins/Runtime/PropertyAccess/PropertyAccessEditor.uplugin" 417
"../../../Engine/Plugins/Runtime/PreLoadScreenMoviePlayer/PreLoadScreenMoviePlayer.uplugin" 418
"../../../Engine/Plugins/Runtime/ReplicationGraph/ReplicationGraph.uplugin" 419
"../../../Engine/Plugins/Runtime/ReplicationSystemTestPlugin/ReplicationSystemTestPlugin.uplugin" 420
"../../../Engine/Plugins/Runtime/SkeletalMerging/SkeletalMerging.uplugin" 421
"../../../Engine/Plugins/Runtime/SmartObjects/SmartObjects.uplugin" 422
"../../../Engine/Plugins/Runtime/SoundUtilities/SoundUtilities.uplugin" 423
"../../../Engine/Plugins/Runtime/StateTree/StateTree.uplugin" 424
"../../../Engine/Plugins/Runtime/ResonanceAudio/ResonanceAudio.uplugin" 425
"../../../Engine/Plugins/Runtime/Synthesis/Synthesis.uplugin" 426
"../../../Engine/Plugins/Runtime/WebBrowserNativeProxy/WebBrowserNativeProxy.uplugin" 427
"../../../Engine/Plugins/Runtime/SoundFields/SoundFields.uplugin" 428
"../../../Engine/Plugins/Runtime/Spatialization/Spatialization.uplugin" 429
"../../../Engine/Plugins/Runtime/Soundscape/Soundscape.uplugin" 430
"../../../Engine/Plugins/Runtime/SignificanceManager/SignificanceManager.uplugin" 431
"../../../Engine/Plugins/Runtime/SoundCueTemplates/SoundCueTemplates.uplugin" 432
"../../../Engine/Plugins/Runtime/WebBrowserWidget/WebBrowserWidget.uplugin" 433
"../../../Engine/Plugins/Runtime/SoundMod/SoundMod.uplugin" 434
"../../../Engine/Plugins/Runtime/WarpUtils/WarpUtils.uplugin" 435
"../../../Engine/Plugins/Runtime/WindowsMoviePlayer/WindowsMoviePlayer.uplugin" 436
"../../../Engine/Plugins/Runtime/WaveTable/WaveTable.uplugin" 437
"../../../Engine/Plugins/Runtime/SunPosition/SunPosition.uplugin" 438
"../../../Engine/Plugins/Runtime/ZoneGraph/ZoneGraph.uplugin" 439
"../../../Engine/Plugins/Runtime/WindowsDeviceProfileSelector/WindowsDeviceProfileSelector.uplugin" 440
"../../../Engine/Plugins/Experimental/VirtualProduction/VPRoles/VPRoles.uplugin" 441
"../../../Engine/Plugins/Runtime/ZoneGraphAnnotations/ZoneGraphAnnotations.uplugin" 442
"../../../Engine/Plugins/Online/Android/AndroidFetchBackgroundDownload/AndroidFetchBackgroundDownload.uplugin" 443
"../../../Engine/Plugins/Runtime/AR/AzureSpatialAnchors/AzureSpatialAnchors.uplugin" 444
"../../../Engine/Plugins/Experimental/VirtualProduction/VPSettings/VPSettings.uplugin" 445
"../../../Engine/Plugins/Runtime/WebMMoviePlayer/WebMMoviePlayer.uplugin" 446
"../../../Engine/Plugins/Experimental/AR/PointCloud/PointCloud.uplugin" 447
"../../../Engine/Plugins/Experimental/AVCodecs/AMFCodecs/AMFCodecs.uplugin" 448
"../../../Engine/Plugins/Runtime/WorldConditions/WorldConditions.uplugin" 449
"../../../Engine/Plugins/Experimental/VirtualProduction/LedWallCalibration/LedWallCalibration.uplugin" 450
"../../../Engine/Plugins/Runtime/AR/AzureSpatialAnchorsForARCore/AzureSpatialAnchorsForARCore.uplugin" 451
"../../../Engine/Plugins/Runtime/AR/ARUtilities/ARUtilities.uplugin" 452
"../../../Engine/Plugins/Online/Android/OnlineSubsystemGooglePlay/OnlineSubsystemGooglePlay.uplugin" 453
"../../../Engine/Plugins/Runtime/AR/AzureSpatialAnchorsForARKit/AzureSpatialAnchorsForARKit.uplugin" 454
"../../../Engine/Plugins/Experimental/AVCodecs/AVCodecsCore/AVCodecsCore.uplugin" 455
"../../../Engine/Plugins/Experimental/AVCodecs/NVCodecs/NVCodecs.uplugin" 456
"../../../Engine/Plugins/VirtualProduction/DMX/DatasmithMVR/DatasmithMVR.uplugin" 457
"../../../Engine/Plugins/Experimental/AVCodecs/WMFCodecs/WMFCodecs.uplugin" 458
"../../../Engine/Plugins/Experimental/CharacterFXEditor/BaseCharacterFXEditor/BaseCharacterFXEditor.uplugin" 459
"../../../Engine/Plugins/VirtualProduction/DMX/DMXControlConsole/DMXControlConsole.uplugin" 460
"../../../Engine/Plugins/Experimental/CharacterFXEditor/ExampleCharacterFXEditor/ExampleCharacterFXEditor.uplugin" 461
"../../../Engine/Plugins/VirtualProduction/DMX/DMXDisplayCluster/DMXDisplayCluster.uplugin" 462
"../../../Engine/Plugins/VirtualProduction/DMX/DMXEngine/DMXEngine.uplugin" 463
"../../../Engine/Plugins/VirtualProduction/DMX/DMXProtocol/DMXProtocol.uplugin" 464
"../../../Engine/Plugins/VirtualProduction/DMX/DMXPixelMapping/DMXPixelMapping.uplugin" 465
"../../../Engine/Plugins/VirtualProduction/DMX/DMXModularFeatures/DMXModularFeatures.uplugin" 466
"../../../Engine/Plugins/Animation/MLDeformer/NearestNeighborModel/NearestNeighborModel.uplugin" 467
"../../../Engine/Plugins/VirtualProduction/DMX/DMXFixtures/DMXFixtures.uplugin" 468
"../../../Engine/Plugins/Animation/MLDeformer/NeuralMorphModel/NeuralMorphModel.uplugin" 469
"../../../Engine/Plugins/Animation/MLDeformer/VertexDeltaModel/VertexDeltaModel.uplugin" 470
"../../../Engine/Plugins/Editor/ObjectMixer/LightMixer/LightMixer.uplugin" 471
"../../../Engine/Plugins/Animation/MLDeformer/MLDeformerFramework/MLDeformerFramework.uplugin" 472
"../../../Engine/Plugins/VirtualProduction/Rivermax/RivermaxCore/RivermaxCore.uplugin" 473
"../../../Engine/Plugins/VirtualProduction/Rivermax/RivermaxMedia/RivermaxMedia.uplugin" 474
"../../../Engine/Plugins/Editor/ObjectMixer/ObjectMixer/ObjectMixer.uplugin" 475
"../../../Engine/Plugins/Runtime/Nvidia/Reflex/Reflex.uplugin" 476
"../../../Engine/Plugins/Runtime/Nvidia/GeForceNOWWrapper/GeForceNOWWrapper.uplugin" 477
"../../../Engine/Plugins/Runtime/MeshReconstruction/DummyMeshReconstructor/DummyMeshReconstructor.uplugin" 478
"../../../Engine/Plugins/Runtime/Database/ADOSupport/ADOSupport.uplugin" 479
"../../../Engine/Plugins/Runtime/Database/RemoteDatabaseSupport/RemoteDatabaseSupport.uplugin" 480
"../../../Engine/Plugins/Runtime/Database/SQLiteCore/SQLiteCore.uplugin" 481
"../../../Engine/Plugins/Runtime/Database/DatabaseSupport/DatabaseSupport.uplugin" 482
"../../../Engine/Plugins/Online/IOS/OnlineSubsystemIOS/OnlineSubsystemIOS.uplugin" 483
"../../../Engine/Plugins/Developer/Concert/ConcertMain/ConcertMain.uplugin" 484
"../../../Engine/Plugins/Experimental/Web/WebAPI/WebAPI.uplugin" 485
"../../../Engine/Plugins/Editor/ContentBrowser/ContentBrowserClassDataSource/ContentBrowserClassDataSource.uplugin" 486
"../../../Engine/Plugins/Editor/ContentBrowser/ContentBrowserAssetDataSource/ContentBrowserAssetDataSource.uplugin" 487
"../../../Engine/Plugins/Runtime/Windows/WinDualShock/WinDualShock.uplugin" 488
"../../../Engine/Plugins/Runtime/Steam/SteamController/SteamController.uplugin" 489
"../../../Engine/Plugins/Online/VoiceChat/VoiceChat/VoiceChat.uplugin" 490
"../../../Engine/Plugins/Runtime/Advertising/IOSTapJoy/IOSTapJoy.uplugin" 491
"../../../Engine/Plugins/Online/VoiceChat/EOSVoiceChat/EOSVoiceChat.uplugin" 492
"../../../Engine/Plugins/Editor/ContentBrowser/ContentBrowserFileDataSource/ContentBrowserFileDataSource.uplugin" 493
"../../../Engine/Plugins/Runtime/Steam/SteamShared/SteamShared.uplugin" 494
"../../../Engine/Plugins/Runtime/Database/SQLiteSupport/SQLiteSupport.uplugin" 495
"../../../Engine/Plugins/Editor/ContentBrowser/ContentBrowserAliasDataSoure/ContentBrowserAliasDataSource.uplugin" 496
"../../../Engine/Plugins/Runtime/Steam/SteamAudio/SteamAudio.uplugin" 497
"../../../Engine/Plugins/Runtime/Steam/SteamSockets/SteamSockets.uplugin" 498
"../../../Engine/Plugins/Runtime/PacketHandlers/AESHandlerComponent/AESHandlerComponent.uplugin" 499
"../../../Engine/Plugins/Runtime/Analytics/AnalyticsBlueprintLibrary/AnalyticsBlueprintLibrary.uplugin" 500
"../../../Engine/Plugins/Runtime/PacketHandlers/AESGCMHandlerComponent/AESGCMHandlerComponent.uplugin" 501
"../../../Engine/Plugins/Runtime/Analytics/AnalyticsMulticast/AnalyticsMulticast.uplugin" 502
"../../../Engine/Plugins/Experimental/Animation/Optimus/Optimus.uplugin" 503
"../../../Engine/Plugins/Runtime/Analytics/Adjust/Adjust.uplugin" 504
"../../../Engine/Plugins/Experimental/Animation/MotionTrajectory/MotionTrajectory.uplugin" 505
"../../../Engine/Plugins/Runtime/PacketHandlers/DTLSHandlerComponent/DTLSHandlerComponent.uplugin" 506
"../../../Engine/Plugins/Experimental/Animation/ContextualAnimation/ContextualAnimation.uplugin" 507
"../../../Engine/Plugins/Runtime/XR/XRVisualization/XRVisualization.uplugin" 508
"../../../Engine/Plugins/Runtime/Analytics/Flurry/Flurry.uplugin" 509
"../../../Engine/Plugins/Runtime/Steam/SteamVR/SteamVR.uplugin" 510
"../../../Engine/Plugins/Experimental/Animation/CurveExpression/CurveExpression.uplugin" 511
"../../../Engine/Plugins/Runtime/Analytics/FileLogging/FileLogging.uplugin" 512
"../../../Engine/Plugins/Experimental/Animation/PoseSearch/PoseSearch.uplugin" 513
"../../../Engine/Plugins/Experimental/Animation/SkeletalMeshModelingTools/SkeletalMeshModelingTools.uplugin" 514
"../../../Engine/Plugins/Runtime/Oculus/OculusVR/OculusVR.uplugin" 515
"../../../Engine/Plugins/Experimental/Enterprise/DatasmithInterchange/DatasmithInterchange.uplugin" 516
"../../../Engine/Plugins/Experimental/Animation/PoseCorrectives/PoseCorrectives.uplugin" 517
"../../../Engine/Plugins/Developer/Concert/ConcertUI/ConcertClientSharedSlate/ConcertClientSharedSlate.uplugin" 518
"../../../Engine/Plugins/Experimental/Enterprise/DatasmithRuntime/DatasmithRuntime.uplugin" 519
"../../../Engine/Plugins/Experimental/Enterprise/DataprepGeometryOperations/DataprepGeometryOperations.uplugin" 520
"../../../Engine/Plugins/Developer/Concert/ConcertSync/ConcertSyncClient/ConcertSyncClient.uplugin" 521
"../../../Engine/Plugins/Developer/Concert/ConcertUI/ConcertSharedSlate/ConcertSharedSlate.uplugin" 522
"../../../Engine/Plugins/Developer/Concert/ConcertSync/ConcertSyncCore/ConcertSyncCore.uplugin" 523
"../../../Engine/Plugins/Developer/Concert/ConcertSync/ConcertSyncServer/ConcertSyncServer.uplugin" 524
"../../../Engine/Plugins/Developer/Concert/ConcertSync/ConcertSyncTest/ConcertSyncTest.uplugin" 525
"../../../Engine/Plugins/Runtime/Oculus/OculusAudio/OculusAudio.uplugin" 526
"../../../Engine/Plugins/Developer/Concert/ConcertApp/DisasterRecoveryClient/DisasterRecoveryClient.uplugin" 527
"../../../Engine/Plugins/Developer/Concert/ConcertApp/MultiUserServer/MultiUserServer.uplugin" 528
"../../../Engine/Plugins/Runtime/AR/Google/GoogleARCoreServices/GoogleARCoreServices.uplugin" 529
"../../../Engine/Plugins/Runtime/AR/AppleAR/AppleARKitFaceSupport/AppleARKitFaceSupport.uplugin" 530
"../../../Engine/Plugins/Runtime/AR/Google/GoogleARCore/GoogleARCore.uplugin" 531
"../../../Engine/Plugins/Runtime/AR/AppleAR/AppleARKit/AppleARKit.uplugin" 532
"../../../Engine/Plugins/Developer/Concert/ConcertApp/MultiUserClient/MultiUserClient.uplugin" 533
"../../../Engine/Platforms/HoloLens/Plugins/Runtime/OpenXRMsftHandInteraction/OpenXRMsftHandInteraction_HoloLens.uplugin" 534
"../../../Engine/Platforms/HoloLens/Plugins/Runtime/OpenXR/OpenXR_HoloLens.uplugin" 535
"../../../Engine/Platforms/HoloLens/Plugins/Media/MfMedia/MfMedia_HoloLens.uplugin" 536
"../../../Engine/Platforms/HoloLens/Plugins/Media/HLMedia/HLMedia_HoloLens.uplugin" 537
"../../../Engine/Platforms/HoloLens/Plugins/Runtime/OpenXRHandTracking/OpenXRHandTracking_HoloLens.uplugin" 538
"../../../Engine/Platforms/HoloLens/Plugins/Compression/OodleNetwork/OodleNetwork_HoloLens.uplugin" 539
"../../../Engine/Platforms/HoloLens/Plugins/Online/OnlineServicesEOS/OnlineServicesEOS_HoloLens.uplugin" 540
"../../../Engine/Platforms/HoloLens/Plugins/Runtime/MicrosoftSpatialAudio/MicroSoftSpatialSound_HoloLens.uplugin" 541
"../../../Engine/Platforms/HoloLens/Plugins/Online/OnlineServicesEOSGS/OnlineServicesEOSGS_HoloLens.uplugin" 542
"../../../Engine/Platforms/HoloLens/Plugins/Runtime/ApexDestruction/ApexDestruction_HoloLens.uplugin" 543
"../../../Engine/Platforms/HoloLens/Plugins/Runtime/OpenXREyeTracker/OpenXREyeTracker_HoloLens.uplugin" 544
"../../../Engine/Platforms/HoloLens/Plugins/Media/BinkMedia/BinkMedia_HoloLens.uplugin" 545
"../../../Engine/Platforms/HoloLens/Plugins/Runtime/GeoReferencing/GeoReferencing_HoloLens.uplugin" 546
"../../../Engine/Platforms/HoloLens/Plugins/Runtime/AR/AzureSpatialAnchors/AzureSpatialAnchors_HoloLens.uplugin" 547
"../../../Engine/Content/Internationalization/icudt64l/cnvalias.icu" 548
"../../../Engine/Content/Internationalization/icudt64l/res_index.res" 549
"../../../Engine/Content/Internationalization/icudt64l/plurals.res" 550
"../../../Engine/Content/Internationalization/icudt64l/lang/ko.res" 551
"../../../Engine/Content/Internationalization/icudt64l/lang/pool.res" 552
"../../../Engine/Content/Internationalization/icudt64l/lang/root.res" 553
"../../../Engine/Content/Internationalization/icudt64l/region/ko.res" 554
"../../../Engine/Content/Internationalization/icudt64l/region/pool.res" 555
"../../../Engine/Content/Internationalization/icudt64l/region/root.res" 556
"../../../Engine/Content/Internationalization/icudt64l/lang/en.res" 557
"../../../Engine/Content/Internationalization/icudt64l/region/en.res" 558
"../../../Engine/Content/Internationalization/icudt64l/windowsZones.res" 559
"../../../Engine/Content/Internationalization/icudt64l/zoneinfo64.res" 560
"../../../Engine/Content/Internationalization/icudt64l/keyTypeData.res" 561
"../../../Engine/Content/Internationalization/icudt64l/timezoneTypes.res" 562
"../../../Engine/Content/Internationalization/icudt64l/likelySubtags.res" 563
"../../../Engine/Content/Internationalization/icudt64l/ko_KR.res" 564
"../../../Engine/Content/Internationalization/icudt64l/pool.res" 565
"../../../Engine/Content/Internationalization/icudt64l/ko.res" 566
"../../../Engine/Content/Internationalization/icudt64l/root.res" 567
"../../../Engine/Content/Internationalization/icudt64l/supplementalData.res" 568
"../../../Engine/Config/ConfigRedirects.ini" 569
"../../../Engine/Saved/Config/WindowsEditor/Manifest.ini" 570
"../../../Engine/Config/Base.ini" 571
"../../../Engine/Config/BaseEngine.ini" 572
"../../../Engine/Config/Mac/BaseMacEngine.ini" 573
"../../../Engine/Config/Android/BaseAndroidEngine.ini" 574
"../../../Engine/Config/Linux/BaseLinuxEngine.ini" 575
"../../../Engine/Config/Windows/BaseWindowsEngine.ini" 576
"../../../Engine/Config/IOS/BaseIOSEngine.ini" 577
"../../../../Unreal/LostWaves/Config/DefaultEngine.ini" 578
"../../../Engine/Platforms/HoloLens/Config/BaseHoloLensEngine.ini" 579
"../../../Engine/Config/LinuxArm64/BaseLinuxArm64Engine.ini" 580
"../../../Engine/Config/Mac/MacEngine.ini" 581
"../../../Engine/Config/Android/AndroidEngine.ini" 582
"../../../Engine/Config/HoloLens/HoloLensEngine.ini" 583
"../../../Engine/Config/IOS/IOSEngine.ini" 584
"../../../Engine/Config/Unix/UnixEngine.ini" 585
"../../../Engine/Config/Windows/WindowsEngine.ini" 586
"../../../../Unreal/LostWaves/Platforms/HoloLens/Config/HoloLensEngine.ini" 587
"../../../Engine/Config/TVOS/TVOSEngine.ini" 588
"../../../Engine/Config/Linux/LinuxEngine.ini" 589
"../../../Engine/Config/LinuxArm64/LinuxArm64Engine.ini" 590
"../../../Engine/Config/BaseGame.ini" 591
"../../../Engine/Config/Android/BaseAndroidGame.ini" 592
"../../../../Unreal/LostWaves/Config/DefaultGame.ini" 593
"D:/Unreal/LostWaves/Saved/Config/WindowsEditor/Engine.ini" 594
"../../../Engine/Config/IOS/BaseIOSGame.ini" 595
"../../../Engine/Config/Mac/MacGame.ini" 596
"../../../Engine/Config/BaseInput.ini" 597
"../../../Engine/Config/HoloLens/HoloLensGame.ini" 598
"../../../Engine/Config/IOS/IOSGame.ini" 599
"../../../Engine/Config/Windows/WindowsGame.ini" 600
"../../../../Unreal/LostWaves/Config/DefaultInput.ini" 601
"../../../Engine/Config/Linux/LinuxGame.ini" 602
"D:/Unreal/LostWaves/Saved/Config/WindowsEditor/Game.ini" 603
"../../../Engine/Config/BaseDeviceProfiles.ini" 604
"../../../Engine/Config/Windows/WindowsInput.ini" 605
"D:/Unreal/LostWaves/Saved/Config/WindowsEditor/Input.ini" 606
"../../../Engine/Config/BaseGameUserSettings.ini" 607
"../../../Engine/Config/BaseScalability.ini" 608
"D:/Unreal/LostWaves/Saved/Config/WindowsEditor/DeviceProfiles.ini" 609
"../../../Engine/Config/Android/AndroidScalability.ini" 610
"../../../Engine/Config/IOS/IOSScalability.ini" 611
"../../../Engine/Config/BaseRuntimeOptions.ini" 612
"../../../Engine/Config/BaseInstallBundle.ini" 613
"D:/Unreal/LostWaves/Saved/Config/WindowsEditor/GameUserSettings.ini" 614
"../../../Engine/Config/Android/BaseAndroidInstallBundle.ini" 615
"../../../Engine/Config/BaseHardware.ini" 616
"D:/Unreal/LostWaves/Saved/Config/WindowsEditor/Scalability.ini" 617
"D:/Unreal/LostWaves/Saved/Config/WindowsEditor/RuntimeOptions.ini" 618
"D:/Unreal/LostWaves/Saved/Config/WindowsEditor/InstallBundle.ini" 619
"D:/Unreal/LostWaves/Saved/Config/WindowsEditor/Hardware.ini" 620
"../../../Engine/Config/BaseCompat.ini" 621
"D:/Unreal/LostWaves/Saved/Config/WindowsEditor/Compat.ini" 622
"../../../Engine/Config/BaseLightmass.ini" 623
"D:/Unreal/LostWaves/Saved/Config/WindowsEditor/Lightmass.ini" 624
"../../../Engine/Config/BaseEditor.ini" 625
"../../../../Unreal/LostWaves/Config/DefaultEditor.ini" 626
"D:/Unreal/LostWaves/Saved/Config/WindowsEditor/Editor.ini" 627
"../../../Engine/Config/BaseEditorPerProjectUserSettings.ini" 628
"../../../../Unreal/LostWaves/Config/DefaultEditorPerProjectUserSettings.ini" 629
"../../../Engine/Config/Windows/WindowsEditorPerProjectUserSettings.ini" 630
"D:/Unreal/LostWaves/Saved/Config/WindowsEditor/EditorPerProjectUserSettings.ini" 631
"../../../Engine/Config/BaseEditorSettings.ini" 632
"../../../Engine/Saved/Config/WindowsEditor/EditorSettings.ini" 633
"../../../Engine/Config/BaseEditorKeyBindings.ini" 634
"../../../Engine/Saved/Config/WindowsEditor/EditorKeyBindings.ini" 635
"../../../Engine/Saved/Config/WindowsEditor/EditorLayout.ini" 636
"../../../../Unreal/LostWaves/Binaries/Win64/LostWavesEditor-Win64-DebugGame.target" 637
"../../../Engine/Plugins/Bridge/Config/BaseBridge.ini" 638
"D:/Unreal/LostWaves/Saved/Config/WindowsEditor/Bridge.ini" 639
"../../../Engine/Plugins/EnhancedInput/Config/BaseEnhancedInput.ini" 640
"D:/Unreal/LostWaves/Saved/Config/WindowsEditor/EnhancedInput.ini" 641
"../../../Engine/Plugins/EnhancedInput/Config/Input.ini" 642
"../../../Engine/Plugins/TraceUtilities/Config/BaseTraceUtilities.ini" 643
"D:/Unreal/LostWaves/Saved/Config/WindowsEditor/TraceUtilities.ini" 644
"../../../Engine/Plugins/Animation/ControlRig/Config/BaseControlRig.ini" 645
"D:/Unreal/LostWaves/Saved/Config/WindowsEditor/ControlRig.ini" 646
"../../../Engine/Plugins/Animation/IKRig/Config/BaseIKRig.ini" 647
"D:/Unreal/LostWaves/Saved/Config/WindowsEditor/IKRig.ini" 648
"../../../Engine/Plugins/FX/Niagara/Config/BaseNiagara.ini" 649
"D:/Unreal/LostWaves/Saved/Config/WindowsEditor/Niagara.ini" 650
"../../../Engine/Plugins/Experimental/FullBodyIK/Config/BaseFullBodyIK.ini" 651
"D:/Unreal/LostWaves/Saved/Config/WindowsEditor/FullBodyIK.ini" 652
"../../../Engine/Plugins/Interchange/Runtime/Config/BaseInterchange.ini" 653
"D:/Unreal/LostWaves/Saved/Config/WindowsEditor/Interchange.ini" 654
"../../../Engine/Plugins/Developer/TraceDataFiltering/Config/BaseTraceDataFilters.ini" 655
"D:/Unreal/LostWaves/Saved/Config/WindowsEditor/TraceDataFilters.ini" 656
"../../../Engine/Plugins/Editor/EditorScriptingUtilities/Config/BaseEditorScriptingUtilities.ini" 657
"D:/Unreal/LostWaves/Saved/Config/WindowsEditor/EditorScriptingUtilities.ini" 658
"../../../Engine/Plugins/Enterprise/DatasmithContent/Config/BaseDatasmithContent.ini" 659
"D:/Unreal/LostWaves/Saved/Config/WindowsEditor/DatasmithContent.ini" 660
"../../../Engine/Plugins/Enterprise/GLTFExporter/Config/BaseGLTFExporter.ini" 661
"../../../Engine/Plugins/Enterprise/GLTFExporter/Config/DefaultGLTFExporter.ini" 662
"D:/Unreal/LostWaves/Saved/Config/WindowsEditor/GLTFExporter.ini" 663
"../../../Engine/Plugins/Enterprise/VariantManagerContent/Config/BaseVariantManagerContent.ini" 664
"D:/Unreal/LostWaves/Saved/Config/WindowsEditor/VariantManagerContent.ini" 665
"../../../Engine/Plugins/2D/Paper2D/Config/BasePaper2D.ini" 666
"D:/Unreal/LostWaves/Saved/Config/WindowsEditor/Paper2D.ini" 667
"../../../Engine/Plugins/Runtime/InputDebugging/Config/Input.ini" 668
"../../../Engine/Plugins/Runtime/Metasound/Config/BaseMetasound.ini" 669
"D:/Unreal/LostWaves/Saved/Config/WindowsEditor/Metasound.ini" 670
"../../../Engine/Plugins/Runtime/Synthesis/Config/BaseSynthesis.ini" 671
"D:/Unreal/LostWaves/Saved/Config/WindowsEditor/Synthesis.ini" 672
"../../../Engine/Plugins/Editor/ModelingToolsEditorMode/Binaries/Win64/UnrealEditor.modules" 673
"../../../Engine/Plugins/Runtime/MeshModelingToolset/Binaries/Win64/UnrealEditor.modules" 674
"../../../Engine/Plugins/Experimental/MeshModelingToolsetExp/Binaries/Win64/UnrealEditor.modules" 675
"../../../Engine/Plugins/Experimental/MeshLODToolset/Binaries/Win64/UnrealEditor.modules" 676
"../../../Engine/Plugins/Editor/StylusInput/Binaries/Win64/UnrealEditor.modules" 677
"../../../Engine/Plugins/Experimental/ToolPresets/Binaries/Win64/UnrealEditor.modules" 678
"../../../Engine/Plugins/Runtime/GeometryProcessing/Binaries/Win64/UnrealEditor.modules" 679
"../../../Engine/Plugins/Experimental/ProxyLODPlugin/Binaries/Win64/UnrealEditor.modules" 680
"../../../Engine/Plugins/Experimental/GeometryFlow/Binaries/Win64/UnrealEditor.modules" 681
"../../../Engine/Plugins/Editor/EditorScriptingUtilities/Binaries/Win64/UnrealEditor.modules" 682
"../../../Engine/Plugins/Bridge/Binaries/Win64/UnrealEditor.modules" 683
"../../../Engine/Plugins/FastBuildController/Binaries/Win64/UnrealEditor.modules" 684
"../../../Engine/Plugins/EnhancedInput/Binaries/Win64/UnrealEditor.modules" 685
"../../../Engine/Plugins/MeshPainting/Binaries/Win64/UnrealEditor.modules" 686
"../../../Engine/Plugins/Interchange/Editor/Binaries/Win64/UnrealEditor.modules" 687
"../../../Engine/Plugins/Interchange/Runtime/Binaries/Win64/UnrealEditor.modules" 688
"../../../Engine/Plugins/Editor/GLTFImporter/Binaries/Win64/UnrealEditor.modules" 689
"../../../Engine/Plugins/Enterprise/VariantManagerContent/Binaries/Win64/UnrealEditor.modules" 690
"../../../Engine/Plugins/Enterprise/VariantManager/Binaries/Win64/UnrealEditor.modules" 691
"../../../Engine/Plugins/TraceUtilities/Binaries/Win64/UnrealEditor.modules" 692
"../../../Engine/Plugins/XGEController/Binaries/Win64/UnrealEditor.modules" 693
"../../../Engine/Plugins/AI/AISupport/Binaries/Win64/UnrealEditor.modules" 694
"../../../Engine/Plugins/Animation/AnimationData/Binaries/Win64/UnrealEditor.modules" 695
"../../../Engine/Plugins/Animation/ControlRig/Binaries/Win64/UnrealEditor.modules" 696
"../../../Engine/Plugins/Experimental/PythonScriptPlugin/Binaries/Win64/UnrealEditor.modules" 697
"../../../Engine/Plugins/MovieScene/LevelSequenceEditor/Binaries/Win64/UnrealEditor.modules" 698
"../../../Engine/Plugins/Runtime/PropertyAccess/Binaries/Win64/UnrealEditor.modules" 699
"../../../Engine/Plugins/MovieScene/SequencerScripting/Binaries/Win64/UnrealEditor.modules" 700
"../../../Engine/Plugins/Editor/ContentBrowser/ContentBrowserFileDataSource/Binaries/Win64/UnrealEditor.modules" 701
"../../../Engine/Plugins/AI/EnvironmentQueryEditor/Binaries/Win64/UnrealEditor.modules" 702
"../../../Engine/Plugins/Animation/BlendSpaceMotionAnalysis/Binaries/Win64/UnrealEditor.modules" 703
"../../../Engine/Plugins/Animation/AnimationModifierLibrary/Binaries/Win64/UnrealEditor.modules" 704
"../../../Engine/Plugins/Animation/ControlRigSpline/Binaries/Win64/UnrealEditor.modules" 705
"../../../Engine/Plugins/Animation/IKRig/Binaries/Win64/UnrealEditor.modules" 706
"../../../Engine/Plugins/Experimental/FullBodyIK/Binaries/Win64/UnrealEditor.modules" 707
"../../../Engine/Plugins/FX/Niagara/Binaries/Win64/UnrealEditor.modules" 708
"../../../Engine/Plugins/Online/OnlineBase/Binaries/Win64/UnrealEditor.modules" 709
"../../../Engine/Plugins/Online/OnlineSubsystem/Binaries/Win64/UnrealEditor.modules" 710
"../../../Engine/Plugins/Online/OnlineSubsystemNull/Binaries/Win64/UnrealEditor.modules" 711
"../../../Engine/Plugins/Online/OnlineSubsystemUtils/Binaries/Win64/UnrealEditor.modules" 712
"../../../Engine/Plugins/Online/OnlineServices/Binaries/Win64/UnrealEditor.modules" 713
"../../../Engine/Plugins/Experimental/AutomationUtils/Binaries/Win64/UnrealEditor.modules" 714
"../../../Engine/Plugins/Experimental/BackChannel/Binaries/Win64/UnrealEditor.modules" 715
"../../../Engine/Plugins/Experimental/ChaosCloth/Binaries/Win64/UnrealEditor.modules" 716
"../../../Engine/Plugins/Experimental/ChaosCaching/Binaries/Win64/UnrealEditor.modules" 717
"../../../Engine/Plugins/VirtualProduction/Takes/Binaries/Win64/UnrealEditor.modules" 718
"../../../Engine/Plugins/Experimental/ChaosClothEditor/Binaries/Win64/UnrealEditor.modules" 719
"../../../Engine/Plugins/Experimental/ChaosNiagara/Binaries/Win64/UnrealEditor.modules" 720
"../../../Engine/Plugins/Experimental/ChaosSolverPlugin/Binaries/Win64/UnrealEditor.modules" 721
"../../../Engine/Plugins/Experimental/ChaosUserDataPT/Binaries/Win64/UnrealEditor.modules" 722
"../../../Engine/Plugins/Experimental/ChaosEditor/Binaries/Win64/UnrealEditor.modules" 723
"../../../Engine/Plugins/Experimental/PlanarCutPlugin/Binaries/Win64/UnrealEditor.modules" 724
"../../../Engine/Plugins/Experimental/GeometryCollectionPlugin/Binaries/Win64/UnrealEditor.modules" 725
"../../../Engine/Plugins/Experimental/Fracture/Binaries/Win64/UnrealEditor.modules" 726
"../../../Engine/Plugins/Runtime/ProceduralMeshComponent/Binaries/Win64/UnrealEditor.modules" 727
"../../../Engine/Plugins/Experimental/Dataflow/Binaries/Win64/UnrealEditor.modules" 728
"../../../Engine/Plugins/Experimental/CharacterAI/Binaries/Win64/UnrealEditor.modules" 729
"../../../Engine/Plugins/Experimental/OpenImageDenoise/Binaries/Win64/UnrealEditor.modules" 730
"../../../Engine/Plugins/Experimental/PlatformCrypto/Binaries/Win64/UnrealEditor.modules" 731
"../../../Engine/Plugins/Experimental/SkeletalReduction/Binaries/Win64/UnrealEditor.modules" 732
"../../../Engine/Plugins/Experimental/UVEditor/Binaries/Win64/UnrealEditor.modules" 733
"../../../Engine/Plugins/Tests/InterchangeTests/Binaries/Win64/UnrealEditor.modules" 734
"../../../Engine/Plugins/Cameras/CameraShakePreviewer/Binaries/Win64/UnrealEditor.modules" 735
"../../../Engine/Plugins/Cameras/GameplayCameras/Binaries/Win64/UnrealEditor.modules" 736
"../../../Engine/Plugins/MovieScene/TemplateSequence/Binaries/Win64/UnrealEditor.modules" 737
"../../../Engine/Plugins/Media/AndroidMedia/Binaries/Win64/UnrealEditor.modules" 738
"../../../Engine/Plugins/Media/AvfMedia/Binaries/Win64/UnrealEditor.modules" 739
"../../../Engine/Plugins/Media/ImgMedia/Binaries/Win64/UnrealEditor.modules" 740
"../../../Engine/Plugins/Media/MediaPlayerEditor/Binaries/Win64/UnrealEditor.modules" 741
"../../../Engine/Plugins/Media/MediaCompositing/Binaries/Win64/UnrealEditor.modules" 742
"../../../Engine/Plugins/Media/MediaPlate/Binaries/Win64/UnrealEditor.modules" 743
"../../../Engine/Plugins/Media/WmfMedia/Binaries/Win64/UnrealEditor.modules" 744
"../../../Engine/Plugins/Compression/OodleNetwork/Binaries/Win64/UnrealEditor.modules" 745
"../../../Engine/Plugins/Developer/AnimationSharing/Binaries/Win64/UnrealEditor.modules" 746
"../../../Engine/Plugins/Runtime/SignificanceManager/Binaries/Win64/UnrealEditor.modules" 747
"../../../Engine/Plugins/Developer/CLionSourceCodeAccess/Binaries/Win64/UnrealEditor.modules" 748
"../../../Engine/Plugins/Developer/DumpGPUServices/Binaries/Win64/UnrealEditor.modules" 749
"../../../Engine/Plugins/Developer/GitSourceControl/Binaries/Win64/UnrealEditor.modules" 750
"../../../Engine/Plugins/Developer/PerforceSourceControl/Binaries/Win64/UnrealEditor.modules" 751
"../../../Engine/Plugins/Developer/PixWinPlugin/Binaries/Win64/UnrealEditor.modules" 752
"../../../Engine/Plugins/Developer/PlasticSourceControl/Binaries/Win64/UnrealEditor.modules" 753
"../../../Engine/Plugins/Developer/PluginUtils/Binaries/Win64/UnrealEditor.modules" 754
"../../../Engine/Plugins/Developer/PropertyAccessNode/Binaries/Win64/UnrealEditor.modules" 755
"../../../Engine/Plugins/Developer/RiderSourceCodeAccess/Binaries/Win64/UnrealEditor.modules" 756
"../../../Engine/Plugins/Developer/SubversionSourceControl/Binaries/Win64/UnrealEditor.modules" 757
"../../../Engine/Plugins/Developer/RenderDocPlugin/Binaries/Win64/UnrealEditor.modules" 758
"../../../Engine/Plugins/Developer/TextureFormatOodle/Binaries/Win64/UnrealEditor.modules" 759
"../../../Engine/Plugins/Developer/TraceDataFiltering/Binaries/Win64/UnrealEditor.modules" 760
"../../../Engine/Plugins/Developer/UObjectPlugin/Binaries/Win64/UnrealEditor.modules" 761
"../../../Engine/Plugins/Developer/VisualStudioCodeSourceCodeAccess/Binaries/Win64/UnrealEditor.modules" 762
"../../../Engine/Plugins/Developer/VisualStudioSourceCodeAccess/Binaries/Win64/UnrealEditor.modules" 763
"../../../Engine/Plugins/Editor/AssetManagerEditor/Binaries/Win64/UnrealEditor.modules" 764
"../../../Engine/Plugins/Editor/BlueprintHeaderView/Binaries/Win64/UnrealEditor.modules" 765
"../../../Engine/Plugins/Editor/ChangelistReview/Binaries/Win64/UnrealEditor.modules" 766
"../../../Engine/Plugins/Editor/CurveEditorTools/Binaries/Win64/UnrealEditor.modules" 767
"../../../Engine/Plugins/Editor/CryptoKeys/Binaries/Win64/UnrealEditor.modules" 768
"../../../Engine/Plugins/Editor/DataValidation/Binaries/Win64/UnrealEditor.modules" 769
"../../../Engine/Plugins/Editor/EditorDebugTools/Binaries/Win64/UnrealEditor.modules" 770
"../../../Engine/Plugins/Editor/EngineAssetDefinitions/Binaries/Win64/UnrealEditor.modules" 771
"../../../Engine/Plugins/Editor/FacialAnimation/Binaries/Win64/UnrealEditor.modules" 772
"../../../Engine/Plugins/Editor/GeometryMode/Binaries/Win64/UnrealEditor.modules" 773
"../../../Engine/Plugins/Editor/MobileLauncherProfileWizard/Binaries/Win64/UnrealEditor.modules" 774
"../../../Engine/Plugins/Editor/GameplayTagsEditor/Binaries/Win64/UnrealEditor.modules" 775
"../../../Engine/Plugins/Editor/MaterialAnalyzer/Binaries/Win64/UnrealEditor.modules" 776
"../../../Engine/Plugins/Editor/PluginBrowser/Binaries/Win64/UnrealEditor.modules" 777
"../../../Engine/Plugins/Editor/SequencerAnimTools/Binaries/Win64/UnrealEditor.modules" 778
"../../../Engine/Plugins/MovieScene/ActorSequence/Binaries/Win64/UnrealEditor.modules" 779
"../../../Engine/Plugins/Editor/WorldPartitionHLODUtilities/Binaries/Win64/UnrealEditor.modules" 780
"../../../Engine/Plugins/Editor/SpeedTreeImporter/Binaries/Win64/UnrealEditor.modules" 781
"../../../Engine/Plugins/Messaging/UdpMessaging/Binaries/Win64/UnrealEditor.modules" 782
"../../../Engine/Plugins/Messaging/TcpMessaging/Binaries/Win64/UnrealEditor.modules" 783
"../../../Engine/Plugins/Portal/LauncherChunkInstaller/Binaries/Win64/UnrealEditor.modules" 784
"../../../Engine/Plugins/Enterprise/DatasmithContent/Binaries/Win64/UnrealEditor.modules" 785
"../../../Engine/Plugins/Enterprise/GLTFExporter/Binaries/Win64/UnrealEditor.modules" 786
"../../../Engine/Plugins/2D/Paper2D/Binaries/Win64/UnrealEditor.modules" 787
"../../../Engine/Plugins/Importers/AlembicImporter/Binaries/Win64/UnrealEditor.modules" 788
"../../../Engine/Plugins/Runtime/GeometryCache/Binaries/Win64/UnrealEditor.modules" 789
"../../../Engine/Plugins/Runtime/ActorLayerUtilities/Binaries/Win64/UnrealEditor.modules" 790
"../../../Engine/Plugins/Runtime/AndroidDeviceProfileSelector/Binaries/Win64/UnrealEditor.modules" 791
"../../../Engine/Plugins/Runtime/AndroidFileServer/Binaries/Win64/UnrealEditor.modules" 792
"../../../Engine/Plugins/Runtime/AndroidPermission/Binaries/Win64/UnrealEditor.modules" 793
"../../../Engine/Plugins/Runtime/AppleImageUtils/Binaries/Win64/UnrealEditor.modules" 794
"../../../Engine/Plugins/Runtime/AssetTags/Binaries/Win64/UnrealEditor.modules" 795
"../../../Engine/Plugins/Runtime/ArchVisCharacter/Binaries/Win64/UnrealEditor.modules" 796
"../../../Engine/Plugins/Runtime/AudioCapture/Binaries/Win64/UnrealEditor.modules" 797
"../../../Engine/Plugins/Runtime/CableComponent/Binaries/Win64/UnrealEditor.modules" 798
"../../../Engine/Plugins/Runtime/ChunkDownloader/Binaries/Win64/UnrealEditor.modules" 799
"../../../Engine/Plugins/Runtime/CustomMeshComponent/Binaries/Win64/UnrealEditor.modules" 800
"../../../Engine/Plugins/Runtime/ExampleDeviceProfileSelector/Binaries/Win64/UnrealEditor.modules" 801
"../../../Engine/Plugins/Runtime/GooglePAD/Binaries/Win64/UnrealEditor.modules" 802
"../../../Engine/Plugins/Runtime/InputDebugging/Binaries/Win64/UnrealEditor.modules" 803
"../../../Engine/Plugins/Runtime/LocationServicesBPLibrary/Binaries/Win64/UnrealEditor.modules" 804
"../../../Engine/Plugins/Runtime/Metasound/Binaries/Win64/UnrealEditor.modules" 805
"../../../Engine/Plugins/Runtime/AudioWidgets/Binaries/Win64/UnrealEditor.modules" 806
"../../../Engine/Plugins/Runtime/AudioSynesthesia/Binaries/Win64/UnrealEditor.modules" 807
"../../../Engine/Plugins/Runtime/WaveTable/Binaries/Win64/UnrealEditor.modules" 808
"../../../Engine/Plugins/Runtime/MobilePatchingUtils/Binaries/Win64/UnrealEditor.modules" 809
"../../../Engine/Plugins/Runtime/ResonanceAudio/Binaries/Win64/UnrealEditor.modules" 810
"../../../Engine/Plugins/Runtime/SoundFields/Binaries/Win64/UnrealEditor.modules" 811
"../../../Engine/Plugins/Runtime/Synthesis/Binaries/Win64/UnrealEditor.modules" 812
"../../../Engine/Plugins/Runtime/WebMMoviePlayer/Binaries/Win64/UnrealEditor.modules" 813
"../../../Engine/Plugins/Media/WebMMedia/Binaries/Win64/UnrealEditor.modules" 814
"../../../Engine/Plugins/Runtime/WindowsDeviceProfileSelector/Binaries/Win64/UnrealEditor.modules" 815
"../../../Engine/Plugins/Runtime/WindowsMoviePlayer/Binaries/Win64/UnrealEditor.modules" 816
"../../../Engine/Plugins/Editor/ObjectMixer/LightMixer/Binaries/Win64/UnrealEditor.modules" 817
"../../../Engine/Plugins/Editor/ObjectMixer/ObjectMixer/Binaries/Win64/UnrealEditor.modules" 818
"../../../Engine/Plugins/Editor/ContentBrowser/ContentBrowserAssetDataSource/Binaries/Win64/UnrealEditor.modules" 819
"../../../Engine/Plugins/Editor/ContentBrowser/ContentBrowserClassDataSource/Binaries/Win64/UnrealEditor.modules" 820
"../../../Engine/Content/Certificates/ThirdParty/cacert.pem" 821
"../../../Engine/Config/ConsoleVariables.ini" 822
"../../../Engine/Binaries/Win64/Android/UnrealEditor.modules" 823
"../../../Engine/Content/Localization/Editor/en/Editor.locres" 824
"../../../Engine/Content/Localization/EditorTutorials/en/EditorTutorials.locres" 825
"../../../Engine/Content/Localization/Keywords/en/Keywords.locres" 826
"../../../Engine/Content/Localization/Category/en/Category.locres" 827
"../../../Engine/Content/Localization/ToolTips/en/ToolTips.locres" 828
"../../../Engine/Content/Localization/PropertyNames/en/PropertyNames.locres" 829
"../../../Engine/Content/Localization/Engine/en/Engine.locres" 830
"../../../Engine/Plugins/Online/OnlineSubsystem/Content/Localization/OnlineSubsystem/en/OnlineSubsystem.locres" 831
"../../../Engine/Plugins/Online/OnlineSubsystemUtils/Content/Localization/OnlineSubsystemUtils/en/OnlineSubsystemUtils.locres" 832
"../../../Engine/Plugins/Online/Android/OnlineSubsystemGooglePlay/Content/Localization/OnlineSubsystemGooglePlay/en/OnlineSubsystemGooglePlay.locres" 833
"../../../Engine/Plugins/Online/IOS/OnlineSubsystemIOS/Content/Localization/OnlineSubsystemIOS/en/OnlineSubsystemIOS.locres" 834
"../../../Engine/Content/Internationalization/icudt64l/numberingSystems.res" 835
"../../../Engine/Content/Internationalization/icudt64l/curr/supplementalData.res" 836
"../../../Engine/Content/Internationalization/icudt64l/curr/ko.res" 837
"../../../Engine/Content/Internationalization/icudt64l/curr/pool.res" 838
"../../../Engine/Content/Internationalization/icudt64l/curr/root.res" 839
"../../../Engine/Content/Internationalization/icudt64l/lang/af.res" 840
"../../../Engine/Content/Internationalization/icudt64l/region/af.res" 841
"../../../Engine/Content/Internationalization/icudt64l/lang/agq.res" 842
"../../../Engine/Content/Internationalization/icudt64l/region/agq.res" 843
"../../../Engine/Content/Internationalization/icudt64l/lang/ak.res" 844
"../../../Engine/Content/Internationalization/icudt64l/region/ak.res" 845
"../../../Engine/Content/Internationalization/icudt64l/lang/am.res" 846
"../../../Engine/Content/Internationalization/icudt64l/region/am.res" 847
"../../../Engine/Content/Internationalization/icudt64l/lang/ar.res" 848
"../../../Engine/Content/Internationalization/icudt64l/region/ar.res" 849
"../../../Engine/Content/Internationalization/icudt64l/region/ar_AE.res" 850
"../../../Engine/Content/Internationalization/icudt64l/lang/ar_EG.res" 851
"../../../Engine/Content/Internationalization/icudt64l/lang/ar_LY.res" 852
"../../../Engine/Content/Internationalization/icudt64l/region/ar_LY.res" 853
"../../../Engine/Content/Internationalization/icudt64l/lang/ar_SA.res" 854
"../../../Engine/Content/Internationalization/icudt64l/region/ar_SA.res" 855
"../../../Engine/Content/Internationalization/icudt64l/lang/as.res" 856
"../../../Engine/Content/Internationalization/icudt64l/region/as.res" 857
"../../../Engine/Content/Internationalization/icudt64l/lang/asa.res" 858
"../../../Engine/Content/Internationalization/icudt64l/region/asa.res" 859
"../../../Engine/Content/Internationalization/icudt64l/lang/ast.res" 860
"../../../Engine/Content/Internationalization/icudt64l/region/ast.res" 861
"../../../Engine/Content/Internationalization/icudt64l/lang/az.res" 862
"../../../Engine/Content/Internationalization/icudt64l/lang/az_Cyrl.res" 863
"../../../Engine/Content/Internationalization/icudt64l/lang/az_AZ.res" 864
"../../../Engine/Content/Internationalization/icudt64l/lang/az_Latn_AZ.res" 865
"../../../Engine/Content/Internationalization/icudt64l/lang/az_Latn.res" 866
"../../../Engine/Content/Internationalization/icudt64l/region/az_AZ.res" 867
"../../../Engine/Content/Internationalization/icudt64l/region/az_Latn_AZ.res" 868
"../../../Engine/Content/Internationalization/icudt64l/region/az_Latn.res" 869
"../../../Engine/Content/Internationalization/icudt64l/region/az.res" 870
"../../../Engine/Content/Internationalization/icudt64l/region/az_Cyrl.res" 871
"../../../Engine/Content/Internationalization/icudt64l/lang/bas.res" 872
"../../../Engine/Content/Internationalization/icudt64l/region/bas.res" 873
"../../../Engine/Content/Internationalization/icudt64l/lang/be.res" 874
"../../../Engine/Content/Internationalization/icudt64l/region/be.res" 875
"../../../Engine/Content/Internationalization/icudt64l/lang/bem.res" 876
"../../../Engine/Content/Internationalization/icudt64l/region/bem.res" 877
"../../../Engine/Content/Internationalization/icudt64l/lang/bez.res" 878
"../../../Engine/Content/Internationalization/icudt64l/region/bez.res" 879
"../../../Engine/Content/Internationalization/icudt64l/lang/bg.res" 880
"../../../Engine/Content/Internationalization/icudt64l/region/bg.res" 881
"../../../Engine/Content/Internationalization/icudt64l/lang/bm.res" 882
"../../../Engine/Content/Internationalization/icudt64l/region/bm.res" 883
"../../../Engine/Content/Internationalization/icudt64l/lang/bn.res" 884
"../../../Engine/Content/Internationalization/icudt64l/region/bn.res" 885
"../../../Engine/Content/Internationalization/icudt64l/lang/bn_IN.res" 886
"../../../Engine/Content/Internationalization/icudt64l/region/bn_IN.res" 887
"../../../Engine/Content/Internationalization/icudt64l/lang/bo.res" 888
"../../../Engine/Content/Internationalization/icudt64l/region/bo.res" 889
"../../../Engine/Content/Internationalization/icudt64l/region/bo_IN.res" 890
"../../../Engine/Content/Internationalization/icudt64l/lang/br.res" 891
"../../../Engine/Content/Internationalization/icudt64l/region/br.res" 892
"../../../Engine/Content/Internationalization/icudt64l/lang/brx.res" 893
"../../../Engine/Content/Internationalization/icudt64l/region/brx.res" 894
"../../../Engine/Content/Internationalization/icudt64l/lang/bs.res" 895
"../../../Engine/Content/Internationalization/icudt64l/lang/bs_Cyrl.res" 896
"../../../Engine/Content/Internationalization/icudt64l/lang/bs_BA.res" 897
"../../../Engine/Content/Internationalization/icudt64l/lang/bs_Latn_BA.res" 898
"../../../Engine/Content/Internationalization/icudt64l/lang/bs_Latn.res" 899
"../../../Engine/Content/Internationalization/icudt64l/region/bs_BA.res" 900
"../../../Engine/Content/Internationalization/icudt64l/region/bs_Latn_BA.res" 901
"../../../Engine/Content/Internationalization/icudt64l/region/bs_Latn.res" 902
"../../../Engine/Content/Internationalization/icudt64l/region/bs.res" 903
"../../../Engine/Content/Internationalization/icudt64l/region/bs_Cyrl.res" 904
"../../../Engine/Content/Internationalization/icudt64l/lang/ca.res" 905
"../../../Engine/Content/Internationalization/icudt64l/region/ca.res" 906
"../../../Engine/Content/Internationalization/icudt64l/lang/ccp.res" 907
"../../../Engine/Content/Internationalization/icudt64l/region/ccp.res" 908
"../../../Engine/Content/Internationalization/icudt64l/lang/ce.res" 909
"../../../Engine/Content/Internationalization/icudt64l/region/ce.res" 910
"../../../Engine/Content/Internationalization/icudt64l/lang/ceb.res" 911
"../../../Engine/Content/Internationalization/icudt64l/region/ceb.res" 912
"../../../Engine/Content/Internationalization/icudt64l/lang/cgg.res" 913
"../../../Engine/Content/Internationalization/icudt64l/region/cgg.res" 914
"../../../Engine/Content/Internationalization/icudt64l/lang/chr.res" 915
"../../../Engine/Content/Internationalization/icudt64l/region/chr.res" 916
"../../../Engine/Content/Internationalization/icudt64l/lang/ckb.res" 917
"../../../Engine/Content/Internationalization/icudt64l/region/ckb.res" 918
"../../../Engine/Content/Internationalization/icudt64l/lang/cs.res" 919
"../../../Engine/Content/Internationalization/icudt64l/region/cs.res" 920
"../../../Engine/Content/Internationalization/icudt64l/lang/cy.res" 921
"../../../Engine/Content/Internationalization/icudt64l/region/cy.res" 922
"../../../Engine/Content/Internationalization/icudt64l/lang/da.res" 923
"../../../Engine/Content/Internationalization/icudt64l/region/da.res" 924
"../../../Engine/Content/Internationalization/icudt64l/lang/dav.res" 925
"../../../Engine/Content/Internationalization/icudt64l/region/dav.res" 926
"../../../Engine/Content/Internationalization/icudt64l/lang/de.res" 927
"../../../Engine/Content/Internationalization/icudt64l/lang/de_AT.res" 928
"../../../Engine/Content/Internationalization/icudt64l/region/de_AT.res" 929
"../../../Engine/Content/Internationalization/icudt64l/region/de.res" 930
"../../../Engine/Content/Internationalization/icudt64l/lang/de_CH.res" 931
"../../../Engine/Content/Internationalization/icudt64l/region/de_CH.res" 932
"../../../Engine/Content/Internationalization/icudt64l/lang/de_LU.res" 933
"../../../Engine/Content/Internationalization/icudt64l/lang/dje.res" 934
"../../../Engine/Content/Internationalization/icudt64l/region/dje.res" 935
"../../../Engine/Content/Internationalization/icudt64l/lang/dsb.res" 936
"../../../Engine/Content/Internationalization/icudt64l/region/dsb.res" 937
"../../../Engine/Content/Internationalization/icudt64l/lang/dua.res" 938
"../../../Engine/Content/Internationalization/icudt64l/region/dua.res" 939
"../../../Engine/Content/Internationalization/icudt64l/lang/dyo.res" 940
"../../../Engine/Content/Internationalization/icudt64l/region/dyo.res" 941
"../../../Engine/Content/Internationalization/icudt64l/lang/dz.res" 942
"../../../Engine/Content/Internationalization/icudt64l/region/dz.res" 943
"../../../Engine/Content/Internationalization/icudt64l/lang/ebu.res" 944
"../../../Engine/Content/Internationalization/icudt64l/region/ebu.res" 945
"../../../Engine/Content/Internationalization/icudt64l/lang/ee.res" 946
"../../../Engine/Content/Internationalization/icudt64l/region/ee.res" 947
"../../../Engine/Content/Internationalization/icudt64l/lang/el.res" 948
"../../../Engine/Content/Internationalization/icudt64l/region/el.res" 949
"../../../Engine/Content/Internationalization/icudt64l/lang/en_001.res" 950
"../../../Engine/Content/Internationalization/icudt64l/lang/en_150.res" 951
"../../../Engine/Content/Internationalization/icudt64l/region/en_150.res" 952
"../../../Engine/Content/Internationalization/icudt64l/lang/en_AG.res" 953
"../../../Engine/Content/Internationalization/icudt64l/region/en_AG.res" 954
"../../../Engine/Content/Internationalization/icudt64l/lang/en_AI.res" 955
"../../../Engine/Content/Internationalization/icudt64l/region/en_AI.res" 956
"../../../Engine/Content/Internationalization/icudt64l/lang/en_AT.res" 957
"../../../Engine/Content/Internationalization/icudt64l/region/en_AT.res" 958
"../../../Engine/Content/Internationalization/icudt64l/lang/en_AU.res" 959
"../../../Engine/Content/Internationalization/icudt64l/region/en_AU.res" 960
"../../../Engine/Content/Internationalization/icudt64l/lang/en_BB.res" 961
"../../../Engine/Content/Internationalization/icudt64l/region/en_BB.res" 962
"../../../Engine/Content/Internationalization/icudt64l/lang/en_BE.res" 963
"../../../Engine/Content/Internationalization/icudt64l/region/en_BE.res" 964
"../../../Engine/Content/Internationalization/icudt64l/lang/en_BM.res" 965
"../../../Engine/Content/Internationalization/icudt64l/region/en_BM.res" 966
"../../../Engine/Content/Internationalization/icudt64l/lang/en_BS.res" 967
"../../../Engine/Content/Internationalization/icudt64l/region/en_BS.res" 968
"../../../Engine/Content/Internationalization/icudt64l/lang/en_BW.res" 969
"../../../Engine/Content/Internationalization/icudt64l/region/en_BW.res" 970
"../../../Engine/Content/Internationalization/icudt64l/lang/en_BZ.res" 971
"../../../Engine/Content/Internationalization/icudt64l/region/en_BZ.res" 972
"../../../Engine/Content/Internationalization/icudt64l/lang/en_CA.res" 973
"../../../Engine/Content/Internationalization/icudt64l/region/en_CA.res" 974
"../../../Engine/Content/Internationalization/icudt64l/lang/en_CC.res" 975
"../../../Engine/Content/Internationalization/icudt64l/region/en_CC.res" 976
"../../../Engine/Content/Internationalization/icudt64l/lang/en_CH.res" 977
"../../../Engine/Content/Internationalization/icudt64l/region/en_CH.res" 978
"../../../Engine/Content/Internationalization/icudt64l/lang/en_CK.res" 979
"../../../Engine/Content/Internationalization/icudt64l/region/en_CK.res" 980
"../../../Engine/Content/Internationalization/icudt64l/lang/en_CM.res" 981
"../../../Engine/Content/Internationalization/icudt64l/region/en_CM.res" 982
"../../../Engine/Content/Internationalization/icudt64l/lang/en_CX.res" 983
"../../../Engine/Content/Internationalization/icudt64l/region/en_CX.res" 984
"../../../Engine/Content/Internationalization/icudt64l/lang/en_CY.res" 985
"../../../Engine/Content/Internationalization/icudt64l/region/en_CY.res" 986
"../../../Engine/Content/Internationalization/icudt64l/lang/en_DE.res" 987
"../../../Engine/Content/Internationalization/icudt64l/region/en_DE.res" 988
"../../../Engine/Content/Internationalization/icudt64l/lang/en_DG.res" 989
"../../../Engine/Content/Internationalization/icudt64l/region/en_DG.res" 990
"../../../Engine/Content/Internationalization/icudt64l/lang/en_DK.res" 991
"../../../Engine/Content/Internationalization/icudt64l/region/en_DK.res" 992
"../../../Engine/Content/Internationalization/icudt64l/lang/en_DM.res" 993
"../../../Engine/Content/Internationalization/icudt64l/region/en_DM.res" 994
"../../../Engine/Content/Internationalization/icudt64l/lang/en_ER.res" 995
"../../../Engine/Content/Internationalization/icudt64l/region/en_ER.res" 996
"../../../Engine/Content/Internationalization/icudt64l/lang/en_FI.res" 997
"../../../Engine/Content/Internationalization/icudt64l/region/en_FI.res" 998
"../../../Engine/Content/Internationalization/icudt64l/lang/en_FJ.res" 999
"../../../Engine/Content/Internationalization/icudt64l/region/en_FJ.res" 1000
"../../../Engine/Content/Internationalization/icudt64l/lang/en_FK.res" 1001
"../../../Engine/Content/Internationalization/icudt64l/region/en_FK.res" 1002
"../../../Engine/Content/Internationalization/icudt64l/lang/en_FM.res" 1003
"../../../Engine/Content/Internationalization/icudt64l/region/en_FM.res" 1004
"../../../Engine/Content/Internationalization/icudt64l/lang/en_GB.res" 1005
"../../../Engine/Content/Internationalization/icudt64l/region/en_GB.res" 1006
"../../../Engine/Content/Internationalization/icudt64l/lang/en_GD.res" 1007
"../../../Engine/Content/Internationalization/icudt64l/region/en_GD.res" 1008
"../../../Engine/Content/Internationalization/icudt64l/lang/en_GG.res" 1009
"../../../Engine/Content/Internationalization/icudt64l/region/en_GG.res" 1010
"../../../Engine/Content/Internationalization/icudt64l/lang/en_GH.res" 1011
"../../../Engine/Content/Internationalization/icudt64l/region/en_GH.res" 1012
"../../../Engine/Content/Internationalization/icudt64l/lang/en_GI.res" 1013
"../../../Engine/Content/Internationalization/icudt64l/region/en_GI.res" 1014
"../../../Engine/Content/Internationalization/icudt64l/lang/en_GM.res" 1015
"../../../Engine/Content/Internationalization/icudt64l/region/en_GM.res" 1016
"../../../Engine/Content/Internationalization/icudt64l/lang/en_GY.res" 1017
"../../../Engine/Content/Internationalization/icudt64l/region/en_GY.res" 1018
"../../../Engine/Content/Internationalization/icudt64l/lang/en_HK.res" 1019
"../../../Engine/Content/Internationalization/icudt64l/region/en_HK.res" 1020
"../../../Engine/Content/Internationalization/icudt64l/lang/en_IE.res" 1021
"../../../Engine/Content/Internationalization/icudt64l/region/en_IE.res" 1022
"../../../Engine/Content/Internationalization/icudt64l/lang/en_IL.res" 1023
"../../../Engine/Content/Internationalization/icudt64l/region/en_IL.res" 1024
"../../../Engine/Content/Internationalization/icudt64l/lang/en_IM.res" 1025
"../../../Engine/Content/Internationalization/icudt64l/region/en_IM.res" 1026
"../../../Engine/Content/Internationalization/icudt64l/lang/en_IN.res" 1027
"../../../Engine/Content/Internationalization/icudt64l/region/en_IN.res" 1028
"../../../Engine/Content/Internationalization/icudt64l/lang/en_IO.res" 1029
"../../../Engine/Content/Internationalization/icudt64l/region/en_IO.res" 1030
"../../../Engine/Content/Internationalization/icudt64l/lang/en_JE.res" 1031
"../../../Engine/Content/Internationalization/icudt64l/region/en_JE.res" 1032
"../../../Engine/Content/Internationalization/icudt64l/lang/en_JM.res" 1033
"../../../Engine/Content/Internationalization/icudt64l/region/en_JM.res" 1034
"../../../Engine/Content/Internationalization/icudt64l/lang/en_KE.res" 1035
"../../../Engine/Content/Internationalization/icudt64l/region/en_KE.res" 1036
"../../../Engine/Content/Internationalization/icudt64l/lang/en_KI.res" 1037
"../../../Engine/Content/Internationalization/icudt64l/region/en_KI.res" 1038
"../../../Engine/Content/Internationalization/icudt64l/lang/en_KN.res" 1039
"../../../Engine/Content/Internationalization/icudt64l/region/en_KN.res" 1040
"../../../Engine/Content/Internationalization/icudt64l/lang/en_KY.res" 1041
"../../../Engine/Content/Internationalization/icudt64l/region/en_KY.res" 1042
"../../../Engine/Content/Internationalization/icudt64l/lang/en_LC.res" 1043
"../../../Engine/Content/Internationalization/icudt64l/region/en_LC.res" 1044
"../../../Engine/Content/Internationalization/icudt64l/lang/en_LR.res" 1045
"../../../Engine/Content/Internationalization/icudt64l/region/en_LR.res" 1046
"../../../Engine/Content/Internationalization/icudt64l/lang/en_LS.res" 1047
"../../../Engine/Content/Internationalization/icudt64l/region/en_LS.res" 1048
"../../../Engine/Content/Internationalization/icudt64l/lang/en_MG.res" 1049
"../../../Engine/Content/Internationalization/icudt64l/region/en_MG.res" 1050
"../../../Engine/Content/Internationalization/icudt64l/lang/en_MO.res" 1051
"../../../Engine/Content/Internationalization/icudt64l/region/en_MO.res" 1052
"../../../Engine/Content/Internationalization/icudt64l/lang/en_MS.res" 1053
"../../../Engine/Content/Internationalization/icudt64l/region/en_MS.res" 1054
"../../../Engine/Content/Internationalization/icudt64l/lang/en_MT.res" 1055
"../../../Engine/Content/Internationalization/icudt64l/region/en_MT.res" 1056
"../../../Engine/Content/Internationalization/icudt64l/lang/en_MU.res" 1057
"../../../Engine/Content/Internationalization/icudt64l/region/en_MU.res" 1058
"../../../Engine/Content/Internationalization/icudt64l/lang/en_MW.res" 1059
"../../../Engine/Content/Internationalization/icudt64l/region/en_MW.res" 1060
"../../../Engine/Content/Internationalization/icudt64l/lang/en_MY.res" 1061
"../../../Engine/Content/Internationalization/icudt64l/region/en_MY.res" 1062
"../../../Engine/Content/Internationalization/icudt64l/lang/en_NA.res" 1063
"../../../Engine/Content/Internationalization/icudt64l/region/en_NA.res" 1064
"../../../Engine/Content/Internationalization/icudt64l/lang/en_NF.res" 1065
"../../../Engine/Content/Internationalization/icudt64l/region/en_NF.res" 1066
"../../../Engine/Content/Internationalization/icudt64l/lang/en_NG.res" 1067
"../../../Engine/Content/Internationalization/icudt64l/region/en_NG.res" 1068
"../../../Engine/Content/Internationalization/icudt64l/lang/en_NL.res" 1069
"../../../Engine/Content/Internationalization/icudt64l/region/en_NL.res" 1070
"../../../Engine/Content/Internationalization/icudt64l/lang/en_NR.res" 1071
"../../../Engine/Content/Internationalization/icudt64l/region/en_NR.res" 1072
"../../../Engine/Content/Internationalization/icudt64l/lang/en_NU.res" 1073
"../../../Engine/Content/Internationalization/icudt64l/region/en_NU.res" 1074
"../../../Engine/Content/Internationalization/icudt64l/lang/en_NZ.res" 1075
"../../../Engine/Content/Internationalization/icudt64l/region/en_NZ.res" 1076
"../../../Engine/Content/Internationalization/icudt64l/lang/en_PG.res" 1077
"../../../Engine/Content/Internationalization/icudt64l/region/en_PG.res" 1078
"../../../Engine/Content/Internationalization/icudt64l/lang/en_PH.res" 1079
"../../../Engine/Content/Internationalization/icudt64l/region/en_PH.res" 1080
"../../../Engine/Content/Internationalization/icudt64l/lang/en_PK.res" 1081
"../../../Engine/Content/Internationalization/icudt64l/region/en_PK.res" 1082
"../../../Engine/Content/Internationalization/icudt64l/lang/en_PN.res" 1083
"../../../Engine/Content/Internationalization/icudt64l/region/en_PN.res" 1084
"../../../Engine/Content/Internationalization/icudt64l/lang/en_PW.res" 1085
"../../../Engine/Content/Internationalization/icudt64l/region/en_PW.res" 1086
"../../../Engine/Content/Internationalization/icudt64l/lang/en_RW.res" 1087
"../../../Engine/Content/Internationalization/icudt64l/region/en_RW.res" 1088
"../../../Engine/Content/Internationalization/icudt64l/lang/en_SB.res" 1089
"../../../Engine/Content/Internationalization/icudt64l/region/en_SB.res" 1090
"../../../Engine/Content/Internationalization/icudt64l/lang/en_SC.res" 1091
"../../../Engine/Content/Internationalization/icudt64l/region/en_SC.res" 1092
"../../../Engine/Content/Internationalization/icudt64l/lang/en_SD.res" 1093
"../../../Engine/Content/Internationalization/icudt64l/region/en_SD.res" 1094
"../../../Engine/Content/Internationalization/icudt64l/lang/en_SE.res" 1095
"../../../Engine/Content/Internationalization/icudt64l/region/en_SE.res" 1096
"../../../Engine/Content/Internationalization/icudt64l/lang/en_SG.res" 1097
"../../../Engine/Content/Internationalization/icudt64l/region/en_SG.res" 1098
"../../../Engine/Content/Internationalization/icudt64l/lang/en_SH.res" 1099
"../../../Engine/Content/Internationalization/icudt64l/region/en_SH.res" 1100
"../../../Engine/Content/Internationalization/icudt64l/lang/en_SI.res" 1101
"../../../Engine/Content/Internationalization/icudt64l/region/en_SI.res" 1102
"../../../Engine/Content/Internationalization/icudt64l/lang/en_SL.res" 1103
"../../../Engine/Content/Internationalization/icudt64l/region/en_SL.res" 1104
"../../../Engine/Content/Internationalization/icudt64l/lang/en_SS.res" 1105
"../../../Engine/Content/Internationalization/icudt64l/region/en_SS.res" 1106
"../../../Engine/Content/Internationalization/icudt64l/lang/en_SX.res" 1107
"../../../Engine/Content/Internationalization/icudt64l/region/en_SX.res" 1108
"../../../Engine/Content/Internationalization/icudt64l/lang/en_SZ.res" 1109
"../../../Engine/Content/Internationalization/icudt64l/region/en_SZ.res" 1110
"../../../Engine/Content/Internationalization/icudt64l/lang/en_TC.res" 1111
"../../../Engine/Content/Internationalization/icudt64l/region/en_TC.res" 1112
"../../../Engine/Content/Internationalization/icudt64l/lang/en_TK.res" 1113
"../../../Engine/Content/Internationalization/icudt64l/region/en_TK.res" 1114
"../../../Engine/Content/Internationalization/icudt64l/lang/en_TO.res" 1115
"../../../Engine/Content/Internationalization/icudt64l/region/en_TO.res" 1116
"../../../Engine/Content/Internationalization/icudt64l/lang/en_TT.res" 1117
"../../../Engine/Content/Internationalization/icudt64l/region/en_TT.res" 1118
"../../../Engine/Content/Internationalization/icudt64l/lang/en_TV.res" 1119
"../../../Engine/Content/Internationalization/icudt64l/region/en_TV.res" 1120
"../../../Engine/Content/Internationalization/icudt64l/lang/en_TZ.res" 1121
"../../../Engine/Content/Internationalization/icudt64l/region/en_TZ.res" 1122
"../../../Engine/Content/Internationalization/icudt64l/lang/en_UG.res" 1123
"../../../Engine/Content/Internationalization/icudt64l/region/en_UG.res" 1124
"../../../Engine/Content/Internationalization/icudt64l/lang/en_VC.res" 1125
"../../../Engine/Content/Internationalization/icudt64l/region/en_VC.res" 1126
"../../../Engine/Content/Internationalization/icudt64l/lang/en_VG.res" 1127
"../../../Engine/Content/Internationalization/icudt64l/region/en_VG.res" 1128
"../../../Engine/Content/Internationalization/icudt64l/lang/en_VU.res" 1129
"../../../Engine/Content/Internationalization/icudt64l/region/en_VU.res" 1130
"../../../Engine/Content/Internationalization/icudt64l/lang/en_WS.res" 1131
"../../../Engine/Content/Internationalization/icudt64l/region/en_WS.res" 1132
"../../../Engine/Content/Internationalization/icudt64l/lang/en_ZA.res" 1133
"../../../Engine/Content/Internationalization/icudt64l/region/en_ZA.res" 1134
"../../../Engine/Content/Internationalization/icudt64l/lang/en_ZM.res" 1135
"../../../Engine/Content/Internationalization/icudt64l/region/en_ZM.res" 1136
"../../../Engine/Content/Internationalization/icudt64l/lang/en_ZW.res" 1137
"../../../Engine/Content/Internationalization/icudt64l/region/en_ZW.res" 1138
"../../../Engine/Content/Internationalization/icudt64l/lang/eo.res" 1139
"../../../Engine/Content/Internationalization/icudt64l/region/eo.res" 1140
"../../../Engine/Content/Internationalization/icudt64l/lang/es.res" 1141
"../../../Engine/Content/Internationalization/icudt64l/lang/es_419.res" 1142
"../../../Engine/Content/Internationalization/icudt64l/region/es_419.res" 1143
"../../../Engine/Content/Internationalization/icudt64l/region/es.res" 1144
"../../../Engine/Content/Internationalization/icudt64l/lang/es_AR.res" 1145
"../../../Engine/Content/Internationalization/icudt64l/region/es_AR.res" 1146
"../../../Engine/Content/Internationalization/icudt64l/lang/es_BO.res" 1147
"../../../Engine/Content/Internationalization/icudt64l/region/es_BO.res" 1148
"../../../Engine/Content/Internationalization/icudt64l/lang/es_BR.res" 1149
"../../../Engine/Content/Internationalization/icudt64l/region/es_BR.res" 1150
"../../../Engine/Content/Internationalization/icudt64l/lang/es_BZ.res" 1151
"../../../Engine/Content/Internationalization/icudt64l/region/es_BZ.res" 1152
"../../../Engine/Content/Internationalization/icudt64l/lang/es_CL.res" 1153
"../../../Engine/Content/Internationalization/icudt64l/region/es_CL.res" 1154
"../../../Engine/Content/Internationalization/icudt64l/lang/es_CO.res" 1155
"../../../Engine/Content/Internationalization/icudt64l/region/es_CO.res" 1156
"../../../Engine/Content/Internationalization/icudt64l/lang/es_CR.res" 1157
"../../../Engine/Content/Internationalization/icudt64l/region/es_CR.res" 1158
"../../../Engine/Content/Internationalization/icudt64l/lang/es_CU.res" 1159
"../../../Engine/Content/Internationalization/icudt64l/region/es_CU.res" 1160
"../../../Engine/Content/Internationalization/icudt64l/lang/es_DO.res" 1161
"../../../Engine/Content/Internationalization/icudt64l/region/es_DO.res" 1162
"../../../Engine/Content/Internationalization/icudt64l/lang/es_EC.res" 1163
"../../../Engine/Content/Internationalization/icudt64l/region/es_EC.res" 1164
"../../../Engine/Content/Internationalization/icudt64l/lang/es_GT.res" 1165
"../../../Engine/Content/Internationalization/icudt64l/region/es_GT.res" 1166
"../../../Engine/Content/Internationalization/icudt64l/lang/es_HN.res" 1167
"../../../Engine/Content/Internationalization/icudt64l/region/es_HN.res" 1168
"../../../Engine/Content/Internationalization/icudt64l/lang/es_MX.res" 1169
"../../../Engine/Content/Internationalization/icudt64l/region/es_MX.res" 1170
"../../../Engine/Content/Internationalization/icudt64l/lang/es_NI.res" 1171
"../../../Engine/Content/Internationalization/icudt64l/region/es_NI.res" 1172
"../../../Engine/Content/Internationalization/icudt64l/lang/es_PA.res" 1173
"../../../Engine/Content/Internationalization/icudt64l/region/es_PA.res" 1174
"../../../Engine/Content/Internationalization/icudt64l/lang/es_PE.res" 1175
"../../../Engine/Content/Internationalization/icudt64l/region/es_PE.res" 1176
"../../../Engine/Content/Internationalization/icudt64l/lang/es_PR.res" 1177
"../../../Engine/Content/Internationalization/icudt64l/region/es_PR.res" 1178
"../../../Engine/Content/Internationalization/icudt64l/lang/es_PY.res" 1179
"../../../Engine/Content/Internationalization/icudt64l/region/es_PY.res" 1180
"../../../Engine/Content/Internationalization/icudt64l/lang/es_SV.res" 1181
"../../../Engine/Content/Internationalization/icudt64l/region/es_SV.res" 1182
"../../../Engine/Content/Internationalization/icudt64l/lang/es_US.res" 1183
"../../../Engine/Content/Internationalization/icudt64l/region/es_US.res" 1184
"../../../Engine/Content/Internationalization/icudt64l/lang/es_UY.res" 1185
"../../../Engine/Content/Internationalization/icudt64l/region/es_UY.res" 1186
"../../../Engine/Content/Internationalization/icudt64l/lang/es_VE.res" 1187
"../../../Engine/Content/Internationalization/icudt64l/region/es_VE.res" 1188
"../../../Engine/Content/Internationalization/icudt64l/lang/et.res" 1189
"../../../Engine/Content/Internationalization/icudt64l/region/et.res" 1190
"../../../Engine/Content/Internationalization/icudt64l/lang/eu.res" 1191
"../../../Engine/Content/Internationalization/icudt64l/region/eu.res" 1192
"../../../Engine/Content/Internationalization/icudt64l/lang/ewo.res" 1193
"../../../Engine/Content/Internationalization/icudt64l/region/ewo.res" 1194
"../../../Engine/Content/Internationalization/icudt64l/lang/fa.res" 1195
"../../../Engine/Content/Internationalization/icudt64l/lang/fa_AF.res" 1196
"../../../Engine/Content/Internationalization/icudt64l/region/fa_AF.res" 1197
"../../../Engine/Content/Internationalization/icudt64l/region/fa.res" 1198
"../../../Engine/Content/Internationalization/icudt64l/lang/ff.res" 1199
"../../../Engine/Content/Internationalization/icudt64l/lang/ff_Latn.res" 1200
"../../../Engine/Content/Internationalization/icudt64l/region/ff.res" 1201
"../../../Engine/Content/Internationalization/icudt64l/region/ff_Latn.res" 1202
"../../../Engine/Content/Internationalization/icudt64l/lang/ff_CM.res" 1203
"../../../Engine/Content/Internationalization/icudt64l/lang/ff_Latn_CM.res" 1204
"../../../Engine/Content/Internationalization/icudt64l/region/ff_CM.res" 1205
"../../../Engine/Content/Internationalization/icudt64l/region/ff_Latn_CM.res" 1206
"../../../Engine/Content/Internationalization/icudt64l/lang/ff_GN.res" 1207
"../../../Engine/Content/Internationalization/icudt64l/lang/ff_Latn_GN.res" 1208
"../../../Engine/Content/Internationalization/icudt64l/region/ff_GN.res" 1209
"../../../Engine/Content/Internationalization/icudt64l/region/ff_Latn_GN.res" 1210
"../../../Engine/Content/Internationalization/icudt64l/lang/ff_MR.res" 1211
"../../../Engine/Content/Internationalization/icudt64l/lang/ff_Latn_MR.res" 1212
"../../../Engine/Content/Internationalization/icudt64l/region/ff_MR.res" 1213
"../../../Engine/Content/Internationalization/icudt64l/region/ff_Latn_MR.res" 1214
"../../../Engine/Content/Internationalization/icudt64l/lang/ff_SN.res" 1215
"../../../Engine/Content/Internationalization/icudt64l/lang/ff_Latn_SN.res" 1216
"../../../Engine/Content/Internationalization/icudt64l/region/ff_SN.res" 1217
"../../../Engine/Content/Internationalization/icudt64l/region/ff_Latn_SN.res" 1218
"../../../Engine/Content/Internationalization/icudt64l/lang/fi.res" 1219
"../../../Engine/Content/Internationalization/icudt64l/region/fi.res" 1220
"../../../Engine/Content/Internationalization/icudt64l/lang/fil.res" 1221
"../../../Engine/Content/Internationalization/icudt64l/lang/fil_PH.res" 1222
"../../../Engine/Content/Internationalization/icudt64l/region/fil_PH.res" 1223
"../../../Engine/Content/Internationalization/icudt64l/region/fil.res" 1224
"../../../Engine/Content/Internationalization/icudt64l/lang/fo.res" 1225
"../../../Engine/Content/Internationalization/icudt64l/region/fo.res" 1226
"../../../Engine/Content/Internationalization/icudt64l/lang/fr.res" 1227
"../../../Engine/Content/Internationalization/icudt64l/lang/fr_BE.res" 1228
"../../../Engine/Content/Internationalization/icudt64l/region/fr_BE.res" 1229
"../../../Engine/Content/Internationalization/icudt64l/region/fr.res" 1230
"../../../Engine/Content/Internationalization/icudt64l/lang/fr_CA.res" 1231
"../../../Engine/Content/Internationalization/icudt64l/region/fr_CA.res" 1232
"../../../Engine/Content/Internationalization/icudt64l/lang/fr_CH.res" 1233
"../../../Engine/Content/Internationalization/icudt64l/lang/fur.res" 1234
"../../../Engine/Content/Internationalization/icudt64l/region/fur.res" 1235
"../../../Engine/Content/Internationalization/icudt64l/lang/fy.res" 1236
"../../../Engine/Content/Internationalization/icudt64l/region/fy.res" 1237
"../../../Engine/Content/Internationalization/icudt64l/lang/ga.res" 1238
"../../../Engine/Content/Internationalization/icudt64l/region/ga.res" 1239
"../../../Engine/Content/Internationalization/icudt64l/lang/gd.res" 1240
"../../../Engine/Content/Internationalization/icudt64l/region/gd.res" 1241
"../../../Engine/Content/Internationalization/icudt64l/lang/gl.res" 1242
"../../../Engine/Content/Internationalization/icudt64l/region/gl.res" 1243
"../../../Engine/Content/Internationalization/icudt64l/lang/gsw.res" 1244
"../../../Engine/Content/Internationalization/icudt64l/region/gsw.res" 1245
"../../../Engine/Content/Internationalization/icudt64l/lang/gu.res" 1246
"../../../Engine/Content/Internationalization/icudt64l/region/gu.res" 1247
"../../../Engine/Content/Internationalization/icudt64l/lang/guz.res" 1248
"../../../Engine/Content/Internationalization/icudt64l/region/guz.res" 1249
"../../../Engine/Content/Internationalization/icudt64l/lang/gv.res" 1250
"../../../Engine/Content/Internationalization/icudt64l/region/gv.res" 1251
"../../../Engine/Content/Internationalization/icudt64l/lang/ha.res" 1252
"../../../Engine/Content/Internationalization/icudt64l/region/ha.res" 1253
"../../../Engine/Content/Internationalization/icudt64l/lang/ha_NE.res" 1254
"../../../Engine/Content/Internationalization/icudt64l/region/ha_NE.res" 1255
"../../../Engine/Content/Internationalization/icudt64l/lang/haw.res" 1256
"../../../Engine/Content/Internationalization/icudt64l/region/haw.res" 1257
"../../../Engine/Content/Internationalization/icudt64l/lang/he.res" 1258
"../../../Engine/Content/Internationalization/icudt64l/lang/he_IL.res" 1259
"../../../Engine/Content/Internationalization/icudt64l/region/he_IL.res" 1260
"../../../Engine/Content/Internationalization/icudt64l/region/he.res" 1261
"../../../Engine/Content/Internationalization/icudt64l/lang/hi.res" 1262
"../../../Engine/Content/Internationalization/icudt64l/region/hi.res" 1263
"../../../Engine/Content/Internationalization/icudt64l/lang/hr.res" 1264
"../../../Engine/Content/Internationalization/icudt64l/region/hr.res" 1265
"../../../Engine/Content/Internationalization/icudt64l/lang/hsb.res" 1266
"../../../Engine/Content/Internationalization/icudt64l/region/hsb.res" 1267
"../../../Engine/Content/Internationalization/icudt64l/lang/hu.res" 1268
"../../../Engine/Content/Internationalization/icudt64l/region/hu.res" 1269
"../../../Engine/Content/Internationalization/icudt64l/lang/hy.res" 1270
"../../../Engine/Content/Internationalization/icudt64l/region/hy.res" 1271
"../../../Engine/Content/Internationalization/icudt64l/lang/ia.res" 1272
"../../../Engine/Content/Internationalization/icudt64l/region/ia.res" 1273
"../../../Engine/Content/Internationalization/icudt64l/lang/id.res" 1274
"../../../Engine/Content/Internationalization/icudt64l/lang/id_ID.res" 1275
"../../../Engine/Content/Internationalization/icudt64l/region/id_ID.res" 1276
"../../../Engine/Content/Internationalization/icudt64l/region/id.res" 1277
"../../../Engine/Content/Internationalization/icudt64l/lang/ig.res" 1278
"../../../Engine/Content/Internationalization/icudt64l/region/ig.res" 1279
"../../../Engine/Content/Internationalization/icudt64l/lang/ii.res" 1280
"../../../Engine/Content/Internationalization/icudt64l/region/ii.res" 1281
"../../../Engine/Content/Internationalization/icudt64l/lang/is.res" 1282
"../../../Engine/Content/Internationalization/icudt64l/region/is.res" 1283
"../../../Engine/Content/Internationalization/icudt64l/lang/it.res" 1284
"../../../Engine/Content/Internationalization/icudt64l/region/it.res" 1285
"../../../Engine/Content/Internationalization/icudt64l/lang/ja.res" 1286
"../../../Engine/Content/Internationalization/icudt64l/lang/ja_JP.res" 1287
"../../../Engine/Content/Internationalization/icudt64l/region/ja_JP.res" 1288
"../../../Engine/Content/Internationalization/icudt64l/region/ja.res" 1289
"../../../Engine/Content/Internationalization/icudt64l/lang/jgo.res" 1290
"../../../Engine/Content/Internationalization/icudt64l/region/jgo.res" 1291
"../../../Engine/Content/Internationalization/icudt64l/lang/jmc.res" 1292
"../../../Engine/Content/Internationalization/icudt64l/region/jmc.res" 1293
"../../../Engine/Content/Internationalization/icudt64l/lang/jv.res" 1294
"../../../Engine/Content/Internationalization/icudt64l/region/jv.res" 1295
"../../../Engine/Content/Internationalization/icudt64l/lang/ka.res" 1296
"../../../Engine/Content/Internationalization/icudt64l/region/ka.res" 1297
"../../../Engine/Content/Internationalization/icudt64l/lang/kab.res" 1298
"../../../Engine/Content/Internationalization/icudt64l/region/kab.res" 1299
"../../../Engine/Content/Internationalization/icudt64l/lang/kam.res" 1300
"../../../Engine/Content/Internationalization/icudt64l/region/kam.res" 1301
"../../../Engine/Content/Internationalization/icudt64l/lang/kde.res" 1302
"../../../Engine/Content/Internationalization/icudt64l/region/kde.res" 1303
"../../../Engine/Content/Internationalization/icudt64l/lang/kea.res" 1304
"../../../Engine/Content/Internationalization/icudt64l/region/kea.res" 1305
"../../../Engine/Content/Internationalization/icudt64l/lang/khq.res" 1306
"../../../Engine/Content/Internationalization/icudt64l/region/khq.res" 1307
"../../../Engine/Content/Internationalization/icudt64l/lang/ki.res" 1308
"../../../Engine/Content/Internationalization/icudt64l/region/ki.res" 1309
"../../../Engine/Content/Internationalization/icudt64l/lang/kk.res" 1310
"../../../Engine/Content/Internationalization/icudt64l/region/kk.res" 1311
"../../../Engine/Content/Internationalization/icudt64l/lang/kkj.res" 1312
"../../../Engine/Content/Internationalization/icudt64l/region/kkj.res" 1313
"../../../Engine/Content/Internationalization/icudt64l/lang/kl.res" 1314
"../../../Engine/Content/Internationalization/icudt64l/region/kl.res" 1315
"../../../Engine/Content/Internationalization/icudt64l/lang/kln.res" 1316
"../../../Engine/Content/Internationalization/icudt64l/region/kln.res" 1317
"../../../Engine/Content/Internationalization/icudt64l/lang/km.res" 1318
"../../../Engine/Content/Internationalization/icudt64l/region/km.res" 1319
"../../../Engine/Content/Internationalization/icudt64l/lang/kn.res" 1320
"../../../Engine/Content/Internationalization/icudt64l/region/kn.res" 1321
"../../../Engine/Content/Internationalization/icudt64l/region/ko_KP.res" 1322
"../../../Engine/Content/Internationalization/icudt64l/lang/kok.res" 1323
"../../../Engine/Content/Internationalization/icudt64l/region/kok.res" 1324
"../../../Engine/Content/Internationalization/icudt64l/lang/ks.res" 1325
"../../../Engine/Content/Internationalization/icudt64l/region/ks.res" 1326
"../../../Engine/Content/Internationalization/icudt64l/lang/ksb.res" 1327
"../../../Engine/Content/Internationalization/icudt64l/region/ksb.res" 1328
"../../../Engine/Content/Internationalization/icudt64l/lang/ksf.res" 1329
"../../../Engine/Content/Internationalization/icudt64l/region/ksf.res" 1330
"../../../Engine/Content/Internationalization/icudt64l/lang/ksh.res" 1331
"../../../Engine/Content/Internationalization/icudt64l/region/ksh.res" 1332
"../../../Engine/Content/Internationalization/icudt64l/lang/ku.res" 1333
"../../../Engine/Content/Internationalization/icudt64l/region/ku.res" 1334
"../../../Engine/Content/Internationalization/icudt64l/lang/kw.res" 1335
"../../../Engine/Content/Internationalization/icudt64l/region/kw.res" 1336
"../../../Engine/Content/Internationalization/icudt64l/lang/ky.res" 1337
"../../../Engine/Content/Internationalization/icudt64l/region/ky.res" 1338
"../../../Engine/Content/Internationalization/icudt64l/lang/lag.res" 1339
"../../../Engine/Content/Internationalization/icudt64l/region/lag.res" 1340
"../../../Engine/Content/Internationalization/icudt64l/lang/lb.res" 1341
"../../../Engine/Content/Internationalization/icudt64l/region/lb.res" 1342
"../../../Engine/Content/Internationalization/icudt64l/lang/lg.res" 1343
"../../../Engine/Content/Internationalization/icudt64l/region/lg.res" 1344
"../../../Engine/Content/Internationalization/icudt64l/lang/lkt.res" 1345
"../../../Engine/Content/Internationalization/icudt64l/region/lkt.res" 1346
"../../../Engine/Content/Internationalization/icudt64l/lang/ln.res" 1347
"../../../Engine/Content/Internationalization/icudt64l/region/ln.res" 1348
"../../../Engine/Content/Internationalization/icudt64l/lang/lo.res" 1349
"../../../Engine/Content/Internationalization/icudt64l/region/lo.res" 1350
"../../../Engine/Content/Internationalization/icudt64l/lang/lrc.res" 1351
"../../../Engine/Content/Internationalization/icudt64l/region/lrc.res" 1352
"../../../Engine/Content/Internationalization/icudt64l/lang/lt.res" 1353
"../../../Engine/Content/Internationalization/icudt64l/region/lt.res" 1354
"../../../Engine/Content/Internationalization/icudt64l/lang/lu.res" 1355
"../../../Engine/Content/Internationalization/icudt64l/region/lu.res" 1356
"../../../Engine/Content/Internationalization/icudt64l/lang/luo.res" 1357
"../../../Engine/Content/Internationalization/icudt64l/region/luo.res" 1358
"../../../Engine/Content/Internationalization/icudt64l/lang/luy.res" 1359
"../../../Engine/Content/Internationalization/icudt64l/region/luy.res" 1360
"../../../Engine/Content/Internationalization/icudt64l/lang/lv.res" 1361
"../../../Engine/Content/Internationalization/icudt64l/region/lv.res" 1362
"../../../Engine/Content/Internationalization/icudt64l/lang/mas.res" 1363
"../../../Engine/Content/Internationalization/icudt64l/region/mas.res" 1364
"../../../Engine/Content/Internationalization/icudt64l/lang/mer.res" 1365
"../../../Engine/Content/Internationalization/icudt64l/region/mer.res" 1366
"../../../Engine/Content/Internationalization/icudt64l/lang/mfe.res" 1367
"../../../Engine/Content/Internationalization/icudt64l/region/mfe.res" 1368
"../../../Engine/Content/Internationalization/icudt64l/lang/mg.res" 1369
"../../../Engine/Content/Internationalization/icudt64l/region/mg.res" 1370
"../../../Engine/Content/Internationalization/icudt64l/lang/mgh.res" 1371
"../../../Engine/Content/Internationalization/icudt64l/region/mgh.res" 1372
"../../../Engine/Content/Internationalization/icudt64l/lang/mgo.res" 1373
"../../../Engine/Content/Internationalization/icudt64l/region/mgo.res" 1374
"../../../Engine/Content/Internationalization/icudt64l/lang/mi.res" 1375
"../../../Engine/Content/Internationalization/icudt64l/region/mi.res" 1376
"../../../Engine/Content/Internationalization/icudt64l/lang/mk.res" 1377
"../../../Engine/Content/Internationalization/icudt64l/region/mk.res" 1378
"../../../Engine/Content/Internationalization/icudt64l/lang/ml.res" 1379
"../../../Engine/Content/Internationalization/icudt64l/region/ml.res" 1380
"../../../Engine/Content/Internationalization/icudt64l/lang/mn.res" 1381
"../../../Engine/Content/Internationalization/icudt64l/region/mn.res" 1382
"../../../Engine/Content/Internationalization/icudt64l/lang/mr.res" 1383
"../../../Engine/Content/Internationalization/icudt64l/region/mr.res" 1384
"../../../Engine/Content/Internationalization/icudt64l/lang/ms.res" 1385
"../../../Engine/Content/Internationalization/icudt64l/region/ms.res" 1386
"../../../Engine/Content/Internationalization/icudt64l/lang/mt.res" 1387
"../../../Engine/Content/Internationalization/icudt64l/region/mt.res" 1388
"../../../Engine/Content/Internationalization/icudt64l/lang/mua.res" 1389
"../../../Engine/Content/Internationalization/icudt64l/region/mua.res" 1390
"../../../Engine/Content/Internationalization/icudt64l/lang/my.res" 1391
"../../../Engine/Content/Internationalization/icudt64l/region/my.res" 1392
"../../../Engine/Content/Internationalization/icudt64l/lang/mzn.res" 1393
"../../../Engine/Content/Internationalization/icudt64l/region/mzn.res" 1394
"../../../Engine/Content/Internationalization/icudt64l/lang/naq.res" 1395
"../../../Engine/Content/Internationalization/icudt64l/region/naq.res" 1396
"../../../Engine/Content/Internationalization/icudt64l/lang/nb.res" 1397
"../../../Engine/Content/Internationalization/icudt64l/lang/nb_NO.res" 1398
"../../../Engine/Content/Internationalization/icudt64l/region/nb_NO.res" 1399
"../../../Engine/Content/Internationalization/icudt64l/region/nb.res" 1400
"../../../Engine/Content/Internationalization/icudt64l/lang/nd.res" 1401
"../../../Engine/Content/Internationalization/icudt64l/region/nd.res" 1402
"../../../Engine/Content/Internationalization/icudt64l/lang/nds.res" 1403
"../../../Engine/Content/Internationalization/icudt64l/region/nds.res" 1404
"../../../Engine/Content/Internationalization/icudt64l/lang/ne.res" 1405
"../../../Engine/Content/Internationalization/icudt64l/region/ne.res" 1406
"../../../Engine/Content/Internationalization/icudt64l/lang/nl.res" 1407
"../../../Engine/Content/Internationalization/icudt64l/region/nl.res" 1408
"../../../Engine/Content/Internationalization/icudt64l/lang/nmg.res" 1409
"../../../Engine/Content/Internationalization/icudt64l/region/nmg.res" 1410
"../../../Engine/Content/Internationalization/icudt64l/lang/nn.res" 1411
"../../../Engine/Content/Internationalization/icudt64l/lang/nn_NO.res" 1412
"../../../Engine/Content/Internationalization/icudt64l/region/nn_NO.res" 1413
"../../../Engine/Content/Internationalization/icudt64l/region/nn.res" 1414
"../../../Engine/Content/Internationalization/icudt64l/lang/nnh.res" 1415
"../../../Engine/Content/Internationalization/icudt64l/region/nnh.res" 1416
"../../../Engine/Content/Internationalization/icudt64l/lang/nus.res" 1417
"../../../Engine/Content/Internationalization/icudt64l/region/nus.res" 1418
"../../../Engine/Content/Internationalization/icudt64l/lang/nyn.res" 1419
"../../../Engine/Content/Internationalization/icudt64l/region/nyn.res" 1420
"../../../Engine/Content/Internationalization/icudt64l/lang/om.res" 1421
"../../../Engine/Content/Internationalization/icudt64l/region/om.res" 1422
"../../../Engine/Content/Internationalization/icudt64l/lang/or.res" 1423
"../../../Engine/Content/Internationalization/icudt64l/region/or.res" 1424
"../../../Engine/Content/Internationalization/icudt64l/lang/os.res" 1425
"../../../Engine/Content/Internationalization/icudt64l/region/os.res" 1426
"../../../Engine/Content/Internationalization/icudt64l/lang/pa.res" 1427
"../../../Engine/Content/Internationalization/icudt64l/lang/pa_Arab.res" 1428
"../../../Engine/Content/Internationalization/icudt64l/lang/pa_PK.res" 1429
"../../../Engine/Content/Internationalization/icudt64l/lang/pa_Arab_PK.res" 1430
"../../../Engine/Content/Internationalization/icudt64l/region/pa_PK.res" 1431
"../../../Engine/Content/Internationalization/icudt64l/region/pa_Arab_PK.res" 1432
"../../../Engine/Content/Internationalization/icudt64l/region/pa_Arab.res" 1433
"../../../Engine/Content/Internationalization/icudt64l/lang/pa_Guru.res" 1434
"../../../Engine/Content/Internationalization/icudt64l/lang/pa_IN.res" 1435
"../../../Engine/Content/Internationalization/icudt64l/lang/pa_Guru_IN.res" 1436
"../../../Engine/Content/Internationalization/icudt64l/region/pa_IN.res" 1437
"../../../Engine/Content/Internationalization/icudt64l/region/pa_Guru_IN.res" 1438
"../../../Engine/Content/Internationalization/icudt64l/region/pa_Guru.res" 1439
"../../../Engine/Content/Internationalization/icudt64l/region/pa.res" 1440
"../../../Engine/Content/Internationalization/icudt64l/lang/pl.res" 1441
"../../../Engine/Content/Internationalization/icudt64l/region/pl.res" 1442
"../../../Engine/Content/Internationalization/icudt64l/lang/ps.res" 1443
"../../../Engine/Content/Internationalization/icudt64l/region/ps.res" 1444
"../../../Engine/Content/Internationalization/icudt64l/lang/ps_PK.res" 1445
"../../../Engine/Content/Internationalization/icudt64l/region/ps_PK.res" 1446
"../../../Engine/Content/Internationalization/icudt64l/lang/pt.res" 1447
"../../../Engine/Content/Internationalization/icudt64l/lang/pt_AO.res" 1448
"../../../Engine/Content/Internationalization/icudt64l/lang/pt_PT.res" 1449
"../../../Engine/Content/Internationalization/icudt64l/region/pt_AO.res" 1450
"../../../Engine/Content/Internationalization/icudt64l/region/pt_PT.res" 1451
"../../../Engine/Content/Internationalization/icudt64l/region/pt.res" 1452
"../../../Engine/Content/Internationalization/icudt64l/lang/pt_CH.res" 1453
"../../../Engine/Content/Internationalization/icudt64l/region/pt_CH.res" 1454
"../../../Engine/Content/Internationalization/icudt64l/lang/pt_CV.res" 1455
"../../../Engine/Content/Internationalization/icudt64l/region/pt_CV.res" 1456
"../../../Engine/Content/Internationalization/icudt64l/lang/pt_GQ.res" 1457
"../../../Engine/Content/Internationalization/icudt64l/region/pt_GQ.res" 1458
"../../../Engine/Content/Internationalization/icudt64l/lang/pt_GW.res" 1459
"../../../Engine/Content/Internationalization/icudt64l/region/pt_GW.res" 1460
"../../../Engine/Content/Internationalization/icudt64l/lang/pt_LU.res" 1461
"../../../Engine/Content/Internationalization/icudt64l/region/pt_LU.res" 1462
"../../../Engine/Content/Internationalization/icudt64l/lang/pt_MO.res" 1463
"../../../Engine/Content/Internationalization/icudt64l/region/pt_MO.res" 1464
"../../../Engine/Content/Internationalization/icudt64l/lang/pt_MZ.res" 1465
"../../../Engine/Content/Internationalization/icudt64l/region/pt_MZ.res" 1466
"../../../Engine/Content/Internationalization/icudt64l/lang/pt_ST.res" 1467
"../../../Engine/Content/Internationalization/icudt64l/region/pt_ST.res" 1468
"../../../Engine/Content/Internationalization/icudt64l/lang/pt_TL.res" 1469
"../../../Engine/Content/Internationalization/icudt64l/region/pt_TL.res" 1470
"../../../Engine/Content/Internationalization/icudt64l/lang/qu.res" 1471
"../../../Engine/Content/Internationalization/icudt64l/region/qu.res" 1472
"../../../Engine/Content/Internationalization/icudt64l/lang/rm.res" 1473
"../../../Engine/Content/Internationalization/icudt64l/region/rm.res" 1474
"../../../Engine/Content/Internationalization/icudt64l/lang/rn.res" 1475
"../../../Engine/Content/Internationalization/icudt64l/region/rn.res" 1476
"../../../Engine/Content/Internationalization/icudt64l/lang/ro.res" 1477
"../../../Engine/Content/Internationalization/icudt64l/lang/ro_MD.res" 1478
"../../../Engine/Content/Internationalization/icudt64l/region/ro_MD.res" 1479
"../../../Engine/Content/Internationalization/icudt64l/region/ro.res" 1480
"../../../Engine/Content/Internationalization/icudt64l/lang/rof.res" 1481
"../../../Engine/Content/Internationalization/icudt64l/region/rof.res" 1482
"../../../Engine/Content/Internationalization/icudt64l/lang/ru.res" 1483
"../../../Engine/Content/Internationalization/icudt64l/region/ru.res" 1484
"../../../Engine/Content/Internationalization/icudt64l/region/ru_UA.res" 1485
"../../../Engine/Content/Internationalization/icudt64l/lang/rw.res" 1486
"../../../Engine/Content/Internationalization/icudt64l/region/rw.res" 1487
"../../../Engine/Content/Internationalization/icudt64l/lang/rwk.res" 1488
"../../../Engine/Content/Internationalization/icudt64l/region/rwk.res" 1489
"../../../Engine/Content/Internationalization/icudt64l/lang/sah.res" 1490
"../../../Engine/Content/Internationalization/icudt64l/region/sah.res" 1491
"../../../Engine/Content/Internationalization/icudt64l/lang/saq.res" 1492
"../../../Engine/Content/Internationalization/icudt64l/region/saq.res" 1493
"../../../Engine/Content/Internationalization/icudt64l/lang/sbp.res" 1494
"../../../Engine/Content/Internationalization/icudt64l/region/sbp.res" 1495
"../../../Engine/Content/Internationalization/icudt64l/lang/sd.res" 1496
"../../../Engine/Content/Internationalization/icudt64l/region/sd.res" 1497
"../../../Engine/Content/Internationalization/icudt64l/lang/se.res" 1498
"../../../Engine/Content/Internationalization/icudt64l/lang/se_FI.res" 1499
"../../../Engine/Content/Internationalization/icudt64l/region/se_FI.res" 1500
"../../../Engine/Content/Internationalization/icudt64l/region/se.res" 1501
"../../../Engine/Content/Internationalization/icudt64l/lang/seh.res" 1502
"../../../Engine/Content/Internationalization/icudt64l/region/seh.res" 1503
"../../../Engine/Content/Internationalization/icudt64l/lang/ses.res" 1504
"../../../Engine/Content/Internationalization/icudt64l/region/ses.res" 1505
"../../../Engine/Content/Internationalization/icudt64l/lang/sg.res" 1506
"../../../Engine/Content/Internationalization/icudt64l/region/sg.res" 1507
"../../../Engine/Content/Internationalization/icudt64l/lang/shi.res" 1508
"../../../Engine/Content/Internationalization/icudt64l/lang/shi_Latn.res" 1509
"../../../Engine/Content/Internationalization/icudt64l/lang/shi_MA.res" 1510
"../../../Engine/Content/Internationalization/icudt64l/lang/shi_Tfng_MA.res" 1511
"../../../Engine/Content/Internationalization/icudt64l/lang/shi_Tfng.res" 1512
"../../../Engine/Content/Internationalization/icudt64l/region/shi_MA.res" 1513
"../../../Engine/Content/Internationalization/icudt64l/region/shi_Tfng_MA.res" 1514
"../../../Engine/Content/Internationalization/icudt64l/region/shi_Tfng.res" 1515
"../../../Engine/Content/Internationalization/icudt64l/region/shi.res" 1516
"../../../Engine/Content/Internationalization/icudt64l/region/shi_Latn.res" 1517
"../../../Engine/Content/Internationalization/icudt64l/lang/si.res" 1518
"../../../Engine/Content/Internationalization/icudt64l/region/si.res" 1519
"../../../Engine/Content/Internationalization/icudt64l/lang/sk.res" 1520
"../../../Engine/Content/Internationalization/icudt64l/region/sk.res" 1521
"../../../Engine/Content/Internationalization/icudt64l/lang/sl.res" 1522
"../../../Engine/Content/Internationalization/icudt64l/region/sl.res" 1523
"../../../Engine/Content/Internationalization/icudt64l/lang/smn.res" 1524
"../../../Engine/Content/Internationalization/icudt64l/region/smn.res" 1525
"../../../Engine/Content/Internationalization/icudt64l/lang/sn.res" 1526
"../../../Engine/Content/Internationalization/icudt64l/region/sn.res" 1527
"../../../Engine/Content/Internationalization/icudt64l/lang/so.res" 1528
"../../../Engine/Content/Internationalization/icudt64l/region/so.res" 1529
"../../../Engine/Content/Internationalization/icudt64l/lang/sq.res" 1530
"../../../Engine/Content/Internationalization/icudt64l/region/sq.res" 1531
"../../../Engine/Content/Internationalization/icudt64l/lang/sr.res" 1532
"../../../Engine/Content/Internationalization/icudt64l/lang/sr_Cyrl.res" 1533
"../../../Engine/Content/Internationalization/icudt64l/lang/sr_BA.res" 1534
"../../../Engine/Content/Internationalization/icudt64l/lang/sr_Cyrl_BA.res" 1535
"../../../Engine/Content/Internationalization/icudt64l/region/sr_BA.res" 1536
"../../../Engine/Content/Internationalization/icudt64l/region/sr_Cyrl_BA.res" 1537
"../../../Engine/Content/Internationalization/icudt64l/region/sr_Cyrl.res" 1538
"../../../Engine/Content/Internationalization/icudt64l/region/sr.res" 1539
"../../../Engine/Content/Internationalization/icudt64l/lang/sr_ME.res" 1540
"../../../Engine/Content/Internationalization/icudt64l/lang/sr_Latn_ME.res" 1541
"../../../Engine/Content/Internationalization/icudt64l/lang/sr_Latn.res" 1542
"../../../Engine/Content/Internationalization/icudt64l/region/sr_ME.res" 1543
"../../../Engine/Content/Internationalization/icudt64l/region/sr_Latn_ME.res" 1544
"../../../Engine/Content/Internationalization/icudt64l/region/sr_Latn.res" 1545
"../../../Engine/Content/Internationalization/icudt64l/lang/sr_Cyrl_ME.res" 1546
"../../../Engine/Content/Internationalization/icudt64l/region/sr_Cyrl_ME.res" 1547
"../../../Engine/Content/Internationalization/icudt64l/lang/sr_RS.res" 1548
"../../../Engine/Content/Internationalization/icudt64l/lang/sr_Cyrl_RS.res" 1549
"../../../Engine/Content/Internationalization/icudt64l/region/sr_RS.res" 1550
"../../../Engine/Content/Internationalization/icudt64l/region/sr_Cyrl_RS.res" 1551
"../../../Engine/Content/Internationalization/icudt64l/lang/sr_XK.res" 1552
"../../../Engine/Content/Internationalization/icudt64l/lang/sr_Cyrl_XK.res" 1553
"../../../Engine/Content/Internationalization/icudt64l/region/sr_XK.res" 1554
"../../../Engine/Content/Internationalization/icudt64l/region/sr_Cyrl_XK.res" 1555
"../../../Engine/Content/Internationalization/icudt64l/lang/sr_Latn_BA.res" 1556
"../../../Engine/Content/Internationalization/icudt64l/region/sr_Latn_BA.res" 1557
"../../../Engine/Content/Internationalization/icudt64l/lang/sr_Latn_RS.res" 1558
"../../../Engine/Content/Internationalization/icudt64l/region/sr_Latn_RS.res" 1559
"../../../Engine/Content/Internationalization/icudt64l/lang/sr_Latn_XK.res" 1560
"../../../Engine/Content/Internationalization/icudt64l/region/sr_Latn_XK.res" 1561
"../../../Engine/Content/Internationalization/icudt64l/lang/sv.res" 1562
"../../../Engine/Content/Internationalization/icudt64l/region/sv.res" 1563
"../../../Engine/Content/Internationalization/icudt64l/lang/sv_FI.res" 1564
"../../../Engine/Content/Internationalization/icudt64l/lang/sw.res" 1565
"../../../Engine/Content/Internationalization/icudt64l/lang/sw_CD.res" 1566
"../../../Engine/Content/Internationalization/icudt64l/region/sw_CD.res" 1567
"../../../Engine/Content/Internationalization/icudt64l/region/sw.res" 1568
"../../../Engine/Content/Internationalization/icudt64l/lang/sw_KE.res" 1569
"../../../Engine/Content/Internationalization/icudt64l/region/sw_KE.res" 1570
"../../../Engine/Content/Internationalization/icudt64l/lang/ta.res" 1571
"../../../Engine/Content/Internationalization/icudt64l/region/ta.res" 1572
"../../../Engine/Content/Internationalization/icudt64l/lang/te.res" 1573
"../../../Engine/Content/Internationalization/icudt64l/region/te.res" 1574
"../../../Engine/Content/Internationalization/icudt64l/lang/teo.res" 1575
"../../../Engine/Content/Internationalization/icudt64l/region/teo.res" 1576
"../../../Engine/Content/Internationalization/icudt64l/lang/tg.res" 1577
"../../../Engine/Content/Internationalization/icudt64l/region/tg.res" 1578
"../../../Engine/Content/Internationalization/icudt64l/lang/th.res" 1579
"../../../Engine/Content/Internationalization/icudt64l/lang/th_TH.res" 1580
"../../../Engine/Content/Internationalization/icudt64l/region/th_TH.res" 1581
"../../../Engine/Content/Internationalization/icudt64l/region/th.res" 1582
"../../../Engine/Content/Internationalization/icudt64l/lang/ti.res" 1583
"../../../Engine/Content/Internationalization/icudt64l/region/ti.res" 1584
"../../../Engine/Content/Internationalization/icudt64l/lang/tk.res" 1585
"../../../Engine/Content/Internationalization/icudt64l/region/tk.res" 1586
"../../../Engine/Content/Internationalization/icudt64l/lang/to.res" 1587
"../../../Engine/Content/Internationalization/icudt64l/region/to.res" 1588
"../../../Engine/Content/Internationalization/icudt64l/lang/tr.res" 1589
"../../../Engine/Content/Internationalization/icudt64l/region/tr.res" 1590
"../../../Engine/Content/Internationalization/icudt64l/lang/tt.res" 1591
"../../../Engine/Content/Internationalization/icudt64l/region/tt.res" 1592
"../../../Engine/Content/Internationalization/icudt64l/lang/twq.res" 1593
"../../../Engine/Content/Internationalization/icudt64l/region/twq.res" 1594
"../../../Engine/Content/Internationalization/icudt64l/lang/tzm.res" 1595
"../../../Engine/Content/Internationalization/icudt64l/region/tzm.res" 1596
"../../../Engine/Content/Internationalization/icudt64l/lang/ug.res" 1597
"../../../Engine/Content/Internationalization/icudt64l/region/ug.res" 1598
"../../../Engine/Content/Internationalization/icudt64l/lang/uk.res" 1599
"../../../Engine/Content/Internationalization/icudt64l/region/uk.res" 1600
"../../../Engine/Content/Internationalization/icudt64l/lang/ur.res" 1601
"../../../Engine/Content/Internationalization/icudt64l/lang/ur_IN.res" 1602
"../../../Engine/Content/Internationalization/icudt64l/region/ur_IN.res" 1603
"../../../Engine/Content/Internationalization/icudt64l/region/ur.res" 1604
"../../../Engine/Content/Internationalization/icudt64l/lang/uz.res" 1605
"../../../Engine/Content/Internationalization/icudt64l/lang/uz_Arab.res" 1606
"../../../Engine/Content/Internationalization/icudt64l/lang/uz_AF.res" 1607
"../../../Engine/Content/Internationalization/icudt64l/lang/uz_Arab_AF.res" 1608
"../../../Engine/Content/Internationalization/icudt64l/region/uz_AF.res" 1609
"../../../Engine/Content/Internationalization/icudt64l/region/uz_Arab_AF.res" 1610
"../../../Engine/Content/Internationalization/icudt64l/region/uz_Arab.res" 1611
"../../../Engine/Content/Internationalization/icudt64l/lang/uz_Cyrl.res" 1612
"../../../Engine/Content/Internationalization/icudt64l/lang/uz_UZ.res" 1613
"../../../Engine/Content/Internationalization/icudt64l/lang/uz_Latn_UZ.res" 1614
"../../../Engine/Content/Internationalization/icudt64l/lang/uz_Latn.res" 1615
"../../../Engine/Content/Internationalization/icudt64l/region/uz_UZ.res" 1616
"../../../Engine/Content/Internationalization/icudt64l/region/uz_Latn_UZ.res" 1617
"../../../Engine/Content/Internationalization/icudt64l/region/uz_Latn.res" 1618
"../../../Engine/Content/Internationalization/icudt64l/region/uz.res" 1619
"../../../Engine/Content/Internationalization/icudt64l/region/uz_Cyrl.res" 1620
"../../../Engine/Content/Internationalization/icudt64l/lang/vai.res" 1621
"../../../Engine/Content/Internationalization/icudt64l/lang/vai_Latn.res" 1622
"../../../Engine/Content/Internationalization/icudt64l/lang/vai_LR.res" 1623
"../../../Engine/Content/Internationalization/icudt64l/lang/vai_Vaii_LR.res" 1624
"../../../Engine/Content/Internationalization/icudt64l/lang/vai_Vaii.res" 1625
"../../../Engine/Content/Internationalization/icudt64l/region/vai_LR.res" 1626
"../../../Engine/Content/Internationalization/icudt64l/region/vai_Vaii_LR.res" 1627
"../../../Engine/Content/Internationalization/icudt64l/region/vai_Vaii.res" 1628
"../../../Engine/Content/Internationalization/icudt64l/region/vai.res" 1629
"../../../Engine/Content/Internationalization/icudt64l/region/vai_Latn.res" 1630
"../../../Engine/Content/Internationalization/icudt64l/lang/vi.res" 1631
"../../../Engine/Content/Internationalization/icudt64l/region/vi.res" 1632
"../../../Engine/Content/Internationalization/icudt64l/lang/vun.res" 1633
"../../../Engine/Content/Internationalization/icudt64l/region/vun.res" 1634
"../../../Engine/Content/Internationalization/icudt64l/lang/wae.res" 1635
"../../../Engine/Content/Internationalization/icudt64l/region/wae.res" 1636
"../../../Engine/Content/Internationalization/icudt64l/lang/wo.res" 1637
"../../../Engine/Content/Internationalization/icudt64l/region/wo.res" 1638
"../../../Engine/Content/Internationalization/icudt64l/lang/xh.res" 1639
"../../../Engine/Content/Internationalization/icudt64l/region/xh.res" 1640
"../../../Engine/Content/Internationalization/icudt64l/lang/xog.res" 1641
"../../../Engine/Content/Internationalization/icudt64l/region/xog.res" 1642
"../../../Engine/Content/Internationalization/icudt64l/lang/yav.res" 1643
"../../../Engine/Content/Internationalization/icudt64l/region/yav.res" 1644
"../../../Engine/Content/Internationalization/icudt64l/lang/yi.res" 1645
"../../../Engine/Content/Internationalization/icudt64l/region/yi.res" 1646
"../../../Engine/Content/Internationalization/icudt64l/lang/yo.res" 1647
"../../../Engine/Content/Internationalization/icudt64l/lang/yo_BJ.res" 1648
"../../../Engine/Content/Internationalization/icudt64l/region/yo_BJ.res" 1649
"../../../Engine/Content/Internationalization/icudt64l/region/yo.res" 1650
"../../../Engine/Content/Internationalization/icudt64l/lang/yue.res" 1651
"../../../Engine/Content/Internationalization/icudt64l/lang/yue_Hans.res" 1652
"../../../Engine/Content/Internationalization/icudt64l/lang/yue_CN.res" 1653
"../../../Engine/Content/Internationalization/icudt64l/lang/yue_Hans_CN.res" 1654
"../../../Engine/Content/Internationalization/icudt64l/region/yue_CN.res" 1655
"../../../Engine/Content/Internationalization/icudt64l/region/yue_Hans_CN.res" 1656
"../../../Engine/Content/Internationalization/icudt64l/region/yue_Hans.res" 1657
"../../../Engine/Content/Internationalization/icudt64l/lang/yue_Hant.res" 1658
"../../../Engine/Content/Internationalization/icudt64l/lang/yue_HK.res" 1659
"../../../Engine/Content/Internationalization/icudt64l/lang/yue_Hant_HK.res" 1660
"../../../Engine/Content/Internationalization/icudt64l/region/yue_HK.res" 1661
"../../../Engine/Content/Internationalization/icudt64l/region/yue_Hant_HK.res" 1662
"../../../Engine/Content/Internationalization/icudt64l/region/yue_Hant.res" 1663
"../../../Engine/Content/Internationalization/icudt64l/region/yue.res" 1664
"../../../Engine/Content/Internationalization/icudt64l/lang/zgh.res" 1665
"../../../Engine/Content/Internationalization/icudt64l/region/zgh.res" 1666
"../../../Engine/Content/Internationalization/icudt64l/lang/zh.res" 1667
"../../../Engine/Content/Internationalization/icudt64l/lang/zh_Hans.res" 1668
"../../../Engine/Content/Internationalization/icudt64l/lang/zh_CN.res" 1669
"../../../Engine/Content/Internationalization/icudt64l/lang/zh_Hans_CN.res" 1670
"../../../Engine/Content/Internationalization/icudt64l/region/zh_CN.res" 1671
"../../../Engine/Content/Internationalization/icudt64l/region/zh_Hans_CN.res" 1672
"../../../Engine/Content/Internationalization/icudt64l/region/zh_Hans.res" 1673
"../../../Engine/Content/Internationalization/icudt64l/region/zh.res" 1674
"../../../Engine/Content/Internationalization/icudt64l/lang/zh_HK.res" 1675
"../../../Engine/Content/Internationalization/icudt64l/lang/zh_Hant_HK.res" 1676
"../../../Engine/Content/Internationalization/icudt64l/lang/zh_Hant.res" 1677
"../../../Engine/Content/Internationalization/icudt64l/region/zh_HK.res" 1678
"../../../Engine/Content/Internationalization/icudt64l/region/zh_Hant_HK.res" 1679
"../../../Engine/Content/Internationalization/icudt64l/region/zh_Hant.res" 1680
"../../../Engine/Content/Internationalization/icudt64l/lang/zh_MO.res" 1681
"../../../Engine/Content/Internationalization/icudt64l/lang/zh_Hant_MO.res" 1682
"../../../Engine/Content/Internationalization/icudt64l/region/zh_MO.res" 1683
"../../../Engine/Content/Internationalization/icudt64l/region/zh_Hant_MO.res" 1684
"../../../Engine/Content/Internationalization/icudt64l/lang/zh_SG.res" 1685
"../../../Engine/Content/Internationalization/icudt64l/lang/zh_Hans_SG.res" 1686
"../../../Engine/Content/Internationalization/icudt64l/region/zh_SG.res" 1687
"../../../Engine/Content/Internationalization/icudt64l/region/zh_Hans_SG.res" 1688
"../../../Engine/Content/Internationalization/icudt64l/lang/zh_TW.res" 1689
"../../../Engine/Content/Internationalization/icudt64l/lang/zh_Hant_TW.res" 1690
"../../../Engine/Content/Internationalization/icudt64l/region/zh_TW.res" 1691
"../../../Engine/Content/Internationalization/icudt64l/region/zh_Hant_TW.res" 1692
"../../../Engine/Content/Internationalization/icudt64l/lang/zu.res" 1693
"../../../Engine/Content/Internationalization/icudt64l/region/zu.res" 1694
"../../../Engine/Content/Internationalization/icudt64l/lang/no.res" 1695
"../../../Engine/Content/Internationalization/icudt64l/lang/tl.res" 1696
"../../../Engine/Config/Android/DataDrivenPlatformInfo.ini" 1697
"../../../Engine/Config/HoloLens/DataDrivenPlatformInfo.ini" 1698
"../../../Engine/Config/IOS/DataDrivenPlatformInfo.ini" 1699
"../../../Engine/Config/Linux/DataDrivenPlatformInfo.ini" 1700
"../../../Engine/Config/LinuxArm64/DataDrivenPlatformInfo.ini" 1701
"../../../Engine/Config/Mac/DataDrivenPlatformInfo.ini" 1702
"../../../Engine/Config/TVOS/DataDrivenPlatformInfo.ini" 1703
"../../../Engine/Config/Unix/DataDrivenPlatformInfo.ini" 1704
"../../../Engine/Config/VulkanPC/DataDrivenPlatformInfo.ini" 1705
"../../../Engine/Config/Windows/DataDrivenPlatformInfo.ini" 1706
"../../../Engine/DerivedDataCache/TestData/0/TestData_4kb.dat" 1707
"../../../Engine/DerivedDataCache/TestData/1/TestData_4kb.dat" 1708
"../../../Engine/DerivedDataCache/TestData/0/TestData_8kb.dat" 1709
"../../../Engine/DerivedDataCache/TestData/1/TestData_8kb.dat" 1710
"../../../Engine/DerivedDataCache/TestData/0/TestData_16kb.dat" 1711
"../../../Engine/DerivedDataCache/TestData/1/TestData_16kb.dat" 1712
"../../../Engine/DerivedDataCache/TestData/0/TestData_64kb.dat" 1713
"../../../Engine/DerivedDataCache/TestData/1/TestData_64kb.dat" 1714
"../../../Engine/DerivedDataCache/TestData/0/TestData_128kb.dat" 1715
"../../../Engine/DerivedDataCache/TestData/1/TestData_128kb.dat" 1716
"../../../Engine/DerivedDataCache/TestData/0/TestData_256kb.dat" 1717
"../../../Engine/DerivedDataCache/TestData/1/TestData_256kb.dat" 1718
"../../../Engine/Plugins/FX/Niagara/Shaders/Private/NiagaraSpriteVertexFactory.ush" 1719
"../../../Engine/Shaders/Private/VertexFactoryCommon.ush" 1720
"../../../Engine/Shaders/Private/Common.ush" 1721
"../../../Engine/Shaders/Public/Platform.ush" 1722
"../../../Engine/Shaders/Public/FP16Math.ush" 1723
"../../../Engine/Shaders/Public/Platform/D3D/D3DCommon.ush" 1724
"../../../Engine/Shaders/Public/BindlessResources.ush" 1725
"../../../Engine/Shaders/Public/ShaderVersion.ush" 1726
"../../../Engine/Shaders/Private/GeneratedUniformBufferTypes.ush" 1727
"../../../Engine/Shaders/Private/Nanite/NanitePackedNaniteView.ush" 1728
"../../../Engine/Shaders/Private/HairStrands/HairStrandsVisibilityCommonStruct.ush" 1729
"../../../Engine/Shaders/Private/HairStrands/HairStrandsVoxelPageCommonStruct.ush" 1730
"../../../Engine/Shaders/Private/HairStrands/HairStrandsDeepShadowCommonStruct.ush" 1731
"../../../Engine/Shaders/Private/CommonViewUniformBuffer.ush" 1732
"../../../Engine/Shaders/Private/LargeWorldCoordinates.ush" 1733
"../../../Engine/Shaders/Private/LWCOperations.ush" 1734
"../../../Engine/Shaders/Private/InstancedStereo.ush" 1735
"../../../Engine/Shaders/Private/Definitions.usf" 1736
"../../../Engine/Shaders/Private/AssertionMacros.ush" 1737
"../../../Engine/Shaders/Private/FastMath.ush" 1738
"../../../Engine/Shaders/Private/FastMathThirdParty.ush" 1739
"../../../Engine/Shaders/Private/Random.ush" 1740
"../../../Engine/Shaders/Private/SceneData.ush" 1741
"../../../Engine/Shaders/Private/OctahedralCommon.ush" 1742
"../../../Engine/Shaders/Shared/LightSceneData.h" 1743
"../../../Engine/Shaders/Shared/HLSLTypeAliases.h" 1744
"../../../Engine/Shaders/Private/ParticleVertexFactoryCommon.ush" 1745
"../../../Engine/Plugins/FX/Niagara/Shaders/Private/NiagaraVFCommon.usf" 1746
"../../../Engine/Plugins/FX/Niagara/Shaders/Private/NiagaraVFParticleAccess.usf" 1747
"../../../Engine/Plugins/FX/Niagara/Shaders/Private/NiagaraParticleAccess.ush" 1748
"../../../Engine/Shaders/Private/VertexFactoryDefaultInterface.ush" 1749
"../../../Engine/Plugins/FX/Niagara/Shaders/Private/NiagaraRibbonVertexFactory.ush" 1750
"../../../Engine/Plugins/FX/Niagara/Shaders/Private/NiagaraMeshVertexFactory.ush" 1751
"../../../Engine/Plugins/FX/Niagara/Shaders/Private/NiagaraCommon.ush" 1752
"../../../Engine/Plugins/FX/Niagara/Shaders/Private/NiagaraMeshParticleUtils.ush" 1753
"../../../Engine/Shaders/Private/RayTracing/RayTracingCommon.ush" 1754
"../../../Engine/Shaders/Private/ShadingCommon.ush" 1755
"../../../Engine/Shaders/Shared/RayTracingDefinitions.h" 1756
"../../../Engine/Shaders/Shared/RayTracingPayloadType.h" 1757
"../../../Engine/Shaders/Shared/HLSLStaticAssert.h" 1758
"../../../Engine/Shaders/Private/RayTracing/RayTracingRayCone.ush" 1759
"../../../Engine/Shaders/Private/Strata/Strata.ush" 1760
"../../../Engine/Shaders/Private/ShadingEnergyConservation.ush" 1761
"../../../Engine/Shaders/Private/ShadingEnergyConservationTemplate.ush" 1762
"../../../Engine/Shaders/Private/BRDF.ush" 1763
"../../../Engine/Shaders/Private/ColorSpace.ush" 1764
"../../../Engine/Shaders/Private/DeferredShadingCommon.ush" 1765
"../../../Engine/Shaders/Private/LightAccumulator.ush" 1766
"../../../Engine/Shaders/Private/SceneTexturesCommon.ush" 1767
"../../../Engine/Shaders/Private/MonteCarlo.ush" 1768
"../../../Engine/Shaders/Private/GBufferHelpers.ush" 1769
"../../../Engine/Shaders/Private/SceneTextureParameters.ush" 1770
"D:/Unreal/LostWaves/Intermediate/ShaderAutogen/PCD3D_SM5/AutogenShaderHeaders.ush" 1771
"../../../Engine/Shaders/Private/ParticipatingMediaCommon.ush" 1772
"../../../Engine/Shaders/Private/ThinFilmBSDF.ush" 1773
"../../../Engine/Shaders/Private/MortonCode.ush" 1774
"../../../Engine/Shaders/Private/SubsurfaceProfileCommon.ush" 1775
"../../../Engine/Shaders/Private/BurleyNormalizedSSSCommon.ush" 1776
"../../../Engine/Shaders/Private/GammaCorrectionCommon.ush" 1777
"../../../Engine/Shaders/Shared/StrataDefinitions.h" 1778
"../../../Engine/Shaders/Private/Strata/StrataStatisticalOperators.ush" 1779
"../../../Engine/Shaders/Private/RayTracing/RayTracingCommonMetal.ush" 1780
"../../../Engine/Shaders/Private/PositionReconstructionCommon.ush" 1781
"../../../Engine/Shaders/Private/RayTracing/RayTracingHitGroupCommon.ush" 1782
"../../../Engine/Shaders/Shared/RayTracingBuiltInResources.h" 1783
"../../../Engine/Shaders/Private/VectorFieldVisualizationVertexFactory.ush" 1784
"../../../Engine/Shaders/Private/Nanite/NaniteVertexFactory.ush" 1785
"../../../Engine/Shaders/Private/LightmapData.ush" 1786
"../../../Engine/Shaders/Private/Nanite/NaniteDataDecode.ush" 1787
"../../../Engine/Shaders/Private/BitPacking.ush" 1788
"../../../Engine/Shaders/Private/BitStreamReaderImplementation.ush" 1789
"../../../Engine/Shaders/Shared/NaniteDefinitions.h" 1790
"../../../Engine/Shaders/Private/Nanite/NaniteAttributeDecode.ush" 1791
"../../../Engine/Shaders/Private/ParticleSpriteVertexFactory.ush" 1792
"../../../Engine/Shaders/Private/ParticleGPUSpriteVertexFactory.ush" 1793
"../../../Engine/Shaders/Private/ParticleBeamTrailVertexFactory.ush" 1794
"../../../Engine/Shaders/Private/MeshParticleVertexFactory.ush" 1795
"../../../Engine/Shaders/Private/LocalVertexFactory.ush" 1796
"../../../Engine/Shaders/Private/LocalVertexFactoryCommon.ush" 1797
"../../../Engine/Shaders/Private/GpuSkinCommon.ush" 1798
"../../../Engine/Shaders/Private/GpuSkinVertexFactory.ush" 1799
"../../../Engine/Shaders/Private/GeometryCollectionVertexFactory.ush" 1800
"../../../Engine/Shaders/Private/GeometryCacheVertexFactory.ush" 1801
"../../../Engine/Shaders/Private/LandscapeVertexFactory.ush" 1802
"../../../Engine/Plugins/Enterprise/GLTFExporter/Shaders/Private/SimpleTexture2DPS.usf" 1803
"../../../Engine/Shaders/Private/SimpleElementNormalMapPixelShader.usf" 1804
"../../../Engine/Plugins/Media/WmfMedia/Shaders/Private/MediaHardwareVideoDecoding.usf" 1805
"../../../Engine/Shaders/Private/ColorUtils.ush" 1806
"../../../Engine/Plugins/Media/ImgMedia/Shaders/Private/ExrSwizzler.usf" 1807
"../../../Engine/Plugins/FX/Niagara/Shaders/Private/NiagaraFillIntBuffer.usf" 1808
"../../../Engine/Plugins/FX/Niagara/Shaders/Private/NiagaraComputeFreeIDs.usf" 1809
"../../../Engine/Plugins/FX/Niagara/Shaders/Private/NiagaraInitFreeIDBuffer.usf" 1810
"../../../Engine/Plugins/FX/Niagara/Shaders/Private/NiagaraEmitterInstanceShader.usf" 1811
"../../../Engine/Plugins/FX/Niagara/Shaders/Private/NiagaraShaderVersion.ush" 1812
"../../../Engine/Shaders/Private/DistanceField/GlobalDistanceFieldShared.ush" 1813
"../../../Engine/Plugins/FX/Niagara/Shaders/Private/NiagaraPhysicsCommon.ush" 1814
"../../../Engine/Plugins/FX/Niagara/Shaders/Private/Ribbons/NiagaraRibbonGenerateIndices.usf" 1815
"../../../Engine/Plugins/FX/Niagara/Shaders/Private/Ribbons/NiagaraRibbonCommon.ush" 1816
"../../../Engine/Plugins/FX/Niagara/Shaders/Private/Ribbons/NiagaraRibbonInitializeIndices.usf" 1817
"../../../Engine/Plugins/FX/Niagara/Shaders/Private/Ribbons/NiagaraRibbonRibbonUVParamCalculation.usf" 1818
"../../../Engine/Plugins/FX/Niagara/Shaders/Private/Ribbons/NiagaraRibbonVertexReductionFinalization.usf" 1819
"../../../Engine/Plugins/FX/Niagara/Shaders/Private/Ribbons/NiagaraRibbonVertexReductionPropagation.usf" 1820
"../../../Engine/Plugins/FX/Niagara/Shaders/Private/Ribbons/NiagaraRibbonVertexReductionInitialization.usf" 1821
"../../../Engine/Plugins/FX/Niagara/Shaders/Private/Ribbons/NiagaraRibbonSortParticles.usf" 1822
"../../../Engine/Plugins/FX/Niagara/Shaders/Private/NiagaraUpdateMeshGPUSceneInstances.usf" 1823
"../../../Engine/Shaders/Private/ComputeShaderUtils.ush" 1824
"../../../Engine/Shaders/Private/GPUScene/GPUSceneWriter.ush" 1825
"../../../Engine/Plugins/FX/Niagara/Shaders/Private/NiagaraGenerateMips.usf" 1826
"../../../Engine/Plugins/FX/Niagara/Shaders/Private/NiagaraDebugDraw.usf" 1827
"../../../Engine/Plugins/FX/Niagara/Shaders/Private/NiagaraDebugDraw.ush" 1828
"../../../Engine/Plugins/FX/Niagara/Shaders/Private/NiagaraVisualizeTexture.usf" 1829
"../../../Engine/Plugins/FX/Niagara/Shaders/Private/NiagaraClearCounts.usf" 1830
"../../../Engine/Plugins/FX/Niagara/Shaders/Private/NiagaraBatchedElements.usf" 1831
"../../../Engine/Plugins/FX/Niagara/Shaders/Private/NiagaraRayTracingShaders.usf" 1832
"../../../Engine/Plugins/FX/Niagara/Shaders/Private/NiagaraAsyncGpuTraceCommon.ush" 1833
"../../../Engine/Shaders/Private/HashTable.ush" 1834
"../../../Engine/Shaders/Private/Hash.ush" 1835
"../../../Engine/Shaders/Private/RayTracing/VFXTraceRay.ush" 1836
"../../../Engine/Plugins/FX/Niagara/Shaders/Private/NiagaraRayMarchingShaders.usf" 1837
"../../../Engine/Plugins/FX/Niagara/Shaders/Private/NiagaraRayTraceCollisionGroupShaders.usf" 1838
"../../../Engine/Plugins/FX/Niagara/Shaders/Private/NiagaraAsyncGpuTraceUtils.usf" 1839
"../../../Engine/Plugins/FX/Niagara/Shaders/Private/NiagaraSortKeyGen.usf" 1840
"../../../Engine/Plugins/FX/Niagara/Shaders/Private/NiagaraGPURayTracingTransforms.usf" 1841
"../../../Engine/Plugins/FX/Niagara/Shaders/Private/NiagaraDrawIndirectArgsGen.usf" 1842
"../../../Engine/Plugins/FX/Niagara/Shaders/Private/NiagaraDispatchIndirectArgsGen.usf" 1843
"../../../Engine/Shaders/Private/SlateElementPixelShader.usf" 1844
"../../../Engine/Shaders/Private/SlateShaderCommon.ush" 1845
"../../../Engine/Shaders/Private/MaterialTemplate.ush" 1846
"../../../Engine/Shaders/Private/EyeAdaptationCommon.ush" 1847
"../../../Engine/Shaders/Private/SobolRandom.ush" 1848
"../../../Engine/Shaders/Private/DepthOfFieldCommon.ush" 1849
"../../../Engine/Shaders/Private/CircleDOFCommon.ush" 1850
"../../../Engine/Shaders/Private/PhysicsFieldSampler.ush" 1851
"../../../Engine/Shaders/Private/PhysicsFieldShared.ush" 1852
"../../../Engine/Shaders/Private/HairShadingCommon.ush" 1853
"../../../Engine/Shaders/Private/HairStrands/HairCardsAttributeCommon.ush" 1854
"../../../Engine/Shaders/Private/HairStrands/HairStrandsVertexFactoryCommon.ush" 1855
"../../../Engine/Shaders/Shared/HairStrandsDefinitions.h" 1856
"../../../Engine/Shaders/Private/HairStrands/HairStrandsAttributeCommon.ush" 1857
"../../../Engine/Shaders/Private/SpeedTreeCommon.ush" 1858
"../../../Engine/Shaders/Private/VirtualTextureCommon.ush" 1859
"../../../Engine/Shaders/Private/MaterialTexture.ush" 1860
"../../../Engine/Shaders/Private/MinMaterialTexCoords.ush" 1861
"../../../Engine/Shaders/Private/SkyAtmosphereCommon.ush" 1862
"../../../Engine/Shaders/Private/SingleLayerWaterCommon.ush" 1863
"../../../Engine/Shaders/Private/TextureSampling.ush" 1864
"../../../Engine/Shaders/Private/PaniniProjection.ush" 1865
"../../../Engine/Shaders/Private/DBufferNormalReprojection.ush" 1866
"../../../Engine/Shaders/Private/Strata/StrataTree.ush" 1867
"../../../Engine/Shaders/Private/Strata/StrataEvaluation.ush" 1868
"../../../Engine/Shaders/Private/SHCommon.ush" 1869
"../../../Engine/Shaders/Private/ShadingModels.ush" 1870
"../../../Engine/Shaders/Private/CapsuleLight.ush" 1871
"../../../Engine/Shaders/Private/RectLight.ush" 1872
"../../../Engine/Shaders/Private/LightData.ush" 1873
"../../../Engine/Shaders/Private/AreaLightCommon.ush" 1874
"../../../Engine/Shaders/Private/TransmissionCommon.ush" 1875
"../../../Engine/Shaders/Private/HairBsdf.ush" 1876
"../../../Engine/Shaders/Private/MobileGGX.ush" 1877
"../../../Engine/Shaders/Private/ShadingModelsSampling.ush" 1878
"../../../Engine/Shaders/Private/HairStrands/HairBsdfSample.ush" 1879
"../../../Engine/Shaders/Private/HairStrands/HairStrandsCommon.ush" 1880
"../../../Engine/Shaders/Private/HairStrands/HairStrandsDeepTransmittanceCommon.ush" 1881
"../../../Engine/Shaders/Private/HairStrands/HairStrandsDeepTransmittanceDualScattering.ush" 1882
"../../../Engine/Shaders/Private/HairStrands/HairStrandsEnvironmentLightingCommon.ush" 1883
"../../../Engine/Shaders/Private/Strata/StrataLegacyConversion.ush" 1884
"../../../Engine/Shaders/Private/DBufferDecalShared.ush" 1885
"../../../Engine/Shaders/Private/CompositeUIPixelShader.usf" 1886
"../../../Engine/Shaders/Private/TonemapCommon.ush" 1887
"../../../Engine/Shaders/Private/ACES.ush" 1888
"../../../Engine/Shaders/Private/ColorDeficiency.ush" 1889
"../../../Engine/Shaders/Private/SlateMaskingShader.usf" 1890
"../../../Engine/Shaders/Private/SlatePostProcessColorDeficiencyPixelShader.usf" 1891
"../../../Engine/Shaders/Private/SlatePostProcessPixelShader.usf" 1892
"../../../Engine/Shaders/Private/SlateVertexShader.usf" 1893
"../../../Engine/Shaders/Private/TranslucentLightingShaders.usf" 1894
"../../../Engine/Shaders/Private/ShadowProjectionCommon.ush" 1895
"../../../Engine/Shaders/Private/CubemapCommon.ush" 1896
"../../../Engine/Shaders/Private/VectorFieldCompositeShaders.usf" 1897
"../../../Engine/Shaders/Private/UpdateTextureShaders.usf" 1898
"../../../Engine/Shaders/Private/StereoLayerShader.usf" 1899
"../../../Engine/Shaders/Private/MorphTargets.usf" 1900
"../../../Engine/Shaders/Private/SimpleElementColorChannelMaskPixelShader.usf" 1901
"../../../Engine/Shaders/Private/SimpleElementHitProxyPixelShader.usf" 1902
"../../../Engine/Shaders/Private/SimpleElementPixelShader.usf" 1903
"../../../Engine/Shaders/Private/IESLightProfilesCommon.ush" 1904
"../../../Engine/Shaders/Private/SimpleElementVertexShader.usf" 1905
"../../../Engine/Shaders/Private/ScreenPixelShaderOES.usf" 1906
"../../../Engine/Shaders/Private/ScreenVertexShader.usf" 1907
"../../../Engine/Shaders/Private/ScreenPixelShader.usf" 1908
"../../../Engine/Shaders/Private/SSProfilePreIntegratedMobile.usf" 1909
"../../../Engine/Shaders/Private/Nanite/NaniteClusterCulling.usf" 1910
"../../../Engine/Shaders/Private/Nanite/NaniteCulling.ush" 1911
"../../../Engine/Shaders/Private/Nanite/NaniteHierarchyTraversalCommon.ush" 1912
"../../../Engine/Shaders/Private/Nanite/NaniteHierarchyTraversal.ush" 1913
"../../../Engine/Shaders/Private/WaveOpUtil.ush" 1914
"../../../Engine/Shaders/Private/VirtualShadowMaps/VirtualShadowMapPageOverlap.ush" 1915
"../../../Engine/Shaders/Private/Nanite/NaniteHZBCull.ush" 1916
"../../../Engine/Shaders/Private/VirtualShadowMaps/VirtualShadowMapPageAccessCommon.ush" 1917
"../../../Engine/Shaders/Shared/VirtualShadowMapDefinitions.h" 1918
"../../../Engine/Shaders/Private/VirtualShadowMaps/VirtualShadowMapStaticCaching.ush" 1919
"../../../Engine/Shaders/Private/Nanite/NaniteCullingCommon.ush" 1920
"../../../Engine/Shaders/Private/GPUMessaging.ush" 1921
"../../../Engine/Shaders/Private/Nanite/NaniteTranscode.usf" 1922
"../../../Engine/Shaders/Private/VolumetricLightmapStreaming.usf" 1923
"../../../Engine/Shaders/Private/PhysicsFieldReset.usf" 1924
"../../../Engine/Shaders/Private/PhysicsFieldBuilder.usf" 1925
"../../../Engine/Shaders/Private/PhysicsFieldEval.ush" 1926
"../../../Engine/Shaders/Private/ParticleSortKeyGen.usf" 1927
"../../../Engine/Shaders/Private/ParticleBoundsShader.usf" 1928
"../../../Engine/Shaders/Private/ParticleSimVisualizeShader.usf" 1929
"../../../Engine/Shaders/Private/ParticleInjectionShader.usf" 1930
"../../../Engine/Shaders/Private/ParticleSimulationShader.usf" 1931
"../../../Engine/Shaders/Private/ParticleCurveInjectionShader.usf" 1932
"../../../Engine/Shaders/Private/CopyUIntBuffer.usf" 1933
"../../../Engine/Shaders/Private/RadixSortShaders.usf" 1934
"../../../Engine/Shaders/Private/RecomputeTangentsPerVertexPass.usf" 1935
"../../../Engine/Shaders/Private/RecomputeTangentsCommon.ush" 1936
"../../../Engine/Shaders/Private/RecomputeTangentsPerTrianglePass.usf" 1937
"../../../Engine/Shaders/Private/GpuSkinCacheComputeShader.usf" 1938
"../../../Engine/Shaders/Private/HeightFieldAtlasManagement.usf" 1939
"../../../Engine/Shaders/Private/LandscapePhysicalMaterial.usf" 1940
"../../../Engine/Shaders/Private/LandscapeGrassWeight.usf" 1941
"../../../Engine/Shaders/Private/Landscape/LandscapeLayersWeightmapsPS.usf" 1942
"../../../Engine/Shaders/Private/Landscape/LandscapeLayersHeightmapsPS.usf" 1943
"../../../Engine/Shaders/Private/Landscape/LandscapeCommon.ush" 1944
"../../../Engine/Shaders/Private/LandscapeLayersCS.usf" 1945
"../../../Engine/Shaders/Private/LandscapeLayersPS.usf" 1946
"../../../Engine/Shaders/Private/LandscapeLayersVS.usf" 1947
"../../../Engine/Shaders/Private/Landscape/LandscapeMergeHeightmapsPS.usf" 1948
"../../../Engine/Shaders/Private/WideCustomResolveShaders.usf" 1949
"../../../Engine/Shaders/Private/WideCustomResolve_Wide.ush" 1950
"../../../Engine/Shaders/Private/WideCustomResolve_Wider.ush" 1951
"../../../Engine/Shaders/Private/WideCustomResolve_Widest.ush" 1952
"../../../Engine/Shaders/Private/PageTableUpdate.usf" 1953
"../../../Engine/Shaders/Private/VirtualTextureCompress.usf" 1954
"../../../Engine/Shaders/Private/BlockCompressionCommon.ush" 1955
"../../../Engine/Shaders/Private/BCCompressionCommon.ush" 1956
"../../../Engine/Shaders/Private/ETCCompressionCommon.ush" 1957
"../../../Engine/Shaders/Private/VirtualTextureMaterial.usf" 1958
"../../../Engine/Shaders/Private/PixelShaderOutputCommon.ush" 1959
"../../../Engine/Shaders/Private/ShaderOutputCommon.ush" 1960
"../../../Engine/Shaders/Private/VolumetricRenderTarget.usf" 1961
"../../../Engine/Shaders/Private/VolumetricFogVoxelization.usf" 1962
"../../../Engine/Shaders/Private/VolumetricCloudMaterialPixelCommon.ush" 1963
"../../../Engine/Shaders/Private/VolumetricFogLightFunction.usf" 1964
"../../../Engine/Shaders/Private/LightFunctionCommon.ush" 1965
"../../../Engine/Shaders/Private/VolumetricFog.usf" 1966
"../../../Engine/Shaders/Private/DeferredLightingCommon.ush" 1967
"../../../Engine/Shaders/Private/DynamicLightingCommon.ush" 1968
"../../../Engine/Shaders/Private/CapsuleLightIntegrate.ush" 1969
"../../../Engine/Shaders/Private/CapsuleLightSampling.ush" 1970
"../../../Engine/Shaders/Private/RectLightIntegrate.ush" 1971
"../../../Engine/Shaders/Private/LightGridCommon.ush" 1972
"../../../Engine/Shaders/Private/HeightFogCommon.ush" 1973
"../../../Engine/Shaders/Private/DistanceFieldAOShared.ush" 1974
"../../../Engine/Shaders/Private/VolumeLightingCommon.ush" 1975
"../../../Engine/Shaders/Private/ShadowFilteringCommon.ush" 1976
"../../../Engine/Shaders/Private/PixelQuadMessagePassing.ush" 1977
"../../../Engine/Shaders/Private/VolumeLightingCommonSampling.ush" 1978
"../../../Engine/Shaders/Private/VolumetricLightmapShared.ush" 1979
"../../../Engine/Shaders/Private/ForwardShadowingCommon.ush" 1980
"../../../Engine/Shaders/Private/LightDataUniforms.ush" 1981
"../../../Engine/Shaders/Private/Lumen/LumenTranslucencyVolumeShared.ush" 1982
"../../../Engine/Shaders/Private/Lumen/LumenRadianceCacheInterpolation.ush" 1983
"../../../Engine/Shaders/Private/VirtualShadowMaps/VirtualShadowMapProjectionCommon.ush" 1984
"../../../Engine/Shaders/Private/VirtualShadowMaps/VirtualShadowMapProjectionStructs.ush" 1985
"../../../Engine/Shaders/Private/VolumetricCloudCommon.ush" 1986
"../../../Engine/Shaders/Private/VolumetricCloud.usf" 1987
"../../../Engine/Shaders/Private/ColorMap.ush" 1988
"../../../Engine/Shaders/Private/ShaderPrint.ush" 1989
"../../../Engine/Shaders/Private/ShaderPrintCommon.ush" 1990
"../../../Engine/Shaders/Private/MiniFontCommon.ush" 1991
"../../../Engine/Shaders/Private/ReflectionEnvironmentShared.ush" 1992
"../../../Engine/Shaders/Private/BlueNoise.ush" 1993
"../../../Engine/Shaders/Private/VisualizeVolumetricLightmap.usf" 1994
"../../../Engine/Shaders/Private/VirtualShadowMaps/VirtualShadowMapProjectionComposite.usf" 1995
"../../../Engine/Shaders/Private/LightShaderParameters.ush" 1996
"../../../Engine/Shaders/Private/VirtualShadowMaps/VirtualShadowMapMaskBitsCommon.ush" 1997
"../../../Engine/Shaders/Private/VirtualShadowMaps/VirtualShadowMapProjection.usf" 1998
"../../../Engine/Shaders/Private/HairStrands/HairStrandsVisibilityCommon.ush" 1999
"../../../Engine/Shaders/Private/Visualization.ush" 2000
"../../../Engine/Shaders/Private/VirtualShadowMaps/VirtualShadowMapProjectionFilter.ush" 2001
"../../../Engine/Shaders/Private/VirtualShadowMaps/VirtualShadowMapProjectionDirectional.ush" 2002
"../../../Engine/Shaders/Private/PathTracing/Utilities/PathTracingRandomSequence.ush" 2003
"../../../Engine/Shaders/Private/VirtualShadowMaps/VirtualShadowMapSMRTCommon.ush" 2004
"../../../Engine/Shaders/Private/VirtualShadowMaps/VirtualShadowMapSMRTTemplate.ush" 2005
"../../../Engine/Shaders/Private/VirtualShadowMaps/VirtualShadowMapProjectionSpot.ush" 2006
"../../../Engine/Shaders/Private/VirtualShadowMaps/VirtualShadowMapTransmissionCommon.ush" 2007
"../../../Engine/Shaders/Private/HairStrands/HairStrandsVoxelPageCommon.ush" 2008
"../../../Engine/Shaders/Private/HairStrands/HairStrandsVoxelPageTraversal.ush" 2009
"../../../Engine/Shaders/Private/VirtualShadowMaps/VirtualShadowMapCacheManagement.usf" 2010
"../../../Engine/Shaders/Private/VirtualShadowMaps/VirtualShadowMapPageCacheCommon.ush" 2011
"../../../Engine/Shaders/Private/ScreenSpaceDenoise/SSDDefinitions.ush" 2012
"../../../Engine/Shaders/Private/InstanceCulling/InstanceCullingLoadBalancer.ush" 2013
"../../../Engine/Shaders/Private/VirtualShadowMaps/VirtualShadowMapCopyStats.usf" 2014
"../../../Engine/Shaders/Private/VirtualShadowMaps/VirtualShadowMapPageManagement.usf" 2015
"../../../Engine/Shaders/Shared/SingleLayerWaterDefinitions.h" 2016
"../../../Engine/Shaders/Private/HairStrands/HairStrandsTileCommon.ush" 2017
"../../../Engine/Shaders/Private/ReductionCommon.ush" 2018
"../../../Engine/Shaders/Private/VirtualShadowMaps/VirtualShadowMapStats.ush" 2019
"../../../Engine/Shaders/Private/VirtualShadowMaps/VirtualShadowMapBuildPerPageDrawCommands.usf" 2020
"../../../Engine/Shaders/Private/InstanceCulling/InstanceCullingCommon.ush" 2021
"../../../Engine/Shaders/Private/VirtualShadowMaps/VirtualShadowMapPrintStats.usf" 2022
"../../../Engine/Shaders/Private/VirtualShadowMaps/VirtualShadowMapDebug.usf" 2023
"../../../Engine/Shaders/Private/VelocityShader.usf" 2024
"../../../Engine/Shaders/Private/VelocityCommon.ush" 2025
"../../../Engine/Shaders/Private/VariableRateShading/VRSShadingRatePreview.usf" 2026
"../../../Engine/Shaders/Private/VariableRateShading/VRSShadingRateCommon.ush" 2027
"../../../Engine/Shaders/Private/VariableRateShading/VRSShadingRateCombine.usf" 2028
"../../../Engine/Shaders/Private/VariableRateShading/FixedFoveationVariableRateShading.usf" 2029
"../../../Engine/Shaders/Private/VariableRateShading/VRSShadingRateReproject.usf" 2030
"../../../Engine/Shaders/Private/VariableRateShading/VRSShadingRateCalculate.usf" 2031
"../../../Engine/Shaders/Private/TranslucencyUpsampling.usf" 2032
"../../../Engine/Shaders/Private/ScreenPass.ush" 2033
"../../../Engine/Shaders/Private/ComposeSeparateTranslucency.usf" 2034
"../../../Engine/Shaders/Private/SeparateTranslucency.ush" 2035
"../../../Engine/Shaders/Private/TranslucentLightInjectionShaders.usf" 2036
"../../../Engine/Shaders/Private/TranslucentShadowDepthShaders.usf" 2037
"../../../Engine/Shaders/Private/ShadowDepthCommon.ush" 2038
"../../../Engine/Shaders/Private/RayTracing/RayTracingTest.usf" 2039
"../../../Engine/Shaders/Private/PostProcessSubsurfaceTile.usf" 2040
"../../../Engine/Shaders/Private/Strata/StrataVisualize.usf" 2041
"../../../Engine/Shaders/Private/Strata/StrataTile.ush" 2042
"../../../Engine/Shaders/Private/SkyLightingDiffuseShared.ush" 2043
"../../../Engine/Shaders/Private/SkyLightingShared.ush" 2044
"../../../Engine/Shaders/Private/ClearCoatCommon.ush" 2045
"../../../Engine/Shaders/Private/ReflectionEnvironmentComposite.ush" 2046
"../../../Engine/Shaders/Private/Strata/StrataLightingCommon.ush" 2047
"../../../Engine/Shaders/Private/Strata/StrataRoughRefraction.usf" 2048
"../../../Engine/Shaders/Private/PathTracing/Material/PathTracingFresnel.ush" 2049
"../../../Engine/Shaders/Private/PathTracing/Material/PathTracingGlossy.ush" 2050
"../../../Engine/Shaders/Private/Strata/StrataTile.usf" 2051
"../../../Engine/Shaders/Private/Strata/StrataMaterialClassification.usf" 2052
"../../../Engine/Shaders/Private/Strata/StrataDBuffer.usf" 2053
"../../../Engine/Shaders/Private/SparseVolumeTexture/VisualizeSparseVolumeTexture.usf" 2054
"../../../Engine/Shaders/Private/SkyAtmosphere.usf" 2055
"../../../Engine/Shaders/Private/CopyDepthTexture.usf" 2056
"../../../Engine/Shaders/Private/SingleLayerWaterComposite.usf" 2057
"../../../Engine/Shaders/Private/ShadowProjectionVertexShader.usf" 2058
"../../../Engine/Shaders/Private/ShadowProjectionPixelShader.usf" 2059
"../../../Engine/Shaders/Private/ShadowPercentageCloserFiltering.ush" 2060
"../../../Engine/Shaders/Private/TransmissionThickness.ush" 2061
"../../../Engine/Shaders/Private/CopyShadowMaps.usf" 2062
"../../../Engine/Shaders/Private/ShadowDepthPixelShader.usf" 2063
"../../../Engine/Shaders/Private/ShadowDepthVertexShader.usf" 2064
"../../../Engine/Shaders/Private/ShadingEnergyConservationTable.usf" 2065
"../../../Engine/Shaders/Shared/PathTracingDefinitions.h" 2066
"../../../Engine/Shaders/Private/ShadingFurnaceTest.usf" 2067
"../../../Engine/Shaders/Private/Strata/StrataDeferredLighting.ush" 2068
"../../../Engine/Shaders/Private/ShaderPrintDraw.usf" 2069
"../../../Engine/Shaders/Private/ShaderPrintDrawPrimitive.usf" 2070
"../../../Engine/Shaders/Private/SSRT/SSRTDiffuseIndirect.usf" 2071
"../../../Engine/Shaders/Private/SSRT/SSRTRayCast.ush" 2072
"../../../Engine/Shaders/Private/SSRT/SSRTTileClassificationBuffer.ush" 2073
"../../../Engine/Shaders/Private/SSRT/SSRTReflections.usf" 2074
"../../../Engine/Shaders/Private/ScreenSpaceDenoise/SSDPublic.ush" 2075
"../../../Engine/Shaders/Private/SSRT/SSRTTileClassification.usf" 2076
"../../../Engine/Shaders/Private/SSRT/SSRTPrevFrameReduction.usf" 2077
"../../../Engine/Shaders/Private/ScreenSpaceDenoise/SSDComposeHarmonics.usf" 2078
"../../../Engine/Shaders/Private/ScreenSpaceDenoise/SSDPublicHarmonics.ush" 2079
"../../../Engine/Shaders/Private/ScreenSpaceDenoise/SSDSignalFramework.ush" 2080
"../../../Engine/Shaders/Private/ScreenSpaceDenoise/SSDCommon.ush" 2081
"../../../Engine/Shaders/Private/SphericalGaussian.ush" 2082
"../../../Engine/Shaders/Public/WaveBroadcastIntrinsics.ush" 2083
"../../../Engine/Shaders/Private/ScreenSpaceDenoise/SSDMetadata.ush" 2084
"../../../Engine/Shaders/Private/ScreenSpaceDenoise/SSDSignalCore.ush" 2085
"../../../Engine/Shaders/Private/ScreenSpaceDenoise/DenoisingCommon.ush" 2086
"../../../Engine/Shaders/Private/ScreenSpaceDenoise/SSDSignalArray.ush" 2087
"../../../Engine/Shaders/Private/ScreenSpaceDenoise/SSDSignalBufferEncoding.ush" 2088
"../../../Engine/Shaders/Private/ScreenSpaceDenoise/SSDPublicBufferEncoding.ush" 2089
"../../../Engine/Shaders/Private/Lumen/LumenBufferEncoding.ush" 2090
"../../../Engine/Shaders/Private/ScreenSpaceDenoise/SSDTemporalAccumulation.usf" 2091
"../../../Engine/Shaders/Private/ScreenSpaceDenoise/SSDSpatialKernel.ush" 2092
"../../../Engine/Shaders/Private/ScreenSpaceDenoise/SSDSignalAccumulatorArray.ush" 2093
"../../../Engine/Shaders/Private/ScreenSpaceDenoise/SSDSignalAccumulator.ush" 2094
"../../../Engine/Shaders/Private/ScreenSpaceDenoise/SSDSignalCompression.ush" 2095
"../../../Engine/Shaders/Private/ScreenSpaceDenoise/SSDSpatialAccumulation.usf" 2096
"../../../Engine/Shaders/Private/ScreenSpaceDenoise/SSDInjest.usf" 2097
"../../../Engine/Shaders/Private/ScreenSpaceDenoise/SSDCompressMetadata.usf" 2098
"../../../Engine/Shaders/Private/DownsampleDepthPixelShader.usf" 2099
"../../../Engine/Shaders/Private/ScreenPass.usf" 2100
"../../../Engine/Shaders/Private/HZB.usf" 2101
"../../../Engine/Shaders/Private/OcclusionFeedbackShaders.usf" 2102
"../../../Engine/Shaders/Private/HZBOcclusion.usf" 2103
"../../../Engine/Shaders/Private/OcclusionQueryPixelShader.usf" 2104
"../../../Engine/Shaders/Private/OcclusionQueryVertexShader.usf" 2105
"../../../Engine/Shaders/Private/HitProxyPixelShader.usf" 2106
"../../../Engine/Shaders/Private/HitProxyVertexShader.usf" 2107
"../../../Engine/Shaders/Private/SceneCapturePixelShader.usf" 2108
"../../../Engine/Shaders/Private/RTWriteMaskDecode.usf" 2109
"../../../Engine/Shaders/Private/ReflectionEnvironmentShaders.usf" 2110
"../../../Engine/Shaders/Private/RectLightAtlas.usf" 2111
"../../../Engine/Shaders/Private/RayTracing/TraceRayInlineStatistics.usf" 2112
"../../../Engine/Shaders/Private/RayTracing/TraceRayInlineCommon.ush" 2113
"../../../Engine/Shaders/Private/RayTracing/VisualizeSkyLightMipTreePS.usf" 2114
"../../../Engine/Shaders/Private/RayTracing/MipTreeCommon.ush" 2115
"../../../Engine/Shaders/Private/RayTracing/CompositeSkyLightPS.usf" 2116
"../../../Engine/Shaders/Private/RayTracing/GenerateSkyLightVisibilityRaysCS.usf" 2117
"../../../Engine/Shaders/Private/RayTracing/RayTracingSkyLightCommon.ush" 2118
"../../../Engine/Shaders/Private/RayTracing/SkyLightVisibilityRaysData.ush" 2119
"../../../Engine/Shaders/Private/Raytracing/RaytracingSkylightRGS.usf" 2120
"../../../Engine/Shaders/Private/HairStrands/HairStrandsRaytracing.ush" 2121
"../../../Engine/Shaders/Private/Raytracing/RayTracingSkyLightEvaluation.ush" 2122
"../../../Engine/Shaders/Private/Raytracing/RayTracingDeferredShadingCommon.ush" 2123
"../../../Engine/Shaders/Private/RayTracing/RayTracingOcclusionRGS.usf" 2124
"../../../Engine/Shaders/Private/RayTracing/RayTracingDirectionalLight.ush" 2125
"../../../Engine/Shaders/Private/RayTracing/RayTracingRectLight.ush" 2126
"../../../Engine/Shaders/Private/RayTracing/RayTracingSphereLight.ush" 2127
"../../../Engine/Shaders/Private/RayTracing/RayTracingCapsuleLight.ush" 2128
"../../../Engine/Shaders/Private/RayTracing/SplitImaginaryReflectionGBufferCS.usf" 2129
"../../../Engine/Shaders/Private/RayTracing/RayTracingReflectionsCommon.ush" 2130
"../../../Engine/Shaders/Private/RayTracing/RayTracingReflections.usf" 2131
"../../../Engine/Shaders/Private/RayTracing/RayTracingLightingCommon.ush" 2132
"../../../Engine/Shaders/Private/RayTracing/RayTracingLightCullingCommon.ush" 2133
"../../../Engine/Shaders/Private/RayTracing/RayTracingReflectionEnvironment.ush" 2134
"../../../Engine/Shaders/Private/RayTracing/RayTracingPrimaryRays.usf" 2135
"../../../Engine/Shaders/Private/RayTracing/RayTracingMaterialDefaultHitShaders.usf" 2136
"../../../Engine/Shaders/Private/RayTracing/RayTracingMaterialHitShaders.usf" 2137
"../../../Engine/Shaders/Private/RayTracing/RayTracingCalcInterpolants.ush" 2138
"../../../Engine/Shaders/Private/LightmapCommon.ush" 2139
"../../../Engine/Shaders/Private/Lumen/LumenHardwareRayTracingPayloadCommon.ush" 2140
"../../../Engine/Shaders/Private/Strata/StrataExport.ush" 2141
"../../../Engine/Shaders/Private/RayTracing/RayTracingLightingMS.usf" 2142
"../../../Engine/Shaders/Private/RayTracing/RayTracingLightFunctionCommon.ush" 2143
"../../../Engine/Shaders/Private/RayTracing/GenerateCulledLightListCS.usf" 2144
"../../../Engine/Shaders/Private/Raytracing/RayTracingInstanceBufferUtil.usf" 2145
"../../../Engine/Shaders/Private/RayTracing/RayTracingFinalGatherRGS.usf" 2146
"../../../Engine/Shaders/Private/RayTracing/RayTracingGatherPoints.ush" 2147
"../../../Engine/Shaders/Private/PathTracing/Light/PathTracingLightSampling.ush" 2148
"../../../Engine/Shaders/Private/PathTracing/Light/PathTracingLightCommon.ush" 2149
"../../../Engine/Shaders/Shared/RayTracingTypes.h" 2150
"../../../Engine/Shaders/Private/PathTracing/Light/PathTracingDirectionalLight.ush" 2151
"../../../Engine/Shaders/Private/PathTracing/Light/PathTracingPointLight.ush" 2152
"../../../Engine/Shaders/Private/PathTracing/Light/PathTracingCapsuleLight.ush" 2153
"../../../Engine/Shaders/Private/PathTracing/Light/PathTracingRectLight.ush" 2154
"../../../Engine/Shaders/Private/PathTracing/Light/PathTracingSkyLight.ush" 2155
"../../../Engine/Shaders/Private/PathTracing/Light/PathTracingSpotLight.ush" 2156
"../../../Engine/Shaders/Private/RayTracing/RayTracingCreateGatherPointsRGS.usf" 2157
"../../../Engine/Shaders/Private/RayTracing/RayTracingGlobalIlluminationRGS.usf" 2158
"../../../Engine/Shaders/Private/RayTracing/RayTracingDynamicMesh.usf" 2159
"../../../Engine/Shaders/Private/RayTracing/RayTracingDeferredReflections.usf" 2160
"../../../Engine/Shaders/Private/RayTracing/RayTracingDeferredMaterials.ush" 2161
"../../../Engine/Shaders/Shared/ThirdParty/AMD/ags_shader_intrinsics_dx12.h" 2162
"../../../Engine/Shaders/Private/RayTracing/RayTracingDeferredReflections.ush" 2163
"../../../Engine/Shaders/Private/RayTracing/RayTracingReflectionResolve.usf" 2164
"../../../Engine/Shaders/Private/RayTracing/RayTracingReflectionsGenerateRaysCS.usf" 2165
"../../../Engine/Shaders/Private/RayTracing/MaterialSort.usf" 2166
"../../../Engine/Shaders/Private/RayTracing/RayTracingDeferredMaterials.usf" 2167
"../../../Engine/Shaders/Private/RayTracing/RayTracingDefaultDecalHitShader.usf" 2168
"../../../Engine/Shaders/Private/RayTracing/RayTracingDecalMaterialShader.usf" 2169
"../../../Engine/Shaders/Private/RayTracing/RayTracingBuildDecalGrid.usf" 2170
"../../../Engine/Shaders/Private/RayTracing/RayTracingDebugInstanceOverlap.usf" 2171
"../../../Engine/Shaders/Private/RayTracing/RayTracingDebugPicking.usf" 2172
"../../../Engine/Shaders/Private/RayTracing/RayTracingDebugUtils.ush" 2173
"../../../Engine/Shaders/Shared/RayTracingDebugTypes.h" 2174
"../../../Engine/Shaders/Private/RayTracing/RayTracingDebugTraversal.usf" 2175
"../../../Engine/Shaders/Private/Nanite/NaniteRayTrace.ush" 2176
"../../../Engine/Shaders/Shared/ThirdParty/RayTriangleIntersection.h" 2177
"../../../Engine/Shaders/Shared/RayTracingDebugDefinitions.h" 2178
"../../../Engine/Shaders/Private/RayTracing/TraceRayInline.ush" 2179
"../../../Engine/Shaders/Private/RayTracing/TraceRayInlineVulkan.ush" 2180
"../../../Engine/Shaders/Private/RayTracing/TraceRayInlineMetal.ush" 2181
"../../../Engine/Shaders/Private/RayTracing/RayTracingDebugMS.usf" 2182
"../../../Engine/Shaders/Private/RayTracing/RayTracingDebugCHS.usf" 2183
"../../../Engine/Shaders/Private/RayTracing/RayTracingDebug.usf" 2184
"../../../Engine/Shaders/Private/RayTracing/RayTracingBuiltInShaders.usf" 2185
"../../../Engine/Shaders/Private/RayTracing/RayTracingBarycentrics.usf" 2186
"../../../Engine/Shaders/Private/RayTracing/RayTracingAmbientOcclusionRGS.usf" 2187
"../../../Engine/Shaders/Private/VisualizeShadingModels.usf" 2188
"../../../Engine/Shaders/Private/PostProcessCommon.ush" 2189
"../../../Engine/Shaders/Private/MotionBlur/VisualizeMotionVectors.usf" 2190
"../../../Engine/Shaders/Private/TemporalSuperResolution/TSRDebugHistory.usf" 2191
"../../../Engine/Shaders/Private/TemporalSuperResolution/TSRCommon.ush" 2192
"../../../Engine/Shaders/Public/DualPixelVectorization.ush" 2193
"../../../Engine/Shaders/Private/TemporalSuperResolution/TSRResolveHistory.usf" 2194
"../../../Engine/Shaders/Private/TemporalSuperResolution/TSRUpdateHistory.usf" 2195
"../../../Engine/Shaders/Private/TemporalSuperResolution/TSRFilterAntiAliasing.usf" 2196
"../../../Engine/Shaders/Private/TemporalSuperResolution/TSRSpatialAntiAliasing.usf" 2197
"../../../Engine/Shaders/Private/TemporalSuperResolution/TSRRejectShading.usf" 2198
"../../../Engine/Shaders/Public/LaneVectorization.ush" 2199
"../../../Engine/Shaders/Private/TemporalSuperResolution/TSRCompareTranslucency.usf" 2200
"../../../Engine/Shaders/Private/TemporalSuperResolution/TSRDecimateHistory.usf" 2201
"../../../Engine/Shaders/Private/TemporalSuperResolution/TSRDilateVelocity.usf" 2202
"../../../Engine/Shaders/Private/MotionBlur/MotionBlurVelocityFlatten.ush" 2203
"../../../Engine/Shaders/Private/MotionBlur/MotionBlurCommon.ush" 2204
"../../../Engine/Shaders/Private/TemporalSuperResolution/TSRForwardScatterDepth.usf" 2205
"../../../Engine/Shaders/Private/TemporalSuperResolution/TSRClearPrevTextures.usf" 2206
"../../../Engine/Shaders/Private/TemporalSuperResolution/TSRComputeMoireLuma.usf" 2207
"../../../Engine/Shaders/Private/TemporalAA.usf" 2208
"../../../Engine/Shaders/Private/FilterPixelShader.usf" 2209
"../../../Engine/Shaders/Private/FilterVertexShader.usf" 2210
"../../../Engine/Shaders/Private/PostProcessVisualizeBuffer.usf" 2211
"../../../Engine/Shaders/Private/PostProcessVisualizeLocalExposure.usf" 2212
"../../../Engine/Shaders/Private/PostProcessHistogramCommon.ush" 2213
"../../../Engine/Shaders/Private/PostProcessVisualizeLevelInstance.usf" 2214
"../../../Engine/Shaders/Private/PostProcessVisualizeHDR.usf" 2215
"../../../Engine/Shaders/Private/ShaderComplexityApplyPixelShader.usf" 2216
"../../../Engine/Shaders/Private/QuadOverdraw.ush" 2217
"../../../Engine/Shaders/Private/PostProcessUpscale.usf" 2218
"../../../Engine/Shaders/Private/PostProcessTonemap.usf" 2219
"../../../Engine/Shaders/Private/PostProcessing/FilmGrainPackConstants.usf" 2220
"../../../Engine/Shaders/Private/PostProcessing/FilmGrainReduce.usf" 2221
"../../../Engine/Shaders/Private/PostProcessTestImage.usf" 2222
"../../../Engine/Shaders/Private/PostProcessSubsurface.usf" 2223
"../../../Engine/Shaders/Private/SeparableSSS.ush" 2224
"../../../Engine/Shaders/Private/SubsurfaceBurleyNormalized.ush" 2225
"../../../Engine/Shaders/Private/PostProcessSelectionOutline.usf" 2226
"../../../Engine/Shaders/Private/PostProcessPixelProjectedReflectionMobile.usf" 2227
"../../../Engine/Shaders/Private/MotionBlur/MotionBlurVisualize.usf" 2228
"../../../Engine/Shaders/Private/MotionBlur/MotionBlurApply.usf" 2229
"../../../Engine/Shaders/Private/MotionBlur/MotionBlurFilterTileClassify.usf" 2230
"../../../Engine/Shaders/Private/MotionBlur/MotionBlurTileScatter.usf" 2231
"../../../Engine/Shaders/Private/MotionBlur/MotionBlurTileGather.usf" 2232
"../../../Engine/Shaders/Private/MotionBlur/MotionBlurVelocityFlatten.usf" 2233
"../../../Engine/Shaders/Private/PostProcessMobile.usf" 2234
"../../../Engine/Shaders/Private/PostProcessMitchellNetravali.usf" 2235
"../../../Engine/Shaders/Private/PostProcessMaterialShaders.usf" 2236
"../../../Engine/Shaders/Private/PostProcessLocalExposure.usf" 2237
"../../../Engine/Shaders/Private/PostProcessLensFlares.usf" 2238
"../../../Engine/Shaders/Private/PostProcessHMD.usf" 2239
"../../../Engine/Shaders/Private/Histogram.usf" 2240
"../../../Engine/Shaders/Private/PostProcessHistogramReduce.usf" 2241
"../../../Engine/Shaders/Private/PostProcessHistogram.usf" 2242
"../../../Engine/Shaders/Private/PostProcessGBufferHints.usf" 2243
"../../../Engine/Shaders/Private/Bloom/BloomFinalizeApplyConstants.usf" 2244
"../../../Engine/Shaders/Private/Bloom/BloomCommon.ush" 2245
"../../../Engine/Shaders/Private/Bloom/BloomResizeKernel.usf" 2246
"../../../Engine/Shaders/Private/Bloom/BloomClampKernel.usf" 2247
"../../../Engine/Shaders/Private/Bloom/BloomPackKernelConstants.usf" 2248
"../../../Engine/Shaders/Private/Bloom/BloomSumScatterDispersionEnergy.usf" 2249
"../../../Engine/Shaders/Private/Bloom/BloomReduceKernelSurvey.usf" 2250
"../../../Engine/Shaders/Private/Bloom/BloomSurveyKernelCenterEnergy.usf" 2251
"../../../Engine/Shaders/Private/Bloom/BloomSurveyMaxScatterDispersion.usf" 2252
"../../../Engine/Shaders/Private/Bloom/BloomFindKernelCenter.usf" 2253
"../../../Engine/Shaders/Private/PostProcessEyeAdaptation.usf" 2254
"../../../Engine/Shaders/Private/PostProcessDownsample.usf" 2255
"../../../Engine/Shaders/Private/PostProcessDOF.usf" 2256
"../../../Engine/Shaders/Private/PostProcessDeviceEncodingOnly.usf" 2257
"../../../Engine/Shaders/Private/PostProcessCompositeEditorPrimitives.usf" 2258
"../../../Engine/Shaders/Private/PostProcessCombineLUTs.usf" 2259
"../../../Engine/Shaders/Private/PostProcessVisualizeDOF.usf" 2260
"../../../Engine/Shaders/Private/PostProcessBloom.usf" 2261
"../../../Engine/Shaders/Private/PostProcessAmbientOcclusionMobile.usf" 2262
"../../../Engine/Shaders/Private/PostProcessAmbientOcclusionCommon.ush" 2263
"../../../Engine/Shaders/Private/FXAAShader.usf" 2264
"../../../Engine/Shaders/Private/Fxaa3_11.ush" 2265
"../../../Engine/Shaders/Private/DiaphragmDOF/DOFRecombine.usf" 2266
"../../../Engine/Shaders/Private/DiaphragmDOF/DOFCommon.ush" 2267
"../../../Engine/Shaders/Private/DiaphragmDOF/DOFHybridScatterPixelShader.usf" 2268
"../../../Engine/Shaders/Private/DiaphragmDOF/DOFHybridScatterCommon.ush" 2269
"../../../Engine/Shaders/Private/DiaphragmDOF/DOFHybridScatterVertexShader.usf" 2270
"../../../Engine/Shaders/Private/DiaphragmDOF/DOFPostfiltering.usf" 2271
"../../../Engine/Shaders/Private/DiaphragmDOF/DOFGatherTileSuggest.ush" 2272
"../../../Engine/Shaders/Private/DiaphragmDOF/DOFCocTileCommon.ush" 2273
"../../../Engine/Shaders/Private/DiaphragmDOF/DOFGatherPass.usf" 2274
"../../../Engine/Shaders/Private/DiaphragmDOF/DOFGatherCommon.ush" 2275
"../../../Engine/Shaders/Private/DiaphragmDOF/DOFGatherAccumulator.ush" 2276
"../../../Engine/Shaders/Private/DiaphragmDOF/DOFGatherKernel.ush" 2277
"../../../Engine/Shaders/Private/DiaphragmDOF/DOFBokehLUT.usf" 2278
"../../../Engine/Shaders/Private/DiaphragmDOF/DOFHybridScatterCompilation.usf" 2279
"../../../Engine/Shaders/Private/DiaphragmDOF/DOFReduce.usf" 2280
"../../../Engine/Shaders/Private/DiaphragmDOF/DOFDownsample.ush" 2281
"../../../Engine/Shaders/Private/DiaphragmDOF/DOFHybridScatterCompilation.ush" 2282
"../../../Engine/Shaders/Private/DiaphragmDOF/DOFDownsample.usf" 2283
"../../../Engine/Shaders/Private/DiaphragmDOF/DOFCocTileDilate.usf" 2284
"../../../Engine/Shaders/Private/DiaphragmDOF/DOFCocTileFlatten.usf" 2285
"../../../Engine/Shaders/Private/DiaphragmDOF/DOFSetup.usf" 2286
"../../../Engine/Shaders/Private/PlanarReflectionShaders.usf" 2287
"../../../Engine/Shaders/Private/PlanarReflectionShared.ush" 2288
"../../../Engine/Shaders/Private/PhysicsFieldVisualizer.usf" 2289
"../../../Engine/Shaders/Private/PathTracing/PathTracingSpatialTemporalDenoising.usf" 2290
"../../../Engine/Shaders/Private/ColorDifference.ush" 2291
"../../../Engine/Shaders/Private/PathTracing/PathTracingCompositingPixelShader.usf" 2292
"../../../Engine/Shaders/Private/PathTracing/PathTracingDefaultHitShader.usf" 2293
"../../../Engine/Shaders/Private/PathTracing/PathTracingCommon.ush" 2294
"../../../Engine/Shaders/Private/PathTracing/Material/PathTracingMaterialCommon.ush" 2295
"../../../Engine/Shaders/Private/PathTracing/PathTracingMaterialHitShader.usf" 2296
"../../../Engine/Shaders/Private/PathTracing/PathTracingShaderUtils.ush" 2297
"../../../Engine/Shaders/Private/PathTracing/Material/PathTracingThinGlass.ush" 2298
"../../../Engine/Shaders/Private/PathTracing/Material/PathTracingEnergyConservation.ush" 2299
"../../../Engine/Shaders/Private/PathTracing/PathTracingLightingMissShader.usf" 2300
"../../../Engine/Shaders/Private/PathTracing/PathTracingMissShader.usf" 2301
"../../../Engine/Shaders/Private/PathTracing/PathTracingBuildAtmosphereLUT.usf" 2302
"../../../Engine/Shaders/Private/PathTracing/Volume/PathTracingAtmosphereCommon.ush" 2303
"../../../Engine/Shaders/Private/PathTracing/PathTracingSwizzleScanlines.usf" 2304
"../../../Engine/Shaders/Private/PathTracing/PathTracingInitExtinctionCoefficient.usf" 2305
"../../../Engine/Shaders/Private/PathTracing/PathTracing.usf" 2306
"../../../Engine/Shaders/Private/PathTracing/PathTracingCore.ush" 2307
"../../../Engine/Shaders/Private/RayTracing/RayTracingDecalGrid.ush" 2308
"../../../Engine/Shaders/Private/PathTracing/Utilities/PathTracingRIS.ush" 2309
"../../../Engine/Shaders/Private/PathTracing/Light/PathTracingLightGrid.ush" 2310
"../../../Engine/Shaders/Private/PathTracing/Material/PathTracingMaterialSampling.ush" 2311
"../../../Engine/Shaders/Private/PathTracing/Material/PathTracingLambert.ush" 2312
"../../../Engine/Shaders/Private/PathTracing/Material/PathTracingSolidGlass.ush" 2313
"../../../Engine/Shaders/Private/PathTracing/Material/PathTracingDefaultLit.ush" 2314
"../../../Engine/Shaders/Private/PathTracing/Material/PathTracingClearCoat.ush" 2315
"../../../Engine/Shaders/Private/PathTracing/Material/PathTracingTwoSidedFoliage.ush" 2316
"../../../Engine/Shaders/Private/PathTracing/Material/PathTracingCloth.ush" 2317
"../../../Engine/Shaders/Private/PathTracing/Material/PathTracingSubsurfaceProfile.ush" 2318
"../../../Engine/Shaders/Private/PathTracing/Material/PathTracingEye.ush" 2319
"../../../Engine/Shaders/Private/PathTracing/Material/PathTracingHair.ush" 2320
"../../../Engine/Shaders/Private/PathTracing/Material/PathTracingMedium.ush" 2321
"../../../Engine/Shaders/Private/PathTracing/Volume/PathTracingVolume.ush" 2322
"../../../Engine/Shaders/Private/PathTracing/Volume/PathTracingVolumeCommon.ush" 2323
"../../../Engine/Shaders/Private/PathTracing/Volume/PathTracingAtmosphere.ush" 2324
"../../../Engine/Shaders/Private/DoubleWordMath.ush" 2325
"../../../Engine/Shaders/Private/PathTracing/Volume/PathTracingFog.ush" 2326
"../../../Engine/Shaders/Private/PathTracing/Volume/PathTracingVolumeSampling.ush" 2327
"../../../Engine/Shaders/Private/PathTracing/PathTracingBuildLightGrid.usf" 2328
"../../../Engine/Shaders/Private/PathTracing/PathTracingSkylightMISCompensation.usf" 2329
"../../../Engine/Shaders/Private/PathTracing/PathTracingSkylightPrepare.usf" 2330
"../../../Engine/Shaders/Private/OIT/OITSorting.usf" 2331
"../../../Engine/Shaders/Private/OITCombine.usf" 2332
"../../../Engine/Shaders/Private/OITCommon.ush" 2333
"../../../Engine/Shaders/Private/Nanite/NaniteDebugViews.usf" 2334
"../../../Engine/Shaders/Private/Nanite/NaniteDepthDecode.usf" 2335
"../../../Engine/Shaders/Private/HTileEncoding.ush" 2336
"../../../Engine/Shaders/Private/Nanite/NaniteMaterialComplexity.usf" 2337
"../../../Engine/Shaders/Private/Nanite/NaniteVisualize.usf" 2338
"../../../Engine/Shaders/Private/Nanite/NaniteStreamOut.usf" 2339
"../../../Engine/Shaders/Private/Nanite/NaniteMaterialCulling.usf" 2340
"../../../Engine/Shaders/Private/Nanite/NaniteDepthExport.usf" 2341
"../../../Engine/Shaders/Private/Nanite/NaniteExportGBuffer.usf" 2342
"../../../Engine/Shaders/Private/Nanite/NaniteRasterizer.usf" 2343
"../../../Engine/Shaders/Private/Nanite/NaniteRasterizationCommon.ush" 2344
"../../../Engine/Shaders/Private/Nanite/NaniteRasterizer.ush" 2345
"../../../Engine/Shaders/Private/Nanite/NaniteWritePixel.ush" 2346
"../../../Engine/Shaders/Private/Nanite/NaniteTessellation.ush" 2347
"../../../Engine/Shaders/Private/WorkDistribution.ush" 2348
"../../../Engine/Shaders/Private/Nanite/NaniteRasterBinning.usf" 2349
"../../../Engine/Shaders/Private/Nanite/NaniteInstanceCulling.usf" 2350
"../../../Engine/Shaders/Private/Nanite/NaniteImposter.ush" 2351
"../../../Engine/Shaders/Private/Nanite/NanitePrimitiveFilter.usf" 2352
"../../../Engine/Shaders/Private/Nanite/NaniteRasterClear.usf" 2353
"../../../Engine/Shaders/Private/Nanite/NanitePrintStats.usf" 2354
"../../../Engine/Shaders/Private/Nanite/NaniteEmitShadow.usf" 2355
"../../../Engine/Shaders/Private/MobileDeferredUtils.usf" 2356
"../../../Engine/Shaders/Private/MobileFog.usf" 2357
"../../../Engine/Shaders/Private/DistortApplyScreenPS.usf" 2358
"../../../Engine/Shaders/Private/MobileDeferredShading.usf" 2359
"../../../Engine/Shaders/Private/MobileLightingCommon.ush" 2360
"../../../Engine/Shaders/Private/MobileBasePassPixelShader.usf" 2361
"../../../Engine/Shaders/Private/MobileBasePassCommon.ush" 2362
"../../../Engine/Shaders/Private/BasePassCommon.ush" 2363
"../../../Engine/Shaders/Private/ShadingModelsMaterial.ush" 2364
"../../../Engine/Shaders/Private/ThinTranslucentCommon.ush" 2365
"../../../Engine/Shaders/Private/SingleLayerWaterShading.ush" 2366
"../../../Engine/Shaders/Private/DistortionCommon.ush" 2367
"../../../Engine/Shaders/Private/Strata/StrataMobileForwardLighting.ush" 2368
"../../../Engine/Shaders/Private/MobileBasePassVertexShader.usf" 2369
"../../../Engine/Shaders/Private/Lumen/LumenVisualizeRadianceCache.usf" 2370
"../../../Engine/Shaders/Private/Lumen/LumenRadianceCacheCommon.ush" 2371
"../../../Engine/Shaders/Private/Lumen/LumenVisualizeHardwareRayTracing.usf" 2372
"../../../Engine/Shaders/Private/Lumen/LumenCardCommon.ush" 2373
"../../../Engine/Shaders/Private/Lumen/LumenTracingCommon.ush" 2374
"../../../Engine/Shaders/Private/DistanceField/GlobalDistanceFieldUtils.ush" 2375
"../../../Engine/Shaders/Private/DistanceField/GlobalDistanceFieldObjectGrid.ush" 2376
"../../../Engine/Shaders/Private/DistanceFieldLightingShared.ush" 2377
"../../../Engine/Shaders/Private/Lumen/SurfaceCache/LumenSurfaceCacheSampling.ush" 2378
"../../../Engine/Shaders/Private/Lumen/SurfaceCache/LumenSurfaceCache.ush" 2379
"../../../Engine/Shaders/Private/Lumen/LumenVisualize.ush" 2380
"../../../Engine/Shaders/Private/Lumen/LumenHardwareRayTracingCommon.ush" 2381
"../../../Engine/Shaders/Private/Lumen/LumenHardwareRayTracingPipelineCommon.ush" 2382
"../../../Engine/Shaders/Private/Lumen/LumenHardwareRayTracingPlatformCommon.ush" 2383
"../../../Engine/Shaders/Private/Lumen/LumenHairTracing.ush" 2384
"../../../Engine/Shaders/Private/Lumen/LumenFog.ush" 2385
"../../../Engine/Shaders/Private/Lumen/LumenVisualize.usf" 2386
"../../../Engine/Shaders/Private/Lumen/LumenVisualizeTraces.ush" 2387
"../../../Engine/Shaders/Private/Lumen/LumenTranslucencyVolumeLighting.usf" 2388
"../../../Engine/Shaders/Private/Lumen/LumenRadianceCacheMarkCommon.ush" 2389
"../../../Engine/Shaders/Private/Lumen/LumenTranslucencyVolumeLightingShared.ush" 2390
"../../../Engine/Shaders/Private/Lumen/LumenScreenProbeCommon.ush" 2391
"../../../Engine/Shaders/Private/Lumen/LumenTranslucencyVolumeHardwareRayTracing.usf" 2392
"../../../Engine/Shaders/Private/Lumen/LumenTranslucencyRadianceCacheMarkShaders.usf" 2393
"../../../Engine/Shaders/Private/Lumen/SurfaceCache/LumenSurfaceCacheFeedback.usf" 2394
"../../../Engine/Shaders/Private/Lumen/SurfaceCache/LumenSurfaceCache.usf" 2395
"../../../Engine/Shaders/Private/Lumen/LumenShortRangeAOHardwareRayTracing.usf" 2396
"../../../Engine/Shaders/Private/Lumen/LumenMaterial.ush" 2397
"../../../Engine/Shaders/Private/Lumen/LumenScreenSpaceBentNormal.usf" 2398
"../../../Engine/Shaders/Private/Lumen/LumenScreenTracing.ush" 2399
"../../../Engine/Shaders/Private/Lumen/LumenScreenProbeTracing.usf" 2400
"../../../Engine/Shaders/Private/Lumen/LumenScreenProbeTracingCommon.ush" 2401
"../../../Engine/Shaders/Private/Lumen/LumenScreenProbeImportanceSampling.usf" 2402
"../../../Engine/Shaders/Private/Lumen/LumenScreenProbeImportanceSamplingShared.ush" 2403
"../../../Engine/Shaders/Private/Lumen/LumenScreenProbeHardwareRayTracing.usf" 2404
"../../../Engine/Shaders/Private/Lumen/LumenScreenProbeGather.usf" 2405
"../../../Engine/Shaders/Private/Lumen/LumenScreenSpaceBentNormal.ush" 2406
"../../../Engine/Shaders/Private/Lumen/LumenReflectionsCombine.ush" 2407
"../../../Engine/Shaders/Private/Lumen/LumenScreenProbeLightSampling.usf" 2408
"../../../Engine/Shaders/Private/Lumen/LumenScreenProbeFiltering.usf" 2409
"../../../Engine/Shaders/Private/Lumen/LumenSceneLighting.usf" 2410
"../../../Engine/Shaders/Private/Lumen/LumenCardTile.ush" 2411
"../../../Engine/Shaders/Private/Lumen/LumenSceneLighting.ush" 2412
"../../../Engine/Shaders/Private/Lumen/Radiosity/LumenRadiosity.ush" 2413
"../../../Engine/Shaders/Private/Lumen/LumenCardPixelShader.usf" 2414
"../../../Engine/Shaders/Private/Lumen/LumenCardVertexShader.usf" 2415
"../../../Engine/Shaders/Private/Lumen/LumenSceneLightingDebug.usf" 2416
"../../../Engine/Shaders/Private/Lumen/LumenSceneDirectLightingHardwareRayTracing.usf" 2417
"../../../Engine/Shaders/Private/Lumen/LumenReflectionCommon.ush" 2418
"../../../Engine/Shaders/Private/Lumen/LumenSceneDirectLighting.ush" 2419
"../../../Engine/Shaders/Private/Lumen/LumenSceneDirectLightingSoftwareRayTracing.usf" 2420
"../../../Engine/Shaders/Private/DistanceFieldShadowingShared.ush" 2421
"../../../Engine/Shaders/Private/Lumen/LumenSceneDirectLightingPerLightShadowCommon.ush" 2422
"../../../Engine/Shaders/Private/Lumen/LumenSceneDirectLightingShadowMask.usf" 2423
"../../../Engine/Shaders/Private/Lumen/LumenSceneDirectLighting.usf" 2424
"../../../Engine/Shaders/Private/Lumen/LumenSceneDirectLightingCulling.usf" 2425
"../../../Engine/Shaders/Private/Lumen/LumenReflectionTracing.usf" 2426
"../../../Engine/Shaders/Private/Lumen/LumenReflections.usf" 2427
"../../../Engine/Shaders/Private/Lumen/LumenReflectionHardwareRayTracing.usf" 2428
"../../../Engine/Shaders/Private/Lumen/Radiosity/LumenVisualizeRadiosityProbes.usf" 2429
"../../../Engine/Shaders/Private/Lumen/Radiosity/LumenRadiosity.usf" 2430
"../../../Engine/Shaders/Private/RayTracing/RayGenUtils.ush" 2431
"../../../Engine/Shaders/Private/Lumen/Radiosity/LumenRadiosityHardwareRayTracing.usf" 2432
"../../../Engine/Shaders/Private/Lumen/Radiosity/LumenRadiosityCulling.usf" 2433
"../../../Engine/Shaders/Private/Lumen/LumenRadianceCacheHardwareRayTracing.usf" 2434
"../../../Engine/Shaders/Private/Lumen/LumenRadianceCacheTracingCommon.ush" 2435
"../../../Engine/Shaders/Private/Lumen/LumenRadianceCache.usf" 2436
"../../../Engine/Shaders/Private/Lumen/LumenRadianceCacheUpdate.ush" 2437
"../../../Engine/Shaders/Private/Lumen/LumenRadianceCacheDebug.usf" 2438
"../../../Engine/Shaders/Private/Lumen/LumenRadianceCacheUpdate.usf" 2439
"../../../Engine/Shaders/Private/Lumen/LumenMeshSDFCulling.usf" 2440
"../../../Engine/Shaders/Private/HybridIndirectLighting.ush" 2441
"../../../Engine/Shaders/Private/MeshDistanceFieldCommon.ush" 2442
"../../../Engine/Shaders/Private/Lumen/LumenIrradianceFieldGather.usf" 2443
"../../../Engine/Shaders/Private/Lumen/LumenHardwareRayTracingMaterials.usf" 2444
"../../../Engine/Shaders/Private/Lumen/LumenHardwareRayTracingPipeline.usf" 2445
"../../../Engine/Shaders/Private/Lumen/LumenFrontLayerTranslucency.usf" 2446
"../../../Engine/Shaders/Private/LightShaftShader.usf" 2447
"../../../Engine/Shaders/Private/StationaryLightOverlapShaders.usf" 2448
"../../../Engine/Shaders/Private/DeferredLightPixelShaders.usf" 2449
"../../../Engine/Shaders/Private/HairStrands/HairStrandsVisibilityUtils.ush" 2450
"../../../Engine/Shaders/Private/DeferredLightVertexShaders.usf" 2451
"../../../Engine/Shaders/Private/LightMapDensityShader.usf" 2452
"../../../Engine/Shaders/Private/LightGridInjection.usf" 2453
"../../../Engine/Shaders/Private/LightFunctionPixelShader.usf" 2454
"../../../Engine/Shaders/Private/LightFunctionVertexShader.usf" 2455
"../../../Engine/Shaders/Private/InstanceCulling/BuildInstanceDrawCommands.usf" 2456
"../../../Engine/Shaders/Private/InstanceCulling/InstanceCompactionCommon.ush" 2457
"../../../Engine/Shaders/Private/InstanceCulling/CompactVisibleInstances.usf" 2458
"../../../Engine/Shaders/Private/ThreadGroupPrefixSum.ush" 2459
"../../../Engine/Shaders/Private/ReflectionEnvironmentPixelShader.usf" 2460
"../../../Engine/Shaders/Private/Strata/StrataEnvironmentLighting.ush" 2461
"../../../Engine/Shaders/Private/AmbientCubemapComposite.usf" 2462
"../../../Engine/Shaders/Private/DiffuseIndirectComposite.usf" 2463
"../../../Engine/Shaders/Private/IESAtlas.usf" 2464
"../../../Engine/Shaders/Private/HeterogeneousVolumes/HeterogeneousVolumesSparseVoxelPipeline.usf" 2465
"../../../Engine/Shaders/Private/HeterogeneousVolumes/HeterogeneousVolumesSparseVoxelUtils.ush" 2466
"../../../Engine/Shaders/Private/HeterogeneousVolumes/HeterogeneousVolumesSparseVoxelUniformBufferUtils.ush" 2467
"../../../Engine/Shaders/Private/HeterogeneousVolumes/HeterogeneousVolumesPreshadingPipeline.usf" 2468
"../../../Engine/Shaders/Private/HeterogeneousVolumes/HeterogeneousVolumesTracingUtils.ush" 2469
"../../../Engine/Shaders/Private/HeterogeneousVolumes/HeterogeneousVolumesLightingUtils.ush" 2470
"../../../Engine/Shaders/Private/HeterogeneousVolumes/HeterogeneousVolumesRayMarchingUtils.ush" 2471
"../../../Engine/Shaders/Private/HeterogeneousVolumes/HeterogeneousVolumesTransmittanceVolumeUtils.ush" 2472
"../../../Engine/Shaders/Private/HeterogeneousVolumes/HeterogeneousVolumesMaterialBakingPipeline.usf" 2473
"../../../Engine/Shaders/Private/HeterogeneousVolumes/HeterogeneousVolumesLiveShadingUtils.ush" 2474
"../../../Engine/Shaders/Private/HeterogeneousVolumes/HeterogeneousVolumesLiveShadingPipeline.usf" 2475
"../../../Engine/Shaders/Private/HeterogeneousVolumes/HeterogeneousVolumesHardwareRayTracing.usf" 2476
"../../../Engine/Shaders/Private/HeterogeneousVolumes/HeterogeneousVolumesComposite.usf" 2477
"../../../Engine/Shaders/Private/HdrCustomResolveShaders.usf" 2478
"../../../Engine/Shaders/Private/HairStrands/HairStrandsVoxelMip.usf" 2479
"../../../Engine/Shaders/Private/HairStrands/HairStrandsVoxelRasterCompute.usf" 2480
"../../../Engine/Shaders/Private/HairStrands/HairStrandsClusterCommon.ush" 2481
"../../../Engine/Shaders/Private/HairStrands/HairStrandsVoxelPageAllocation.usf" 2482
"../../../Engine/Shaders/Private/Matrices.ush" 2483
"../../../Engine/Shaders/Private/HairStrands/HairStrandsAABBCommon.ush" 2484
"../../../Engine/Shaders/Private/HairStrands/HairStrandsVoxelOpaque.usf" 2485
"../../../Engine/Shaders/Private/HairStrands/HairStrandsRaytracingGeometry.usf" 2486
"../../../Engine/Shaders/Private/HairStrands/HairStrandsHitProxy.usf" 2487
"../../../Engine/Shaders/Private/HairStrands/HairStrandsVisibilityRasterComputeNaive.usf" 2488
"../../../Engine/Shaders/Private/HairStrands/HairStrandsVisibilityRasterHW.usf" 2489
"../../../Engine/Shaders/Private/HairStrands/HairStrandsVisibilityRasterCompute.usf" 2490
"../../../Engine/Shaders/Private/HairStrands/HairStrandsVisibilityRasterClassification.usf" 2491
"../../../Engine/Shaders/Private/HairStrands/HairStrandsCoverage.usf" 2492
"../../../Engine/Shaders/Private/HairStrands/HairStrandsVisibilityDepthPS.usf" 2493
"../../../Engine/Shaders/Private/HairStrands/HairStrandsVisibilityTransmittanceDepthPS.usf" 2494
"../../../Engine/Shaders/Private/HairStrands/HairStrandsVisibilityFillOpaqueDepthPS.usf" 2495
"../../../Engine/Shaders/Private/HairStrands/HairStrandsVisibilityCompactionComputeRaster.usf" 2496
"../../../Engine/Shaders/Private/HairStrands/HairStrandsVisibilityCompaction.usf" 2497
"../../../Engine/Shaders/Private/HairStrands/HairStrandsVisibilityCopyIndirectArg.usf" 2498
"../../../Engine/Shaders/Private/HairStrands/HairStrandsVisibilityClearPS.usf" 2499
"../../../Engine/Shaders/Private/HairStrands/HairStrandsVisibilityPS.usf" 2500
"../../../Engine/Shaders/Private/HairStrands/HairStrandsVisibilityVS.usf" 2501
"../../../Engine/Shaders/Private/HairStrands/HairStrandsVelocity.usf" 2502
"../../../Engine/Shaders/Private/HairStrands/HairStrandsVisibilityComputeSampleCoverage.usf" 2503
"../../../Engine/Shaders/Private/HairStrands/HairStrandsMaterialPS.usf" 2504
"../../../Engine/Shaders/Private/HairStrands/HairStrandsMaterialCommon.ush" 2505
"../../../Engine/Shaders/Private/HairStrands/HairStrandsMaterialVS.usf" 2506
"../../../Engine/Shaders/Private/HairStrands/HairStrandsLightSample.usf" 2507
"../../../Engine/Shaders/Private/HairStrands/HairStrandsDeepShadowMask.usf" 2508
"../../../Engine/Shaders/Private/HairStrands/HairStrandsDeepShadowCommon.ush" 2509
"../../../Engine/Shaders/Private/HairStrands/HairStrandsDeepTransmittanceMask.usf" 2510
"../../../Engine/Shaders/Private/HairStrands/HairStrandsVisibilityTile.usf" 2511
"../../../Engine/Shaders/Private/HairStrands/HairStrandsDeepShadowPS.usf" 2512
"../../../Engine/Shaders/Private/HairStrands/HairStrandsDeepShadowVS.usf" 2513
"../../../Engine/Shaders/Private/HairStrands/HairStrandsLUT.usf" 2514
"../../../Engine/Shaders/Private/HairStrands/HairStrandsForwardRaster.usf" 2515
"../../../Engine/Shaders/Private/HairStrands/HairStrandsForwardCulling.usf" 2516
"../../../Engine/Shaders/Private/HairStrands/HairStrandsEnvironmentLighting.usf" 2517
"../../../Engine/Shaders/Private/HairStrands/HairStrandsDebugCommonStruct.ush" 2518
"../../../Engine/Shaders/Private/HairStrands/HairStrandsEnvironmentAO.usf" 2519
"../../../Engine/Shaders/Private/HairStrands/HairStrandsDeepShadowAllocation.usf" 2520
"../../../Engine/Shaders/Private/HairStrands/HairStrandsVoxelDepthInjection.usf" 2521
"../../../Engine/Shaders/Private/HairStrands/HairStrandsClusterCulling.usf" 2522
"../../../Engine/Shaders/Private/HairStrands/HairStrandsDebug.usf" 2523
"../../../Engine/Shaders/Private/HairStrands/HairStrandsMeshProjectionCommon.ush" 2524
"../../../Engine/Shaders/Private/HairStrands/HairStrandsVoxelPageRayMarching.usf" 2525
"../../../Engine/Shaders/Private/HairStrands/HairStrandsGBufferWrite.usf" 2526
"../../../Engine/Shaders/Private/HairStrands/HairStrandsGBufferCommon.ush" 2527
"../../../Engine/Shaders/Private/HairStrands/HairStrandsVisibilityComposeSubPixelPS.usf" 2528
"../../../Engine/Shaders/Private/HairStrands/HairStrandsAABB.usf" 2529
"../../../Engine/Shaders/Private/GPUScene/GPUSceneDataManagement.usf" 2530
"../../../Engine/Shaders/Private/GPUSceneDebugRender.usf" 2531
"../../../Engine/Shaders/Private/GPUFastFourierTransform.usf" 2532
"../../../Engine/Shaders/Private/GPUFastFourierTransform2DCore.ush" 2533
"../../../Engine/Shaders/Private/GPUFastFourierTransformCore.ush" 2534
"../../../Engine/Shaders/Private/GPUBenchmark.usf" 2535
"../../../Engine/Shaders/Private/DistanceField/GlobalDistanceFieldDebug.usf" 2536
"../../../Engine/Shaders/Private/DistanceField/GlobalDistanceFieldMip.usf" 2537
"../../../Engine/Shaders/Private/DistanceField/GlobalDistanceField.usf" 2538
"../../../Engine/Shaders/Private/DistanceField/GlobalDistanceFieldUpdate.ush" 2539
"../../../Engine/Shaders/Private/DistanceField/GlobalDistanceFieldCompositeObjects.usf" 2540
"../../../Engine/Shaders/Private/DistanceField/GlobalDistanceFieldHeightfields.usf" 2541
"../../../Engine/Shaders/Private/HeightfieldLightingShared.ush" 2542
"../../../Engine/Shaders/Private/GenerateConservativeDepth.usf" 2543
"../../../Engine/Shaders/Private/HeightFogPixelShader.usf" 2544
"../../../Engine/Shaders/Private/HeightFogVertexShader.usf" 2545
"../../../Engine/Shaders/Private/DistortFiltering.usf" 2546
"../../../Engine/Shaders/Private/DistortAccumulatePS.usf" 2547
"../../../Engine/Shaders/Private/DistortAccumulateVS.usf" 2548
"../../../Engine/Shaders/Private/DistanceFieldVisualization.usf" 2549
"../../../Engine/Shaders/Private/DistanceFieldStreaming.usf" 2550
"../../../Engine/Shaders/Private/DistanceFieldShadowing.usf" 2551
"../../../Engine/Shaders/Private/DistanceFieldScreenGridLighting.usf" 2552
"../../../Engine/Shaders/Private/DistanceFieldObjectCulling.usf" 2553
"../../../Engine/Shaders/Private/DistanceFieldLightingPost.usf" 2554
"../../../Engine/Shaders/Private/DitheredTransitionStencil.usf" 2555
"../../../Engine/Shaders/Private/DepthOnlyPixelShader.usf" 2556
"../../../Engine/Shaders/Private/DepthOnlyVertexShader.usf" 2557
"../../../Engine/Shaders/Private/PositionOnlyDepthVertexShader.usf" 2558
"../../../Engine/Shaders/Private/DeferredDecal.usf" 2559
"../../../Engine/Shaders/Private/DecalCommon.ush" 2560
"../../../Engine/Shaders/Private/DebugViewModeVertexShader.usf" 2561
"../../../Engine/Shaders/Private/DebugViewModeCommon.ush" 2562
"../../../Engine/Shaders/Private/DebugViewModePixelShader.usf" 2563
"../../../Engine/Shaders/Private/DebugProbes.usf" 2564
"../../../Engine/Shaders/Private/MeshDecals.usf" 2565
"../../../Engine/Shaders/Private/PostProcessAmbientOcclusion.usf" 2566
"../../../Engine/Shaders/Private/ClusteredDeferredShadingPixelShader.usf" 2567
"../../../Engine/Shaders/Private/ClusteredDeferredShadingVertexShader.usf" 2568
"../../../Engine/Shaders/Private/CapsuleShadowShaders.usf" 2569
"../../../Engine/Shaders/Private/BasePassPixelShader.usf" 2570
"../../../Engine/Shaders/Private/ForwardLightingCommon.ush" 2571
"../../../Engine/Shaders/Private/Strata/StrataForwardLighting.ush" 2572
"../../../Engine/Shaders/Private/ComputeShaderOutputCommon.ush" 2573
"../../../Engine/Shaders/Private/BasePassVertexShader.usf" 2574
"../../../Engine/Shaders/Private/BasePassVertexCommon.ush" 2575
"../../../Engine/Shaders/Private/AnisotropyPassShader.usf" 2576
"../../../Engine/Shaders/Private/SimpleElementVolumeTexturePreviewPixelShader.usf" 2577
"../../../Engine/Shaders/Private/SimpleElementTexture2DPreviewPixelShader.usf" 2578
"../../../Engine/Shaders/Private/meshpaintdilatepixelshader.usf" 2579
"../../../Engine/Shaders/Private/meshpaintdilatevertexshader.usf" 2580
"../../../Engine/Shaders/Private/MeshPaintPixelShader.usf" 2581
"../../../Engine/Shaders/Private/MeshPaintVertexShader.usf" 2582
"../../../Engine/Shaders/Private/Tools/VisualizeTexture.usf" 2583
"../../../Engine/Shaders/Private/ByteBuffer.usf" 2584
"../../../Engine/Shaders/Private/ResolveVertexShader.usf" 2585
"../../../Engine/Shaders/Private/ResolvePixelShader.usf" 2586
"../../../Engine/Shaders/Private/Tools/SetupIndirectArgs.usf" 2587
"../../../Engine/Shaders/Private/Tools/ClearUAV.usf" 2588
"../../../Engine/Shaders/Private/ClearReplacementShaders.usf" 2589
"../../../Engine/Shaders/Private/Tools/DrawTexture.usf" 2590
"../../../Engine/Shaders/Private/RayTracing/RayTracingValidation.usf" 2591
"../../../Engine/Shaders/Private/RenderGraphUtilities.usf" 2592
"../../../Engine/Shaders/Private/OneColorShader.usf" 2593
"../../../Engine/Shaders/Private/OculusShaders.usf" 2594
"../../../Engine/Shaders/Private/MediaShaders.usf" 2595
"../../../Engine/Shaders/Private/GPUMessaging.usf" 2596
"../../../Engine/Shaders/Private/NullPixelShader.usf" 2597
"../../../Engine/Shaders/Private/ComputeGenerateMips.usf" 2598
"../../../Engine/Shaders/Private/Tools/DumpTexture.usf" 2599
"../../../Engine/Shaders/Private/CopyTextureShaders.usf" 2600
"../../../Engine/Shaders/Private/Tools/FullscreenVertexShader.usf" 2601
"../../../Engine/Shaders/Private/RayTracing/RayTracingDispatchDesc.usf" 2602
"../../../Engine/Shaders/Private/Bink.usf" 2603
"../../../../Unreal/LostWaves/Intermediate/ShaderAutogen/PCD3D_SM5/AutogenShaderHeaders.ush" 2604
"D:/UnrealEngine-5.2.1-release/Engine/Plugins/2D/Paper2D/Content/DummySprite.uasset" 2605
"D:/UnrealEngine-5.2.1-release/Engine/Plugins/Animation/ControlRig/Content/StandardFunctionLibrary/StandardFunctionLibrary.uasset" 2606
"D:/UnrealEngine-5.2.1-release/Engine/Plugins/Animation/ControlRigSpline/Content/SplineFunctionLibrary/SplineFunctionLibrary.uasset" 2607
"D:/Unreal/LostWaves/Content/Characters/Mannequin_UE4/Rigs/IK_UE4_Mannequin.uasset" 2608
"D:/Unreal/LostWaves/Content/Characters/Mannequin_UE4/Rigs/RTG_UE4Manny_UE5Manny.uasset" 2609
"D:/Unreal/LostWaves/Content/Characters/Mannequin_UE4/Rigs/RTG_UE5Manny_UE4Manny.uasset" 2610
"D:/UnrealEngine-5.2.1-release/Engine/Plugins/2D/Paper2D/Content/Tutorial/Paper2D/TutorialAssets/TutorialFlipBook.uasset" 2611
"D:/UnrealEngine-5.2.1-release/Engine/Plugins/2D/Paper2D/Content/Tutorial/Paper2D/TutorialAssets/TutorialSprite.uasset" 2612
"D:/Unreal/LostWaves/Content/Characters/Mannequins/Rigs/IK_Mannequin.uasset" 2613
"D:/Unreal/LostWaves/Content/Characters/Mannequins/Rigs/RTG_Mannequin.uasset" 2614
"D:/Unreal/LostWaves/Content/Characters/Mannequins/Rigs/CR_Mannequin_Procedural.uasset" 2615
"D:/Unreal/LostWaves/Content/Characters/Mannequins/Rigs/CR_Mannequin_Body.uasset" 2616
"D:/Unreal/LostWaves/Content/Characters/Mannequins/Rigs/CR_Mannequin_BasicFootIK.uasset" 2617
"../../../Engine/Content/EditorResources/S_Actor.uasset" 2618
"../../../Engine/DerivedDataCache/Buckets/BulkDataList/a1/66/d2859cebdecbf20b55337ac3c48d149ba079.udd" 2619
"../../../../Unreal/LostWaves/Intermediate/ShaderAutogen/PCD3D_SM6/AutogenShaderHeaders.ush" 2620
"../../../../Unreal/LostWaves/Intermediate/ShaderAutogen/PCD3D_ES3_1/AutogenShaderHeaders.ush" 2621
"../../../Engine/Content/EditorResources/S_BoxReflectionCapture.uasset" 2622
"../../../Engine/DerivedDataCache/Buckets/BulkDataList/eb/1d/c0b74c51513e972b0f48720299475bb369c4.udd" 2623
"../../../Engine/Content/EngineResources/DefaultTexture.uasset" 2624
"../../../Engine/DerivedDataCache/Buckets/BulkDataList/db/6e/3957024c3729d804957e0f9e2caff9e68da9.udd" 2625
"../../../Engine/Content/EngineResources/DefaultTextureCube.uasset" 2626
"../../../Engine/DerivedDataCache/Buckets/BulkDataList/2f/ff/5674bf6bc9fdd95062c35cda14ce99889fee.udd" 2627
"../../../Engine/Content/EngineResources/DefaultVolumeTexture.uasset" 2628
"../../../Engine/Content/EngineResources/DefaultVolumeTexture2D.uasset" 2629
"../../../Engine/DerivedDataCache/Buckets/BulkDataList/c9/74/6b51bb898ac7eeed578334ba403566c2c6da.udd" 2630
"../../../Engine/DerivedDataCache/Buckets/BulkDataList/ee/df/b33ae2e04ffcab30e1fbf5a7cee0fad87cee.udd" 2631
"../../../Engine/Content/EngineFonts/RobotoDistanceField.uasset" 2632
"../../../Engine/DerivedDataCache/Buckets/BulkDataList/7f/04/d4f32bf5e444f8226ade8e9dbf9dbd0afcca.udd" 2633
"../../../Engine/Content/EngineMaterials/DefaultTextMaterialOpaque.uasset" 2634
"../../../Engine/Content/Functions/Engine_MaterialFunctions01/Shading/PowerToRoughness.uasset" 2635
"../../../Engine/Content/Functions/Engine_MaterialFunctions01/Shading/ConvertFromDiffSpec.uasset" 2636
"../../../Engine/Content/EngineMaterials/WorldGridMaterial.uasset" 2637
"../../../Engine/Content/Functions/Engine_MaterialFunctions01/Opacity/CameraDepthFade.uasset" 2638
"../../../Engine/Content/EngineMaterials/T_Default_Material_Grid_M.uasset" 2639
"../../../Engine/Content/EngineMaterials/T_Default_Material_Grid_N.uasset" 2640
"../../../Engine/Content/EngineMaterials/DefaultDeferredDecalMaterial.uasset" 2641
"../../../Engine/Content/EngineMaterials/DefaultDiffuse.uasset" 2642
"../../../Engine/Content/EngineMaterials/DefaultLightFunctionMaterial.uasset" 2643
"../../../Engine/Content/EngineMaterials/DefaultPostProcessMaterial.uasset" 2644
"../../../Engine/Content/Functions/Engine_MaterialFunctions02/Utility/BreakOutFloat2Components.uasset" 2645
"../../../Engine/DerivedDataCache/Buckets/BulkDataList/06/34/9caedcb36bda69a7d286783ed16d05c9c3b4.udd" 2646
"../../../Engine/DerivedDataCache/Buckets/BulkDataList/99/83/6defcda4b92170903ba7f1269ddef10d7915.udd" 2647
"../../../Engine/DerivedDataCache/Buckets/BulkDataList/2c/e8/d9b2de216aff96bafa770c1746b54cbbb27d.udd" 2648
"../../../Engine/Content/EditorResources/S_Trigger.uasset" 2649
"../../../Engine/DerivedDataCache/Buckets/BulkDataList/71/3c/00ca0460b9def545fd9b5a251c0c40e9a22a.udd" 2650
"../../../Engine/Content/EditorResources/S_TriggerBox.uasset" 2651
"../../../Engine/DerivedDataCache/Buckets/BulkDataList/dc/51/c0ef9eb45b2fb890920b9f34e277af2c225f.udd" 2652
"../../../Engine/Content/EditorResources/S_TriggerCapsule.uasset" 2653
"../../../Engine/DerivedDataCache/Buckets/BulkDataList/48/b0/0cc857cd208d0e3faf253046de899694d6d2.udd" 2654
"../../../Engine/Content/EditorResources/S_TriggerSphere.uasset" 2655
"../../../Engine/DerivedDataCache/Buckets/BulkDataList/34/df/a421e3b60906dfd466daa9a5ad71140ceae3.udd" 2656
"../../../Engine/Content/EngineDamageTypes/DmgTypeBP_Environmental.uasset" 2657
"../../../Engine/Content/EngineSky/VolumetricClouds/m_SimpleVolumetricCloud_Inst.uasset" 2658
"../../../Engine/Content/EngineSky/VolumetricClouds/m_SimpleVolumetricCloud.uasset" 2659
"../../../Engine/Content/Functions/Engine_MaterialFunctions02/Utility/MakeFloat2.uasset" 2660
"../../../Engine/Content/EngineSky/VolumetricClouds/CloudGradientTexture.uasset" 2661
"../../../Engine/Content/EngineSky/VolumetricClouds/CloudWeatherTexture.uasset" 2662
"../../../Engine/Content/EngineSky/VolumetricClouds/T_VolumeNoiseErosion32.uasset" 2663
"../../../Engine/Content/EngineSky/VolumetricClouds/T_NoiseErosion.uasset" 2664
"../../../Engine/Content/EngineSky/VolumetricClouds/T_VolumeNoiseShape64.uasset" 2665
"../../../Engine/Content/EngineSky/VolumetricClouds/T_NoiseShape64.uasset" 2666
"../../../Engine/DerivedDataCache/Buckets/BulkDataList/9c/bf/38ab5a2ba6d9187f545d473344208bdae464.udd" 2667
"../../../Engine/DerivedDataCache/Buckets/BulkDataList/03/22/3542f0e7c20ed3d792ec75c5497d8f99c18e.udd" 2668
"../../../Engine/DerivedDataCache/Buckets/BulkDataList/b2/eb/56110df3eb4b84e86f94bb13be9a6c21a250.udd" 2669
"../../../Engine/DerivedDataCache/Buckets/BulkDataList/48/87/8b6ceee8f3141d14eba23a474e86aba5561a.udd" 2670
"../../../Engine/DerivedDataCache/Buckets/BulkDataList/4a/fd/74de75385982ea83fcd32b1ed5b6b981a5ec.udd" 2671
"../../../Engine/DerivedDataCache/Buckets/BulkDataList/a9/92/9e79ca0967d9baa15271d36768ce8337d05d.udd" 2672
"../../../Engine/Content/EngineMeshes/Sphere.uasset" 2673
"../../../Engine/DerivedDataCache/Buckets/StaticMesh/75/74/9424a497bbb81c602a446b4adae1748dd9bf.udd" 2674
"../../../Engine/DerivedDataCache/Buckets/LegacyDIST/75/e8/c9014322544db570d6db986da996dd1156cb.udd" 2675
"../../../Engine/DerivedDataCache/Buckets/LegacyCARD/08/f4/36096f331ed9e26211cb46d5220796114c72.udd" 2676
"../../../Engine/DerivedDataCache/Buckets/LegacyNavCollision/1a/ea/6b0e8fab9d1212ee8db58df061bb0b14406b.udd" 2677
"../../../Engine/Content/EngineResources/WhiteSquareTexture.uasset" 2678
"../../../Engine/DerivedDataCache/Buckets/BulkDataList/5f/6b/cfdaa9369003ea40e6e189629a79b7fdb0d8.udd" 2679
"../../../Engine/Content/EngineResources/GradientTexture0.uasset" 2680
"../../../Engine/DerivedDataCache/Buckets/BulkDataList/55/2a/ce630683f68001e35375dcf147fe753cf6cd.udd" 2681
"../../../Engine/Content/EngineResources/Black.uasset" 2682
"../../../Engine/DerivedDataCache/Buckets/BulkDataList/ad/4a/e1368f1cc55d1e3807a55ec48feec1568f23.udd" 2683
"../../../Engine/Content/EngineMaterials/Widget3DPassThrough_Translucent.uasset" 2684
"../../../Engine/Content/EngineMaterials/Widget3DPassThrough.uasset" 2685
"../../../Engine/Content/EngineMaterials/Widget3DPassThrough_Translucent_OneSided.uasset" 2686
"../../../Engine/Content/EngineMaterials/Widget3DPassThrough_Opaque.uasset" 2687
"../../../Engine/Content/EngineMaterials/Widget3DPassThrough_Opaque_OneSided.uasset" 2688
"../../../Engine/Content/EngineMaterials/Widget3DPassThrough_Masked.uasset" 2689
"../../../Engine/Content/EngineMaterials/Widget3DPassThrough_Masked_OneSided.uasset" 2690
"../../../Engine/Content/VREditor/TransformGizmo/PlaneTranslationHandle.uasset" 2691
"../../../Engine/Content/VREditor/TransformGizmo/TransformGizmoMaterial.uasset" 2692
"../../../Engine/Content/VREditor/LaserPointer/VR_LaserPower_01.uasset" 2693
"../../../Engine/Content/VREditor/TransformGizmo/TranslucentTransformGizmoMaterial.uasset" 2694
"../../../Engine/DerivedDataCache/Buckets/BulkDataList/eb/7d/0113ca31a8dc11934c548c5e6d444a2523bd.udd" 2695
"../../../Engine/DerivedDataCache/Buckets/StaticMesh/c3/2e/ca22e5b675a3931dd5fee8a4017925460d2f.udd" 2696
"../../../Engine/DerivedDataCache/Buckets/LegacyDIST/43/90/e4690d7dc30b3d108bd36ff08d84d45b1214.udd" 2697
"../../../Engine/DerivedDataCache/Buckets/LegacyCARD/20/c4/31c9a5090b9610daae7ad5e315d68eb69577.udd" 2698
"../../../Engine/DerivedDataCache/Buckets/LegacyNavCollision/a5/a9/e859872195bb12a1731d1e828ac4619999b2.udd" 2699
"../../../Engine/Content/VREditor/TransformGizmo/BoundingBoxCorner.uasset" 2700
"../../../Engine/DerivedDataCache/Buckets/StaticMesh/94/2d/e66edd304ade013f758d306bcb6503344e7e.udd" 2701
"../../../Engine/DerivedDataCache/Buckets/LegacyDIST/24/86/2be1e45d0b380bbbf8617658a8950a42af18.udd" 2702
"../../../Engine/DerivedDataCache/Buckets/LegacyCARD/cc/6c/354c3bc55bb57f6af9ec811f7971d46a09bd.udd" 2703
"../../../Engine/DerivedDataCache/Buckets/LegacyNavCollision/82/64/40ee2748f271c22e891287ab7afb175efe65.udd" 2704
"../../../Engine/Content/VREditor/TransformGizmo/BoundingBoxEdge.uasset" 2705
"../../../Engine/DerivedDataCache/Buckets/StaticMesh/06/45/850f797b260a7c6521cc126f961e4663760a.udd" 2706
"../../../Engine/DerivedDataCache/Buckets/LegacyDIST/1c/15/fb47c31633879826d968372ce0867ce9d96f.udd" 2707
"../../../Engine/DerivedDataCache/Buckets/LegacyCARD/e1/7b/dc41136f46a001824b5adfb5df841870c4f2.udd" 2708
"../../../Engine/DerivedDataCache/Buckets/LegacyNavCollision/1f/9b/6b5d732b2d0d39253be7b958b456e45586b6.udd" 2709
"../../../Engine/Content/VREditor/TransformGizmo/SM_Sequencer_Node.uasset" 2710
"../../../Engine/Content/VREditor/TransformGizmo/Main.uasset" 2711
"../../../Engine/Content/VREditor/TransformGizmo/Xray.uasset" 2712
"../../../Engine/DerivedDataCache/Buckets/StaticMesh/43/89/e445f9371367eeb33c9171572f1cb5c5177c.udd" 2713
"../../../Engine/DerivedDataCache/Buckets/LegacyDIST/bd/13/602f7b941f4c951debe5f129ca3038179cee.udd" 2714
"../../../Engine/DerivedDataCache/Buckets/LegacyCARD/6d/f5/f5557a4efdd584e9d5bcabbccfa2aeb62a52.udd" 2715
"../../../Engine/DerivedDataCache/Buckets/LegacyNavCollision/fc/26/5bce3de5a54fa70650c3a7492d146ef3d229.udd" 2716
"../../../Engine/Content/EditorMeshes/Camera/SM_CraneRig_Base.uasset" 2717
"../../../Engine/Content/EditorMaterials/Camera/MI_CineMat_Rig.uasset" 2718
"../../../Engine/Content/EditorMaterials/Camera/CineMat.uasset" 2719
"../../../Engine/DerivedDataCache/Buckets/StaticMesh/fc/36/0e28c0a9fcd4dc4055f13f57b77810af79c4.udd" 2720
"../../../Engine/DerivedDataCache/Buckets/LegacyDIST/59/32/77499f29fd2eca8a72dad5fc45818d198699.udd" 2721
"../../../Engine/DerivedDataCache/Buckets/LegacyCARD/39/23/0fe5a57d257435ff90f0c29312841a1f1e20.udd" 2722
"../../../Engine/DerivedDataCache/Buckets/LegacyNavCollision/94/03/2def227349006901e4080fc37cd9648b9bfb.udd" 2723
"../../../Engine/Content/EditorMeshes/Camera/SM_CraneRig_Arm.uasset" 2724
"../../../Engine/DerivedDataCache/Buckets/StaticMesh/63/72/b44c685a963a0e333c3a6612cd8e5f155ff3.udd" 2725
"../../../Engine/DerivedDataCache/Buckets/LegacyDIST/44/4e/b80726477d7f0813b8707ca5481660f7e4a4.udd" 2726
"../../../Engine/DerivedDataCache/Buckets/LegacyCARD/26/10/52d9ff27a6b4680ca00dbb31be9242fda80f.udd" 2727
"../../../Engine/DerivedDataCache/Buckets/LegacyNavCollision/a1/b9/2d97b7dd00a69cef9a81ef80f6a81f6acfa5.udd" 2728
"../../../Engine/Content/EditorMeshes/Camera/SM_CraneRig_Mount.uasset" 2729
"../../../Engine/DerivedDataCache/Buckets/StaticMesh/98/11/8fd52adb464fa7e2d916efadc68a3b7cf4c5.udd" 2730
"../../../Engine/DerivedDataCache/Buckets/LegacyDIST/44/11/d23d85e33fe55bb80f25a3372fc29e16bbb3.udd" 2731
"../../../Engine/DerivedDataCache/Buckets/LegacyCARD/7b/d1/029d23e5fe5c4293f1a6445234b089443b14.udd" 2732
"../../../Engine/DerivedDataCache/Buckets/LegacyNavCollision/49/86/2e0f9c40d6b08d20ffa70d197ccbb4429384.udd" 2733
"../../../Engine/Content/EditorMeshes/Camera/SM_CraneRig_Body.uasset" 2734
"../../../Engine/DerivedDataCache/Buckets/StaticMesh/1d/3a/1947881189ab78b5f512e7bb133576757f4e.udd" 2735
"../../../Engine/DerivedDataCache/Buckets/LegacyDIST/b3/2b/039c411bd6485303cf15b8ac29743458e3bf.udd" 2736
"../../../Engine/DerivedDataCache/Buckets/LegacyCARD/8d/c8/fbb09cdc6d303f7ac4acdf6cedf406274990.udd" 2737
"../../../Engine/DerivedDataCache/Buckets/LegacyNavCollision/25/50/e5c6aed3c3ccca568fc2adaa25b119b268e8.udd" 2738
"../../../Engine/Content/EditorMeshes/Camera/SM_RailRig_Track.uasset" 2739
"../../../Engine/DerivedDataCache/Buckets/StaticMesh/a4/ec/be9961f73479ffc07c70aee080a3e932d8c4.udd" 2740
"../../../Engine/DerivedDataCache/Buckets/LegacyDIST/9a/cb/011aef93c083a8f5167418bef7bb0ef858f9.udd" 2741
"../../../Engine/DerivedDataCache/Buckets/LegacyCARD/35/87/448bf469efd48a674b4e1e9a55786a7508cb.udd" 2742
"../../../Engine/DerivedDataCache/Buckets/LegacyNavCollision/4e/86/10a7040483ea926facaaf45bbd4cbbd250c1.udd" 2743
"../../../Engine/Content/EditorMeshes/Camera/SM_RailRig_Mount.uasset" 2744
"../../../Engine/DerivedDataCache/Buckets/StaticMesh/0a/22/aa194303f93ff4c618dd39fb4d9d0c1fc01a.udd" 2745
"../../../Engine/DerivedDataCache/Buckets/LegacyDIST/62/e5/119194ee49211424ade9c4898d0fd8b79d54.udd" 2746
"../../../Engine/DerivedDataCache/Buckets/LegacyCARD/21/fc/40ae62de50e06f83fa78811f9afb08525b4b.udd" 2747
"../../../Engine/DerivedDataCache/Buckets/LegacyNavCollision/c5/15/23df974b1221c1aeb2efb34ec32648744761.udd" 2748
"../../../Engine/Content/ArtTools/RenderToTexture/Meshes/S_1_Unit_Plane.uasset" 2749
"../../../Engine/DerivedDataCache/Buckets/StaticMesh/1c/35/65c00b790a0980b8cb5ee3d7486270eee427.udd" 2750
"../../../Engine/DerivedDataCache/Buckets/LegacyDIST/97/b1/1340efbf4142498304f3d1fb0eb01ae89d39.udd" 2751
"../../../Engine/DerivedDataCache/Buckets/LegacyCARD/f0/1f/a1161da2485b195569be92d36b43a247fbd7.udd" 2752
"../../../Engine/DerivedDataCache/Buckets/LegacyNavCollision/cc/00/16de74ba12fdd6493be377c3b65b94aca157.udd" 2753
"../../../Engine/Content/EngineDebugMaterials/M_SimpleUnlitTranslucent.uasset" 2754
"../../../Engine/Content/EngineFonts/Roboto.uasset" 2755
"../../../Engine/Content/EngineFonts/Faces/DroidSansFallback.uasset" 2756
"../../../Engine/Content/EngineFonts/Faces/RobotoBold.uasset" 2757
"../../../Engine/Content/EngineFonts/Faces/RobotoBoldItalic.uasset" 2758
"../../../Engine/Content/EngineFonts/Faces/RobotoItalic.uasset" 2759
"../../../Engine/Content/EngineFonts/Faces/RobotoLight.uasset" 2760
"../../../Engine/Content/EngineFonts/Faces/RobotoRegular.uasset" 2761
"../../../Engine/Content/EditorMaterials/ParticleSystems/PSysThumbnail_NoImage.uasset" 2762
"../../../Engine/DerivedDataCache/Buckets/BulkDataList/02/95/eb84a905824e15de5990c41ff16458056c93.udd" 2763
"../../../Engine/Content/EditorMaterials/ParticleSystems/PSysThumbnail_OOD.uasset" 2764
"../../../Engine/DerivedDataCache/Buckets/BulkDataList/5f/92/2a731c89f6f5569350f22d162950abe66f0a.udd" 2765
"../../../Engine/Content/EditorLandscapeResources/SplineEditorMesh.uasset" 2766
"../../../Engine/Content/EditorLandscapeResources/SplineEditorMeshMat.uasset" 2767
"../../../Engine/DerivedDataCache/Buckets/StaticMesh/cc/f5/705873fab89dcedb9bb706b0b93c73a8926c.udd" 2768
"../../../Engine/DerivedDataCache/Buckets/LegacyDIST/91/61/3e238b268e8689867e7eedb334664becb56c.udd" 2769
"../../../Engine/DerivedDataCache/Buckets/LegacyCARD/21/ed/5ae3bc68d1f2594fba9ddc462eb9f7d272ec.udd" 2770
"../../../Engine/DerivedDataCache/Buckets/LegacyNavCollision/d0/3b/f60d3db406d4408cb4603c1f86b3df9be012.udd" 2771
"../../../Engine/Content/EditorLandscapeResources/DataLayer.uasset" 2772
"../../../Engine/Content/EditorResources/S_Solver.uasset" 2773
"../../../Engine/DerivedDataCache/Buckets/BulkDataList/81/19/6d061ff967114ab8be6267274697b8edc0a1.udd" 2774
"../../../Engine/Content/EngineDebugMaterials/VolumeToRender.uasset" 2775
"../../../Engine/DerivedDataCache/Buckets/BulkDataList/18/52/6408aee6ba1b11b59dfe521bc363329561dc.udd" 2776
"../../../Engine/Content/EngineDebugMaterials/M_VolumeRenderSphereTracePP.uasset" 2777
"../../../Engine/Content/Functions/Engine_MaterialFunctions02/Utility/CameraDirectionVector.uasset" 2778
"../../../Engine/Content/Internationalization/icudt64l/coll/ucadata.icu" 2779
"../../../Engine/Content/Internationalization/icudt64l/coll/en.res" 2780
"../../../Engine/Content/Internationalization/icudt64l/coll/root.res" 2781
"../../../Engine/Content/Animation/DefaultAnimBoneCompressionSettings.uasset" 2782
"../../../Engine/Content/Animation/DefaultRecorderBoneCompression.uasset" 2783
"../../../Engine/Content/Animation/DefaultAnimCurveCompressionSettings.uasset" 2784
"../../Plugins/Animation/ControlRig/Content/Controls/ControlRigXRayMaterial.uasset" 2785
"../../Plugins/Animation/ControlRig/Content/Controls/DefaultGizmoLibraryNormalized.uasset" 2786
"../../Plugins/Animation/ControlRig/Content/M_Manip.uasset" 2787
"../../../Engine/Content/Functions/Engine_MaterialFunctions02/WorldPositionOffset/CameraOffset.uasset" 2788
"../../Plugins/2D/Paper2D/Content/MaskedUnlitSpriteMaterial.uasset" 2789
"../../Plugins/2D/Paper2D/Content/DefaultSpriteMaterial.uasset" 2790
"../../Plugins/2D/Paper2D/Content/PlaceholderTextures/DummySpriteTexture.uasset" 2791
"../../../Engine/DerivedDataCache/Buckets/BulkDataList/d1/a6/b612e208f1ef78fab7dc8d4ea3afd6e06e07.udd" 2792
"../../Plugins/2D/Paper2D/Content/OpaqueUnlitSpriteMaterial.uasset" 2793
"../../Plugins/2D/Paper2D/Content/DefaultPaperTerrainMaterial.uasset" 2794
"../../Plugins/2D/Paper2D/Content/DummySprite.uasset" 2795
"../../../../Unreal/LostWaves/Content/ThirdPerson/Blueprints/BP_ThirdPersonCharacter.uasset" 2796
"../../../../Unreal/LostWaves/Content/Characters/Mannequins/Animations/ABP_Quinn.uasset" 2797
"../../../../Unreal/LostWaves/Content/Characters/Mannequins/Animations/ABP_Manny.uasset" 2798
"../../../../Unreal/LostWaves/Content/Characters/Mannequins/Animations/Manny/MM_Fall_Loop.uasset" 2799
"../../../../Unreal/LostWaves/Content/Characters/Mannequins/Meshes/SK_Mannequin.uasset" 2800
"../../../../Unreal/LostWaves/Content/Characters/Mannequins/Animations/Manny/MM_Idle.uasset" 2801
"../../../../Unreal/LostWaves/Content/Characters/Mannequins/Animations/Manny/MM_Jump.uasset" 2802
"../../../../Unreal/LostWaves/Content/Characters/Mannequins/Animations/Manny/MM_Land.uasset" 2803
"../../../../Unreal/LostWaves/Content/Characters/Mannequins/Animations/Manny/BS_MM_WalkRun.uasset" 2804
"../../../../Unreal/LostWaves/Content/Characters/Mannequins/Animations/Manny/MM_Run_Fwd.uasset" 2805
"../../../../Unreal/LostWaves/Content/Characters/Mannequins/Animations/Manny/MM_Walk_Fwd.uasset" 2806
"../../../../Unreal/LostWaves/Content/Characters/Mannequins/Animations/Manny/MM_Walk_InPlace.uasset" 2807
"../../../../Unreal/LostWaves/Content/Characters/Mannequins/Rigs/CR_Mannequin_BasicFootIK.uasset" 2808
"../../Plugins/Animation/ControlRig/Content/Controls/DefaultGizmoLibrary.uasset" 2809
"../../../../Unreal/LostWaves/Content/Characters/Mannequins/Animations/Quinn/MF_Idle.uasset" 2810
"../../../../Unreal/LostWaves/Content/Characters/Mannequins/Animations/Quinn/BS_MF_Unarmed_WalkRun.uasset" 2811
"../../../../Unreal/LostWaves/Content/Characters/Mannequins/Animations/Quinn/MF_Run_Fwd.uasset" 2812
"../../../../Unreal/LostWaves/Content/Characters/Mannequins/Animations/Quinn/MF_Walk_Fwd.uasset" 2813
"../../../../Unreal/LostWaves/Content/ThirdPerson/Input/Actions/IA_Jump.uasset" 2814
"../../../../Unreal/LostWaves/Content/ThirdPerson/Input/Actions/IA_Look.uasset" 2815
"../../../../Unreal/LostWaves/Content/ThirdPerson/Input/Actions/IA_Move.uasset" 2816
"../../../../Unreal/LostWaves/Content/ThirdPerson/Input/IMC_Default.uasset" 2817
"../../../../Unreal/LostWaves/Content/Characters/Mannequins/Meshes/SKM_Quinn_Simple.uasset" 2818
"../../../../Unreal/LostWaves/Content/Characters/Mannequins/Materials/Instances/Quinn/MI_Quinn_01.uasset" 2819
"../../../../Unreal/LostWaves/Content/Characters/Mannequins/Materials/M_Mannequin.uasset" 2820
"../../../../Unreal/LostWaves/Content/Characters/Mannequins/Materials/Functions/MF_Diffraction.uasset" 2821
"../../../../Unreal/LostWaves/Content/Characters/Mannequins/Materials/Functions/ChromaticCurve.uasset" 2822
"../../../../Unreal/LostWaves/Content/Characters/Mannequins/Materials/Functions/CA_Mannequin.uasset" 2823
"../../../../Unreal/LostWaves/Content/Characters/Mannequins/Materials/Functions/MF_logo3layers.uasset" 2824
"../../../Engine/Content/Functions/Engine_MaterialFunctions01/Texturing/ScaleUVsByCenter.uasset" 2825
"../../../../Unreal/LostWaves/Content/Characters/Mannequins/Textures/Shared/T_UE_Logo_M.uasset" 2826
"../../../../Unreal/LostWaves/Content/Characters/Mannequins/Materials/Functions/ML_BaseColorFallOff.uasset" 2827
"../../../../Unreal/LostWaves/Content/Characters/Mannequins/Textures/Manny/T_Manny_01_ASAOPMASK_MSK.uasset" 2828
"../../../../Unreal/LostWaves/Content/Characters/Mannequins/Textures/Manny/T_Manny_01_BN.uasset" 2829
"../../../../Unreal/LostWaves/Content/Characters/Mannequins/Textures/Manny/T_Manny_01_CCRCCPlastic_MSK.uasset" 2830
"../../../../Unreal/LostWaves/Content/Characters/Mannequins/Textures/Manny/T_Manny_01_D.uasset" 2831
"../../../../Unreal/LostWaves/Content/Characters/Mannequins/Textures/Manny/T_Manny_01_MSR_MSK.uasset" 2832
"../../../../Unreal/LostWaves/Content/Characters/Mannequins/Textures/Manny/T_Manny_01_N.uasset" 2833
"../../../../Unreal/LostWaves/Content/Characters/Mannequins/Textures/Manny/T_Manny_01_Tan.uasset" 2834
"../../../../Unreal/LostWaves/Content/Characters/Mannequins/Textures/Quinn/T_Quinn_01_ASAOMASK_MSK.uasset" 2835
"../../../../Unreal/LostWaves/Content/Characters/Mannequins/Textures/Quinn/T_Quinn_01_CCRCCPlastic_MSK.uasset" 2836
"../../../../Unreal/LostWaves/Content/Characters/Mannequins/Textures/Quinn/T_Quinn_01ID_BN.uasset" 2837
"../../../../Unreal/LostWaves/Content/Characters/Mannequins/Textures/Quinn/T_Quinn_01ID_D.uasset" 2838
"../../../../Unreal/LostWaves/Content/Characters/Mannequins/Textures/Quinn/T_Quinn_01ID_MSR_MSK.uasset" 2839
"../../../../Unreal/LostWaves/Content/Characters/Mannequins/Textures/Quinn/T_Quinn_01ID_N.uasset" 2840
"../../../../Unreal/LostWaves/Content/Characters/Mannequins/Textures/Quinn/T_Quinn_01ID_Tan.uasset" 2841
"../../../../Unreal/LostWaves/Content/Characters/Mannequins/Materials/Instances/Quinn/MI_Quinn_02.uasset" 2842
"../../../../Unreal/LostWaves/Content/Characters/Mannequins/Textures/Quinn/T_Quinn_02_ASAOMASK_MSK.uasset" 2843
"../../../../Unreal/LostWaves/Content/Characters/Mannequins/Textures/Quinn/T_Quinn_02_CCRCCPlastic_MSK.uasset" 2844
"../../../../Unreal/LostWaves/Content/Characters/Mannequins/Textures/Quinn/T_Quinn_02ID_BN.uasset" 2845
"../../../../Unreal/LostWaves/Content/Characters/Mannequins/Textures/Quinn/T_Quinn_02ID_D.uasset" 2846
"../../../../Unreal/LostWaves/Content/Characters/Mannequins/Textures/Quinn/T_Quinn_02ID_MSR_MSK.uasset" 2847
"../../../../Unreal/LostWaves/Content/Characters/Mannequins/Textures/Quinn/T_Quinn_02ID_N.uasset" 2848
"../../../../Unreal/LostWaves/Content/Characters/Mannequins/Textures/Quinn/T_Quinn_02ID_Tan.uasset" 2849
"../../../../Unreal/LostWaves/Content/Characters/Mannequins/Rigs/PA_Mannequin.uasset" 2850
"../../../Engine/DerivedDataCache/Buckets/BulkDataList/62/b0/16b52e7648068b4c83b110b92315d8e44726.udd" 2851
"../../../Engine/DerivedDataCache/Buckets/BulkDataList/e1/a7/b7576015d205b956f3d081985f193632f2a8.udd" 2852
"../../../Engine/DerivedDataCache/Buckets/BulkDataList/29/f9/cd1f32969dd3dc193821002de67b745180bf.udd" 2853
"../../../Engine/DerivedDataCache/Buckets/BulkDataList/45/56/0cf732e29c4da607c854929323954a7c205f.udd" 2854
"../../../Engine/DerivedDataCache/Buckets/BulkDataList/61/eb/db9cf4ae359a1f301d70ad63ae1502718ff3.udd" 2855
"../../../Engine/DerivedDataCache/Buckets/BulkDataList/b8/27/7eae711ad052b0c4dc366cfd5d8cd763e09c.udd" 2856
"../../../Engine/DerivedDataCache/Buckets/BulkDataList/0d/5e/ee787f3a623d79170a67c634fb54e5d5d4ea.udd" 2857
"../../../Engine/DerivedDataCache/Buckets/BulkDataList/89/5b/5e1272dbdc0ee54252995eb47116db7bda65.udd" 2858
"../../../Engine/DerivedDataCache/Buckets/BulkDataList/98/69/dbcda78c29436b4c52a2ee250336d3d92294.udd" 2859
"../../../Engine/DerivedDataCache/Buckets/BulkDataList/3b/25/3a815f61d217efb578baae188af1ea089e3b.udd" 2860
"../../../Engine/DerivedDataCache/Buckets/BulkDataList/ff/92/c61756ba1ec2f6d82d0ecbe344c41a30c2b3.udd" 2861
"../../../Engine/DerivedDataCache/Buckets/BulkDataList/63/3f/02296ab8930091dde273036f2a0626b1c23c.udd" 2862
"../../../Engine/DerivedDataCache/Buckets/BulkDataList/dd/34/5f5672e2c291d310d424f8bb4efb472770e2.udd" 2863
"../../../Engine/DerivedDataCache/Buckets/BulkDataList/ba/d0/3d297e6d2c97ced994b14ec6f6a26e711e1b.udd" 2864
"../../../Engine/DerivedDataCache/Buckets/BulkDataList/5c/95/f2e8c767a8fd375dc8cb0abfeef3e50b8b37.udd" 2865
"../../../Engine/DerivedDataCache/Buckets/BulkDataList/79/df/3094f4018c4a0202ee4054741b64b71e29c3.udd" 2866
"../../../Engine/DerivedDataCache/Buckets/BulkDataList/df/fc/456f20bf63384d65d81138f4faec13690ef9.udd" 2867
"../../../Engine/DerivedDataCache/Buckets/BulkDataList/ad/41/a4bd848c03d5ab00deed4ef1467822965ccf.udd" 2868
"../../../Engine/DerivedDataCache/Buckets/BulkDataList/78/58/5271efc7e08b8e0db35ca43da8938a8456e5.udd" 2869
"../../../Engine/DerivedDataCache/Buckets/BulkDataList/1a/b5/6c53953bb3e7a61d1907a4bdf2c20d3b2390.udd" 2870
"../../../Engine/DerivedDataCache/Buckets/BulkDataList/af/96/1b37f4cb6980b1ec279ec61c49ba4ca7d630.udd" 2871
"../../../Engine/DerivedDataCache/Buckets/BulkDataList/3a/c3/21194fb611bf65a3c9c3ca91d6f5cc454676.udd" 2872
"../../../Engine/DerivedDataCache/Buckets/BulkDataList/d4/41/853fcd71a735d3546ba38ad20deeb39c8322.udd" 2873
"../../../Engine/DerivedDataCache/Buckets/AnimationSequence/00/63/5eac909f1e4e1e870cba355630e3fdd6aacf.udd" 2874
"../../../Engine/DerivedDataCache/Buckets/AnimationSequence/dc/19/d842cc6928e69f429836e52ca5a9aff1bd18.udd" 2875
"../../../Engine/DerivedDataCache/Buckets/AnimationSequence/5f/50/781929b6d8a9dddd3c28691b42b568be708d.udd" 2876
"../../../Engine/DerivedDataCache/Buckets/AnimationSequence/b6/e4/88ecc4eb30730e21f4d5885026bb0c44b48c.udd" 2877
"../../../Engine/DerivedDataCache/Buckets/AnimationSequence/42/a8/ca6a69714b90c5572d4fa3828ca49dd447ba.udd" 2878
"../../../Engine/DerivedDataCache/Buckets/AnimationSequence/c4/d2/a66c57252f54e5dd3d20ca2ed9f6a94c201e.udd" 2879
"../../../Engine/DerivedDataCache/Buckets/AnimationSequence/a1/0c/1c0ce015f366a605c6060b80a6a82e8071d9.udd" 2880
"../../../Engine/DerivedDataCache/Buckets/AnimationSequence/e1/81/b9ea6d424fbb72d13f5f8644ecfed153080f.udd" 2881
"../../../Engine/DerivedDataCache/Buckets/AnimationSequence/35/99/18c41cd6e667476b5d900819251904358ed6.udd" 2882
"../../../Engine/DerivedDataCache/Buckets/AnimationSequence/0a/8d/8ae6595206416c1c4bb9cabef5c2d3144407.udd" 2883
"../../../Engine/DerivedDataCache/Buckets/LegacySKELETALMESH/0e/5e/09382e3e545bc2b37ae559dfce64a717476a.udd" 2884
"../../../Engine/DerivedDataCache/Content/6e/1d/f1a6d665eae3e435590a2e32513732b4d993.udd" 2885
"../../Plugins/Media/MediaPlate/Content/SM_MediaPlateScreen.uasset" 2886
"../../../Engine/DerivedDataCache/Buckets/StaticMesh/70/a5/17c5733ee97d8bd611c58a68e75c9cddef86.udd" 2887
"../../../Engine/DerivedDataCache/Buckets/LegacyDIST/89/bc/e2fa50f489d658d366a93d615f4e4d71f5d3.udd" 2888
"../../../Engine/DerivedDataCache/Buckets/LegacyCARD/82/ce/56dde88e5fe369f395adc6eece88109aa27e.udd" 2889
"../../../Engine/DerivedDataCache/Buckets/LegacyNavCollision/7f/e9/4024e936cf56812676e95d8b273263c30f81.udd" 2890
"D:/UnrealEngine-5.2.1-release/Default.uprojectdirs" 2891
"../../Plugins/Editor/SpeedTreeImporter/Content/SpeedTree9/SpeedTreeMaster.uasset" 2892
"../../../Engine/Content/Functions/Engine_MaterialFunctions02/ObjectLocalBounds.uasset" 2893
"../../../Engine/Content/Functions/Engine_MaterialFunctions02/SafeNormalize.uasset" 2894
"../../../Engine/Content/Functions/Engine_MaterialFunctions02/Utility/BreakOutFloat3Components.uasset" 2895
"../../../Engine/Content/Functions/Engine_MaterialFunctions02/Utility/VectorLength.uasset" 2896
"../../../Engine/Content/Functions/Engine_MaterialFunctions02/UVs/BoundingBoxBased_0-1_UVW.uasset" 2897
"../../../Engine/Content/Functions/Engine_MaterialFunctions02/WorldPositionOffset/ObjectScale.uasset" 2898
"../../Plugins/Editor/SpeedTreeImporter/Content/SpeedTree9/SpeedTreeBranchMotion.uasset" 2899
"../../Plugins/Editor/SpeedTreeImporter/Content/SpeedTree9/SpeedTreeWindMotion.uasset" 2900
"../../Plugins/Editor/SpeedTreeImporter/Content/SpeedTree9/game_wind_noise.uasset" 2901
"../../Plugins/Editor/SpeedTreeImporter/Content/SpeedTree9/UnpackDirection.uasset" 2902
"../../Plugins/Editor/SpeedTreeImporter/Content/SpeedTree9/UnpackInteger3.uasset" 2903
"../../Plugins/Editor/SpeedTreeImporter/Content/SpeedTree9/SpeedTreeCameraFacing.uasset" 2904
"../../Plugins/Editor/SpeedTreeImporter/Content/SpeedTree9/SpeedTreeWind.uasset" 2905
"../../Plugins/Editor/SpeedTreeImporter/Content/SpeedTree9/Empty.uasset" 2906
"../../Plugins/Editor/SpeedTreeImporter/Content/SpeedTree9/EmptyNormal.uasset" 2907
"../../../Engine/DerivedDataCache/Buckets/BulkDataList/c9/4c/6f16de726c1000d8b829cb2f5006b4ba69ae.udd" 2908
"../../../Engine/DerivedDataCache/Buckets/BulkDataList/b5/8d/10eaef989d4adecd9d96f31653be38d660d9.udd" 2909
"../../../Engine/DerivedDataCache/Buckets/BulkDataList/42/34/0b5453317504477cabbf54939d22dcfbf5b5.udd" 2910
"../../../Engine/DerivedDataCache/Buckets/BulkDataPayloadId/93/1e/fa687e128aa134c7085da39d1269fafb1746.udd" 2911
"../../../Engine/DerivedDataCache/Buckets/BulkDataPayloadId/ac/cc/a6aa9daa7cbf76c8953f7e3d2c201a8a54cb.udd" 2912
"../../Plugins/Editor/SpeedTreeImporter/Content/SpeedTree9/SpeedTreeBillboardMaster.uasset" 2913
"../../Plugins/Editor/SpeedTreeImporter/Content/SpeedTree9/SpeedTreeBillboard.uasset" 2914
"D:/UnrealEngine-5.2.1-release/Engine//Binaries/Win64/BaseTextureBuildWorker.Target" 2915
"../../../Engine/Binaries/Win64/BaseTextureBuildWorker.exe" 2916
"../../../Engine/Content/EngineMaterials/NaniteHiddenSectionMaterial.uasset" 2917
"../../../Engine/Content/EngineMaterials/RemoveSurfaceMaterial.uasset" 2918
"../../../Engine/Content/EngineDebugMaterials/DebugMeshMaterial.uasset" 2919
"../../../Engine/Content/EngineMaterials/EmissiveMeshMaterial.uasset" 2920
"../../../Engine/Content/EngineMaterials/DefaultWhiteGrid_Low.uasset" 2921
"../../../Engine/DerivedDataCache/Buckets/BulkDataList/7e/18/76f10289be71fa7b33a5281b9b81d708ab1b.udd" 2922
"../../../Engine/Content/EngineMaterials/M_InvalidLightmapSettings.uasset" 2923
"../../../Engine/Content/EngineMaterials/InvalidLightmapSettings.uasset" 2924
"../../../Engine/DerivedDataCache/Buckets/BulkDataList/ac/a3/f1c78c9e501a4e8e8f9b66655ed147c36dc0.udd" 2925
"../../../Engine/Content/EngineMaterials/GizmoMaterial.uasset" 2926
"../../../Engine/Content/EngineMaterials/PhAT_JointLimitMaterial.uasset" 2927
"../../../Engine/Content/EngineMaterials/FlattenMaterial.uasset" 2928
"../../../Engine/Content/EngineMaterials/BaseFlattenDiffuseMap.uasset" 2929
"../../../Engine/Content/EngineMaterials/BaseFlattenEmissiveMap.uasset" 2930
"../../../Engine/Binaries/ThirdParty/ARM/Win64/astcenc-sse2.exe" 2931
"../../../Engine/Content/EngineMaterials/BaseFlattenGrayscaleMap.uasset" 2932
"../../../Engine/Content/EngineMaterials/BaseFlattenLinearColor.uasset" 2933
"../../../Engine/Content/EngineMaterials/BaseFlattenNormalMap.uasset" 2934
"../../../Engine/Binaries/ThirdParty/ARM/Win64/astcenc-sse4.1.exe" 2935
"../../../Engine/Content/Functions/Engine_MaterialFunctions02/PivotPainter2/Black_1x1_EXR_Texture.uasset" 2936
"../../../Engine/DerivedDataCache/Buckets/BulkDataList/cb/d2/fe90903b1e196812a65623804e2fc2152eb8.udd" 2937
"../../../Engine/DerivedDataCache/Buckets/BulkDataList/38/ac/a3210275f4959936e71aa2d7e772db85024f.udd" 2938
"../../../Engine/DerivedDataCache/Buckets/BulkDataList/53/c2/24a99cd03c2978f1823c2e7263a9ebac98e3.udd" 2939
"../../../Engine/DerivedDataCache/Buckets/BulkDataList/9e/15/886189de4892ff67de4ac0dfb70c41718239.udd" 2940
"../../../Engine/DerivedDataCache/Buckets/BulkDataList/29/78/38560a890714e2b83be65d3f62472d78001b.udd" 2941
"../../../Engine/DerivedDataCache/Buckets/BulkDataList/d9/9f/ddf2e9c1140c50badaa4b336d77fab946ba4.udd" 2942
"../../../Engine/Binaries/ThirdParty/Intel/ISPCTexComp/Win64-Release/ispc_texcomp.dll" 2943
"../../../Engine/Content/EngineMaterials/FlattenMaterial_VT.uasset" 2944
"../../../Engine/Content/EngineMaterials/BaseFlattenDiffuseMap_VT.uasset" 2945
"../../../Engine/Binaries/ThirdParty/nvTextureTools/Win64/AVX2/nvtt_64.dll" 2946
"../../../Engine/Content/EngineMaterials/BaseFlattenEmissiveMap_VT.uasset" 2947
"../../../Engine/Binaries/ThirdParty/nvTextureTools/Win64/nvtt_64.dll" 2948
"../../../Engine/Binaries/Win64/oo2tex_win64_2.9.5.dll" 2949
"../../../Engine/Content/EngineMaterials/BaseFlattenGrayscaleMap_VT.uasset" 2950
"../../../Engine/Binaries/Win64/oo2tex_win64_2.9.6.dll" 2951
"../../../Engine/Content/EngineMaterials/BaseFlattenLinearColor_VT.uasset" 2952
"../../../Engine/Binaries/Win64/oo2tex_win64_2.9.7.dll" 2953
"../../../Engine/Content/EngineMaterials/BaseFlattenNormalMap_VT.uasset" 2954
"../../../Engine/Binaries/Win64/oo2tex_win64_2.9.8.dll" 2955
"../../../Engine/Content/EngineMaterials/Black_1x1_EXR_Texture_VT.uasset" 2956
"../../../Engine/Binaries/Win64/tbb.dll" 2957
"../../../Engine/Binaries/Win64/tbb.pdb" 2958
"../../../Engine/DerivedDataCache/Buckets/BulkDataList/64/dd/4da5d0706eed7b4174c0e6876cd49a75b1e7.udd" 2959
"../../../Engine/DerivedDataCache/Buckets/BulkDataList/bd/c6/dcf530f8d6a883ed3f349ac49eb0cd7d4b63.udd" 2960
"../../../Engine/DerivedDataCache/Buckets/BulkDataList/5e/e4/d0b1a9fd75b94780b4715e30802b98f3973f.udd" 2961
"../../../Engine/DerivedDataCache/Buckets/BulkDataList/da/61/754681a9911f2fa2b63cc119b0e60666649b.udd" 2962
"../../../Engine/DerivedDataCache/Buckets/BulkDataList/fa/47/69d0943ca3078a1af34f657ec6806af6f123.udd" 2963
"../../../Engine/DerivedDataCache/Buckets/BulkDataList/1d/9f/06d420f75e8a0b15139c9bcf987e94835239.udd" 2964
"../../../Engine/Content/EngineMaterials/FlattenMaterial_WS_Normal_VT.uasset" 2965
"D:/UnrealEngine-5.2.1-release/Engine/Saved/GeneratedWorkerBuildVersions/Binaries/Win64/BaseTextureBuildWorker.Target.BuildVersion" 2966
"../../../Engine/Content/EngineMaterials/Good64x64TilingNoiseHighFreq.uasset" 2967
"../../../Engine/DerivedDataCache/Buckets/BulkDataList/8f/76/b1c5d90bb5034cc012057f0d2b9394f6242b.udd" 2968
"../../../Engine/Content/EngineMaterials/DefaultBokeh.uasset" 2969
"../../../Engine/DerivedDataCache/Buckets/BulkDataList/1b/3b/7d1d611fc709271b996f8cceb7f5f0ba95e4.udd" 2970
"../../../Engine/Content/EngineMaterials/PreintegratedSkinBRDF.uasset" 2971
"../../../Engine/DerivedDataCache/Buckets/BulkDataList/e1/a5/72a6e4c0acb30374e9418110e11a20e385a0.udd" 2972
"../../../Engine/Content/EngineMaterials/MiniFont.uasset" 2973
"../../../Engine/DerivedDataCache/Buckets/BulkDataList/ba/c5/4ed10477c073c086a23a544cdbfab55f48a8.udd" 2974
"../../../Engine/Content/EngineMaterials/WeightMapPlaceholderTexture.uasset" 2975
"../../../Engine/DerivedDataCache/Buckets/BulkDataList/25/ae/401e4cf36b66d29fc02b0eac560c67e7c336.udd" 2976
"../../../Engine/Content/EngineMaterials/DefaultWhiteGrid.uasset" 2977
"../../../Engine/DerivedDataCache/Buckets/BulkDataList/32/51/a62592668c50e494e0565bba197ff4ee14e3.udd" 2978
"../../../Engine/Content/EngineMaterials/DefaultPhysicalMaterial.uasset" 2979
"../../../Engine/Content/EngineMaterials/DefaultDestructiblePhysicalMaterial.uasset" 2980
"../../../Engine/Content/EditorLandscapeResources/DefaultAlphaTexture.uasset" 2981
"../../../Engine/DerivedDataCache/Buckets/BulkDataList/3e/f1/6ed836b4681a4be5134aefe140d236b47d32.udd" 2982
"../../../Engine/Content/EditorResources/S_Terrain.uasset" 2983
"../../../Engine/DerivedDataCache/Buckets/BulkDataList/b2/3a/db5d9285c2b8eeb84fa87c8f4adba5eaafd6.udd" 2984
"../../../Engine/Content/BasicShapes/Cube.uasset" 2985
"../../../Engine/DerivedDataCache/Buckets/StaticMesh/dc/5d/7ed9b43d236e19e7944af07b6a5851543c63.udd" 2986
"../../../Engine/Content/BasicShapes/Sphere.uasset" 2987
"../../../Engine/DerivedDataCache/Buckets/LegacyDIST/13/c5/6ef912352772fb43d6a9dc0f4ca4dce43c38.udd" 2988
"../../../Engine/DerivedDataCache/Buckets/LegacyCARD/3e/1b/179a070c0e566eb09dd4937b2b48034d997d.udd" 2989
"../../../Engine/Content/EngineMaterials/DefaultMaterial.uasset" 2990
"../../../Engine/DerivedDataCache/Buckets/LegacyNavCollision/f6/d5/ce62a9a3fda99c8afac779fccc0fb7f91ba2.udd" 2991
"../../../Engine/DerivedDataCache/Buckets/StaticMesh/cb/71/6def63b533eb33b5876223ccd381627fbafe.udd" 2992
"../../../Engine/Content/BasicShapes/Cylinder.uasset" 2993
"../../../Engine/DerivedDataCache/Buckets/LegacyDIST/08/e1/f8e72e4a6e4620740f52a814f45621e21c76.udd" 2994
"../../../Engine/DerivedDataCache/Buckets/StaticMesh/4e/6a/0fb7a8c1494297e3fce3572f091b8a937083.udd" 2995
"../../../Engine/DerivedDataCache/Buckets/LegacyCARD/1a/f3/a5137289c3dda9ca3dd3cea61ac4a2a66e28.udd" 2996
"../../../Engine/Content/BasicShapes/Cone.uasset" 2997
"../../../Engine/DerivedDataCache/Buckets/LegacyDIST/1b/a3/1bf1017c116e7ec08d320aaaffd4ed3c5bc9.udd" 2998
"../../../Engine/DerivedDataCache/Buckets/LegacyCARD/f8/5c/ff55cb7cc41b4538cc090ad7fae910c32f69.udd" 2999
"../../../Engine/DerivedDataCache/Buckets/LegacyNavCollision/20/52/f02e585443feec64d2fe5e119ab56df54df2.udd" 3000
"../../../Engine/DerivedDataCache/Buckets/StaticMesh/cd/d8/11b254daa077acbfcb588e9eb0ceb83a5557.udd" 3001
"../../../Engine/Content/BasicShapes/Plane.uasset" 3002
"../../../Engine/DerivedDataCache/Buckets/LegacyDIST/64/e4/10b37a33e92afa0282a62477993f0409ac2f.udd" 3003
"../../../Engine/DerivedDataCache/Buckets/LegacyCARD/e9/7b/6e4f6c3d2fde6d48bb5f7c470707b945bd30.udd" 3004
"../../../Engine/DerivedDataCache/Buckets/LegacyNavCollision/e6/62/bffa7ab0f2a00a0745cfbdd7f2eb788d2c3b.udd" 3005
"../../../Engine/DerivedDataCache/Buckets/StaticMesh/a1/cf/c674184a9a373ad77f5bd6bf46c6c46e598a.udd" 3006
"../../../Engine/DerivedDataCache/Buckets/LegacyDIST/28/e5/3d441f121b77a8d9afc150cac810bf56b63e.udd" 3007
"../../../Engine/DerivedDataCache/Buckets/LegacyCARD/78/2b/ffeae875c2128c403a6695c12321012ab758.udd" 3008
"../../../Engine/DerivedDataCache/Buckets/LegacyNavCollision/9e/fa/4ba4215cf04b1b059014af10a280e775574a.udd" 3009
"../../../Engine/DerivedDataCache/Buckets/LegacyNavCollision/f2/55/03ef07cde0e374bca541ccffeea1f37f7b37.udd" 3010
"../../Plugins/Runtime/MeshModelingToolset/Content/Materials/M_DynamicMeshComponentVtxColor.uasset" 3011
"../../Plugins/FX/Niagara/Content/ParameterDefinitions/SpriteRenderer.uasset" 3012
"../../Plugins/FX/Niagara/Content/ParameterDefinitions/RibbonRenderer.uasset" 3013
"../../Plugins/FX/Niagara/Content/ParameterDefinitions/MeshRenderer.uasset" 3014
"../../Plugins/FX/Niagara/Content/ParameterDefinitions/LightRenderer.uasset" 3015
"../../Plugins/FX/Niagara/Content/ParameterDefinitions/DecalRenderer.uasset" 3016
"../../Plugins/FX/Niagara/Content/ParameterDefinitions/CoreParameters.uasset" 3017
"../../../Engine/Content/EditorResources/SequenceRecorder/Countdown.uasset" 3018
"../../../Engine/DerivedDataCache/Buckets/BulkDataList/fe/f0/83e8822e9c758124177e39e5d625131edd83.udd" 3019
"../../../Engine/Content/EditorResources/SequenceRecorder/RecordingIndicator.uasset" 3020
"../../../Engine/DerivedDataCache/Buckets/BulkDataList/08/96/02d1e35e164b43e4ca1670f534313c1f2acf.udd" 3021
"../../../Engine/Content/EditorMaterials/PhAT_UnselectedMaterial.uasset" 3022
"../../../Engine/Content/EditorMaterials/PhAT_NoCollisionMaterial.uasset" 3023
"D:/Unreal/LostWaves/Intermediate/ShaderAutogen/PCD3D_SM6/AutogenShaderHeaders.ush" 3024
"../../../Engine/DerivedDataCache/Buckets/GlobalShaderMap/f1/86/f4d72b3643974fc07daba0d871a836163f26.udd" 3025
"../../../Engine/DerivedDataCache/Buckets/GlobalShaderMap/a4/4c/de277fefcca72fe2f29773e0641983b897e4.udd" 3026
"../../../Engine/DerivedDataCache/Buckets/GlobalShaderMap/b2/33/3e6be1c01add79487cddfd25736af7e26432.udd" 3027
"../../../Engine/DerivedDataCache/Buckets/GlobalShaderMap/39/2c/5cf888aaad1f5089fcd72847b3c01f349991.udd" 3028
"../../../Engine/DerivedDataCache/Buckets/GlobalShaderMap/c6/87/9458f51e564b06980756e026ffc434657bfa.udd" 3029
"../../../Engine/DerivedDataCache/Buckets/GlobalShaderMap/d4/c0/3ebd728fa94af83dd02fbd86c139ad756093.udd" 3030
"../../../Engine/DerivedDataCache/Buckets/GlobalShaderMap/59/80/3059822e04dcf4d8bea8e081857ea724686a.udd" 3031
"../../../Engine/DerivedDataCache/Buckets/GlobalShaderMap/fc/56/d2729e6d295719d99d43a4174c403c4a8127.udd" 3032
"../../../Engine/DerivedDataCache/Buckets/GlobalShaderMap/0d/9a/e2dfadb2327a0890b4642f3d2953c880dbe1.udd" 3033
"../../../Engine/DerivedDataCache/Buckets/GlobalShaderMap/55/ee/074946e937f2fa5c1bf52f8564821935a8e7.udd" 3034
"../../../Engine/DerivedDataCache/Buckets/GlobalShaderMap/14/25/c5301a8ab7294ffcb48c9917e082e19216f0.udd" 3035
"../../../Engine/DerivedDataCache/Buckets/GlobalShaderMap/bc/b0/e57903826eb59a1f0aef52966a53a0781a8e.udd" 3036
"../../../Engine/DerivedDataCache/Buckets/GlobalShaderMap/37/b9/2d828922f51c4dd285c69917ba8e0a7440a1.udd" 3037
"../../../Engine/DerivedDataCache/Buckets/GlobalShaderMap/e4/10/671dd5c7a3fe5328e7ef42ac4ed75d2e201d.udd" 3038
"../../../Engine/DerivedDataCache/Buckets/GlobalShaderMap/31/ba/e57faedd7b88843d4f6871a2f683287f7350.udd" 3039
"../../../Engine/DerivedDataCache/Buckets/GlobalShaderMap/c6/6f/fbc564bbd890b66c257db35ab070897f3c9b.udd" 3040
"../../../Engine/DerivedDataCache/Buckets/GlobalShaderMap/df/dc/7eb57266efaf4aad87e9547ff29a1f9b5715.udd" 3041
"../../../Engine/DerivedDataCache/Buckets/GlobalShaderMap/e6/38/e12b16dfab513a59d4f3f6d55b14c21ff25f.udd" 3042
"../../../Engine/DerivedDataCache/Buckets/GlobalShaderMap/da/42/28b637a5761b0f047b6a76fa1c980b013c4d.udd" 3043
"../../../Engine/DerivedDataCache/Buckets/GlobalShaderMap/62/2a/f8d7bd76b9c86273ec68c4cee95fa8ccf222.udd" 3044
"../../../Engine/DerivedDataCache/Buckets/GlobalShaderMap/70/f1/8753c1e911cc36a55a1f6b627c8d815557e6.udd" 3045
"../../../Engine/DerivedDataCache/Buckets/GlobalShaderMap/af/09/c5cf3f89d06989c0f74333457c72d400bb7a.udd" 3046
"../../../Engine/DerivedDataCache/Content/fc/2f/e06cbc5257f0bfa1c5ff9d87948e8ebaaeca.udd" 3047
"../../../Engine/DerivedDataCache/Buckets/GlobalShaderMap/96/81/3419ba31cb6c226a2160bb8823eb46db5720.udd" 3048
"../../../Engine/DerivedDataCache/Buckets/GlobalShaderMap/e1/2c/331ffb2260d49e5bd1cde428eb84c77c5665.udd" 3049
"../../../Engine/DerivedDataCache/Buckets/GlobalShaderMap/e0/a0/1446c8e3398109ecc65cba29cf2a9ee3ad6c.udd" 3050
"../../../Engine/DerivedDataCache/Buckets/GlobalShaderMap/70/90/8a61df9503f302c2406c91d5d1c9c6956d7b.udd" 3051
"../../../Engine/DerivedDataCache/Buckets/GlobalShaderMap/62/dc/0b4f7fc287c91605650583f83e62ff4a2a0d.udd" 3052
"../../../Engine/DerivedDataCache/Buckets/GlobalShaderMap/b3/01/d7903c3bda2873dc6c58ae3d06fabfd92a74.udd" 3053
"../../../Engine/DerivedDataCache/Content/ec/e5/eba31f036c380d6bd372119cb26fbb05790d.udd" 3054
"../../../Engine/DerivedDataCache/Buckets/GlobalShaderMap/89/37/91872c40f4b75bdeac2519634dd1d51dfab1.udd" 3055
"../../../Engine/DerivedDataCache/Buckets/GlobalShaderMap/ad/4c/1a5422885870e340754f8bceca8e09e396a2.udd" 3056
"../../../Engine/DerivedDataCache/Buckets/GlobalShaderMap/83/eb/6c3f04f4c4a248b231154c19f607d91265c1.udd" 3057
"../../../Engine/DerivedDataCache/Buckets/GlobalShaderMap/71/8c/39d7dcb16aa009501b4f84efd9602dc6fe80.udd" 3058
"../../../Engine/DerivedDataCache/Buckets/GlobalShaderMap/3a/e9/a1fd383f1f3dcca4127c5fb670823c17b2e1.udd" 3059
"../../../Engine/DerivedDataCache/Buckets/GlobalShaderMap/d3/63/78152bbcba6b87988e1780ee23f86fabde0d.udd" 3060
"../../../Engine/DerivedDataCache/Buckets/GlobalShaderMap/c5/87/8a551b7ea1c7c468596f001368aa1ce61e62.udd" 3061
"../../../Engine/DerivedDataCache/Buckets/GlobalShaderMap/c5/42/0956ce413846ca9deebb3a16bce3da160cd1.udd" 3062
"../../../Engine/DerivedDataCache/Buckets/GlobalShaderMap/08/5d/5870937cf2ee256a49b3be916e3c6453e5fb.udd" 3063
"../../../Engine/DerivedDataCache/Buckets/GlobalShaderMap/e9/90/822234ff9ca2fa8b7649509101711af814c2.udd" 3064
"../../../Engine/DerivedDataCache/Buckets/GlobalShaderMap/81/cb/2812ff474b143eb37f88cf03f77a27276faa.udd" 3065
"../../../Engine/DerivedDataCache/Buckets/GlobalShaderMap/9a/7e/22eaa12756606884259dd483b29e92b56a04.udd" 3066
"../../../Engine/DerivedDataCache/Buckets/GlobalShaderMap/88/48/3f83711d2556d2d814913edf28f09eabe850.udd" 3067
"../../../Engine/DerivedDataCache/Content/97/ba/03b9ce9a0fe162dcf0746a2ebf00b2c4f799.udd" 3068
"../../../Engine/DerivedDataCache/Buckets/GlobalShaderMap/d9/15/7ccbfe474b5692309aea8da52d13f4e3415f.udd" 3069
"../../../Engine/DerivedDataCache/Buckets/GlobalShaderMap/3b/d7/ab1e5c69f1aead2f6268bfaef8d7acaab13b.udd" 3070
"../../../Engine/DerivedDataCache/Buckets/GlobalShaderMap/b9/eb/86e483275fd0d04d0eb7a227c5d8bdeb2127.udd" 3071
"../../../Engine/DerivedDataCache/Buckets/GlobalShaderMap/14/01/613d93f72332d6799a88e31520a737e3761f.udd" 3072
"../../../Engine/DerivedDataCache/Buckets/GlobalShaderMap/6e/f2/e5832d2f876d1c0c45bea03974d7e4e6a480.udd" 3073
"../../../Engine/DerivedDataCache/Content/69/05/000bdbfe9ab61e76a0aaf0c2f2dc7af65c4e.udd" 3074
"../../../Engine/DerivedDataCache/Buckets/GlobalShaderMap/17/31/f562dd234ffdc38e06bae6b18e6580fcce48.udd" 3075
"../../../Engine/DerivedDataCache/Buckets/GlobalShaderMap/70/7b/5fabc2a75cc38d62c6318316dcd9514c8291.udd" 3076
"../../../Engine/DerivedDataCache/Buckets/GlobalShaderMap/10/e1/95015111937423f4b6fd1b118875935889d5.udd" 3077
"../../../Engine/DerivedDataCache/Buckets/GlobalShaderMap/d1/87/e8cbf6769160bcb3efe70aecfd9bcbe6c467.udd" 3078
"../../../Engine/DerivedDataCache/Buckets/GlobalShaderMap/78/0d/60b00e1f1775a1086e442a02300de26d924a.udd" 3079
"../../../Engine/DerivedDataCache/Buckets/GlobalShaderMap/77/1a/0f909f674b39931ead37a0df840ea4920b13.udd" 3080
"../../../Engine/DerivedDataCache/Buckets/GlobalShaderMap/b1/1c/aa01f314eab7ea3fb6119752d49eed131489.udd" 3081
"../../../Engine/DerivedDataCache/Buckets/GlobalShaderMap/ad/14/6a73457da51c481d800b996322f90932cf46.udd" 3082
"../../../Engine/DerivedDataCache/Buckets/GlobalShaderMap/e2/9d/9f8d67f07d789d0faf85267b8708b2a76889.udd" 3083
"../../../Engine/DerivedDataCache/Buckets/GlobalShaderMap/96/85/da9f1fdd5ce423a152f7e2313db5c54cb6b6.udd" 3084
"../../../Engine/DerivedDataCache/Buckets/GlobalShaderMap/59/2a/9bbd6fab97af85e1362e641e1472ef195557.udd" 3085
"../../../Engine/DerivedDataCache/Buckets/GlobalShaderMap/e1/16/f3d172e1b460ed562dff18cb0752be1cb9fb.udd" 3086
"../../../Engine/DerivedDataCache/Buckets/GlobalShaderMap/08/a0/f8d8c41ad600d3ec34760dceb69746bf43f1.udd" 3087
"../../../Engine/DerivedDataCache/Buckets/GlobalShaderMap/17/1a/c07e9794e2dda770e5d4cb594b9d69b65b9e.udd" 3088
"../../../Engine/DerivedDataCache/Buckets/GlobalShaderMap/50/07/7ff52d766470912716ac13c9621aa165ed09.udd" 3089
"../../../Engine/DerivedDataCache/Buckets/GlobalShaderMap/e0/fd/c60e141819dc62e4544bb8efdda81a31b80f.udd" 3090
"../../../Engine/DerivedDataCache/Buckets/GlobalShaderMap/43/64/75a32914708d80b41082147f47491c9023c7.udd" 3091
"../../../Engine/DerivedDataCache/Buckets/GlobalShaderMap/b1/fe/912c1ce0fae6732f7093e734297171aea144.udd" 3092
"../../../Engine/DerivedDataCache/Buckets/GlobalShaderMap/35/4b/dfd2e3d76bf4b9293a9cedcb89835a725439.udd" 3093
"../../../Engine/DerivedDataCache/Content/2d/71/c3b8541ae56d256aa85183102f227d10e1e1.udd" 3094
"../../../Engine/DerivedDataCache/Buckets/GlobalShaderMap/1f/d6/39c13fae74c9f3bd7adc67bed3e8dd583905.udd" 3095
"../../../Engine/DerivedDataCache/Content/f4/f8/36662acceaecc69e24aec06b1755300652d2.udd" 3096
"../../../Engine/DerivedDataCache/Buckets/GlobalShaderMap/1d/92/c0995c68d3839c8720e18468bc250bdb344a.udd" 3097
"../../../Engine/DerivedDataCache/Buckets/GlobalShaderMap/5c/99/44905c8fa6c1f07fcb2598aa9330b453d824.udd" 3098
"../../../Engine/DerivedDataCache/Buckets/GlobalShaderMap/63/3f/648592941c46be85aa669940a70c9bd6e6f6.udd" 3099
"../../../Engine/DerivedDataCache/Buckets/GlobalShaderMap/33/23/300be185ecf021f8c52736b94d0c856cfdfc.udd" 3100
"../../../Engine/DerivedDataCache/Buckets/GlobalShaderMap/38/a6/07975d5380b11c4dbd830777c1ec7cd48e6b.udd" 3101
"../../../Engine/DerivedDataCache/Buckets/GlobalShaderMap/29/6f/509642eb8603c4b6d213c5ee2291940ec129.udd" 3102
"../../../Engine/DerivedDataCache/Buckets/GlobalShaderMap/9b/89/742cdfeb8b57f11fed6369f5ace4d9c146c2.udd" 3103
"../../../Engine/DerivedDataCache/Buckets/GlobalShaderMap/8d/51/2483863191283a402213c1634069a8ba6808.udd" 3104
"../../../Engine/DerivedDataCache/Buckets/GlobalShaderMap/a5/14/fa31bf387399dc75ca9cc94b8f7aca95c82a.udd" 3105
"../../../Engine/DerivedDataCache/Buckets/GlobalShaderMap/26/d5/3edc050c1ebacd5c1b9dd81e715d60b8cadd.udd" 3106
"../../../Engine/DerivedDataCache/Buckets/GlobalShaderMap/f8/55/e5fc463c9a040ff3fb0c5607505a4b30baac.udd" 3107
"../../../Engine/DerivedDataCache/Buckets/GlobalShaderMap/df/e3/6d1c5ae7aff25f7f8613b126dc9b8c51d9b2.udd" 3108
"../../../Engine/DerivedDataCache/Buckets/GlobalShaderMap/9e/ee/423c655e9aa068511d301f525fd59cdafec2.udd" 3109
"../../../Engine/DerivedDataCache/Buckets/GlobalShaderMap/f4/16/c76eb0ecae2920720835f2faae7de3ca7382.udd" 3110
"../../../Engine/DerivedDataCache/Buckets/GlobalShaderMap/5d/6a/03a2a3451627d1bda18e5f310af818d8eef2.udd" 3111
"../../../Engine/DerivedDataCache/Buckets/GlobalShaderMap/d3/fa/42cb7bd8eb538361d64c44665a8a73d51ef3.udd" 3112
"../../../Engine/DerivedDataCache/Buckets/GlobalShaderMap/1d/7c/6f4b8b7abb4da1eea81d99f9562ae0a7ebb0.udd" 3113
"../../../Engine/DerivedDataCache/Buckets/GlobalShaderMap/3f/84/7a6d31a3287302509d2707f569efb81918b2.udd" 3114
"../../../Engine/DerivedDataCache/Buckets/GlobalShaderMap/7a/91/6a7f560bfafdd7434004662929fcd61fc54d.udd" 3115
"../../../Engine/DerivedDataCache/Buckets/GlobalShaderMap/e7/4a/55f2a300d37b7c9cde1ee48cab352c96c9bd.udd" 3116
"../../../Engine/DerivedDataCache/Buckets/GlobalShaderMap/b8/6d/f76691e1638ce9be636ac4a44267669baefc.udd" 3117
"../../../Engine/DerivedDataCache/Buckets/GlobalShaderMap/5f/77/580f98ba7742651a5b2e76e871d0c80ead8f.udd" 3118
"../../../Engine/DerivedDataCache/Buckets/GlobalShaderMap/63/f3/8a41112d8e7a93092fedea7e41b7f21cd0e0.udd" 3119
"../../../Engine/DerivedDataCache/Buckets/GlobalShaderMap/2c/32/1b94c112372da735ede4c24e4d0223dada1e.udd" 3120
"../../../Engine/DerivedDataCache/Buckets/GlobalShaderMap/8a/66/684e903be7fbb83948e147c7aca916030bfe.udd" 3121
"../../../Engine/DerivedDataCache/Content/9c/39/5fbc9c1dba0fd96aed342f48d873032b9533.udd" 3122
"../../../Engine/DerivedDataCache/Buckets/GlobalShaderMap/c5/06/7122f492c0c4c0b3d6c8a20914f68a83d2de.udd" 3123
"../../../Engine/DerivedDataCache/Content/0f/fe/fa6994b35b0e59b47af6fb97ab487783c3d7.udd" 3124
"../../../Engine/DerivedDataCache/Buckets/GlobalShaderMap/69/54/12c087ef5681168c118f6e646913bcbd6d61.udd" 3125
"../../../Engine/DerivedDataCache/Buckets/GlobalShaderMap/f0/60/c47049726ed720f0b998332dac9fa1f9f03f.udd" 3126
"../../../Engine/DerivedDataCache/Buckets/GlobalShaderMap/0c/a7/630de2e5c7adda11b14a5aa612856f004a49.udd" 3127
"../../../Engine/DerivedDataCache/Buckets/GlobalShaderMap/c8/b3/fa1251d0bf4d519b43cf6e794a7f6ff17049.udd" 3128
"../../../Engine/DerivedDataCache/Buckets/GlobalShaderMap/ea/89/acac358cb64a33be7ee4f88c5b9c36653b23.udd" 3129
"../../../Engine/DerivedDataCache/Buckets/GlobalShaderMap/07/43/40dfa56444259e2329449c09939fe4e0cea9.udd" 3130
"../../../Engine/DerivedDataCache/Buckets/GlobalShaderMap/cc/34/5447f8d88c779d653fcb15c162625dd29275.udd" 3131
"../../../Engine/DerivedDataCache/Buckets/GlobalShaderMap/3f/69/4b4b839e1355457c3823a3a5cf16191404b6.udd" 3132
"../../../Engine/DerivedDataCache/Buckets/GlobalShaderMap/fb/91/0fdd4b6350b498ddaff87b20cd85ecb015cc.udd" 3133
"../../../Engine/DerivedDataCache/Buckets/GlobalShaderMap/69/b6/32912908e2736c1612c427239780d0a57efd.udd" 3134
"../../../Engine/DerivedDataCache/Buckets/GlobalShaderMap/ab/4d/7f5873c87d22cdefb95d0189c814e3adc3d5.udd" 3135
"../../../Engine/DerivedDataCache/Buckets/GlobalShaderMap/8d/4d/eeca6e998f99f17dbc11af1083de0bb99d07.udd" 3136
"../../../Engine/DerivedDataCache/Buckets/GlobalShaderMap/ef/bd/d0ba31a9d764f9ba43f6056840397c9fed0d.udd" 3137
"../../../Engine/DerivedDataCache/Buckets/GlobalShaderMap/49/35/53506e51680f5ca42f54a2da6ed2ed3af39e.udd" 3138
"../../../Engine/DerivedDataCache/Buckets/GlobalShaderMap/a2/0a/99c546e74fb6ce054374dc7bc7f4179851d7.udd" 3139
"../../../Engine/DerivedDataCache/Buckets/GlobalShaderMap/09/ca/661711ae437d91f2f1bcd500308ad98147ff.udd" 3140
"../../../Engine/DerivedDataCache/Buckets/GlobalShaderMap/dd/2c/741cfefcf7efc0cd5ac890a5a4a82dba5933.udd" 3141
"../../../Engine/DerivedDataCache/Buckets/GlobalShaderMap/78/69/5c292fea8c39ef1264268f48c29d00e6e817.udd" 3142
"../../../Engine/DerivedDataCache/Buckets/GlobalShaderMap/6e/55/f7720adb21e7e38cccf7559a85bed2f505cb.udd" 3143
"../../../Engine/DerivedDataCache/Buckets/GlobalShaderMap/4e/f6/3801e2e8936ee625e1c2e400c7fabb592862.udd" 3144
"../../../Engine/DerivedDataCache/Buckets/GlobalShaderMap/58/f9/f8470ce6e5554b7ee26cdd3439621ce8a8d4.udd" 3145
"../../../Engine/DerivedDataCache/Buckets/GlobalShaderMap/4a/e4/ebfc9dacc2f1ddc44888dd67d1ae98c8d75b.udd" 3146
"../../../Engine/DerivedDataCache/Buckets/GlobalShaderMap/a6/ca/b86e768e5776e61c9a9f547ef8d8a76aa63f.udd" 3147
"../../../Engine/DerivedDataCache/Buckets/GlobalShaderMap/df/1b/4a2cfd47a5429c5066f52b069675b6d140ce.udd" 3148
"../../../Engine/DerivedDataCache/Buckets/GlobalShaderMap/ce/34/8d615ce633bb95cd4d56793a8e646a383791.udd" 3149
"../../../Engine/DerivedDataCache/Buckets/GlobalShaderMap/47/a4/7ce964ea59dcfc3d1cc8024f0b44577fb514.udd" 3150
"../../../Engine/DerivedDataCache/Buckets/GlobalShaderMap/f9/1f/6b4292eab616d6d49cd2f3ae2ec5e1602cb2.udd" 3151
"../../../Engine/DerivedDataCache/Buckets/GlobalShaderMap/bb/f0/89ed9de61c0b5401602368fe4ff3309464be.udd" 3152
"../../../Engine/DerivedDataCache/Buckets/GlobalShaderMap/bf/92/523ea9a45bf1cff8b0cabc0728e32ff03e0c.udd" 3153
"../../../Engine/DerivedDataCache/Buckets/GlobalShaderMap/eb/a5/96b45eae5756ab0de7b134e01c794af4386f.udd" 3154
"../../../Engine/DerivedDataCache/Buckets/GlobalShaderMap/0b/02/de90c5952a50da1038b100504095fc42fefd.udd" 3155
"../../../Engine/DerivedDataCache/Buckets/GlobalShaderMap/68/e2/33760671365258c8b0d37fda17b7ff1032c6.udd" 3156
"../../../Engine/DerivedDataCache/Content/e9/70/96f420a8fef7b5faaff836d348ee0bd910d0.udd" 3157
"../../../Engine/DerivedDataCache/Buckets/GlobalShaderMap/13/c9/4456102386a6a9b973b25b7fa3a17deab145.udd" 3158
"../../../Engine/DerivedDataCache/Buckets/GlobalShaderMap/50/1b/05bc7c3babd3d71da517e00f2b35ba621692.udd" 3159
"../../../Engine/DerivedDataCache/Buckets/GlobalShaderMap/2b/11/3cb2ba6a24745921a5b007e485debb82a5a2.udd" 3160
"../../../Engine/DerivedDataCache/Buckets/GlobalShaderMap/0c/9b/c76729a8cedadcfa589b76ee2dc2ca10aae4.udd" 3161
"../../../Engine/DerivedDataCache/Buckets/GlobalShaderMap/09/ce/d9222b8ab5f939e42e963da6ad53d9b5869f.udd" 3162
"../../../Engine/DerivedDataCache/Buckets/GlobalShaderMap/37/18/3cd8b5a8a282985a189b49d2787b3b2936a1.udd" 3163
"../../../Engine/DerivedDataCache/Buckets/GlobalShaderMap/ba/e4/904b09b800e37de4f17c6ee8c5f43cdbee12.udd" 3164
"../../../Engine/DerivedDataCache/Buckets/GlobalShaderMap/a0/4d/148d13d03e5d82b59a36e1311e0ad0905213.udd" 3165
"../../../Engine/DerivedDataCache/Buckets/GlobalShaderMap/61/f0/2a2040f0ffa06cfc6b0a126fcf7425f124ba.udd" 3166
"../../../Engine/DerivedDataCache/Buckets/GlobalShaderMap/70/8b/5c719f6ef7078aad5f07047361cb2a3ec4e7.udd" 3167
"../../../Engine/DerivedDataCache/Buckets/GlobalShaderMap/99/cb/6acf71e42c26ffde787655b915c317dc62f5.udd" 3168
"../../../Engine/DerivedDataCache/Buckets/GlobalShaderMap/11/a5/04f8cbc8f2c95d399c6ded19eb9f717f5316.udd" 3169
"../../../Engine/DerivedDataCache/Buckets/GlobalShaderMap/f0/ff/492520e3a8c7cefc18c43bf02184b342bbbb.udd" 3170
"../../../Engine/DerivedDataCache/Buckets/GlobalShaderMap/03/e2/5bdfdfc3ba9b27c5eb76009a95416bc73138.udd" 3171
"../../../Engine/DerivedDataCache/Buckets/GlobalShaderMap/eb/98/67de3c2d7ef3e9b014e8c99f04dc6bb52efa.udd" 3172
"../../../Engine/DerivedDataCache/Buckets/GlobalShaderMap/06/28/f8036cc6e58762c86afb3a30a268290f783a.udd" 3173
"../../../Engine/DerivedDataCache/Buckets/GlobalShaderMap/6f/91/094a3def41e9927ff0ba232f3d4dde831cdd.udd" 3174
"../../../Engine/DerivedDataCache/Buckets/GlobalShaderMap/f4/03/40124c2ff3725ab410e9444cc338837d9746.udd" 3175
"../../../Engine/DerivedDataCache/Buckets/GlobalShaderMap/45/a0/aed9a5b8bbde1cf3d5d55c0cce4f24298604.udd" 3176
"../../../Engine/DerivedDataCache/Buckets/GlobalShaderMap/24/61/bf2d7c7fa47a3c437b195641b9ceca14a4c5.udd" 3177
"../../../Engine/DerivedDataCache/Buckets/GlobalShaderMap/68/db/22dd55f3be434475d7ace4b4cba24cbf9f62.udd" 3178
"../../../Engine/DerivedDataCache/Buckets/GlobalShaderMap/4c/e2/f5fcfa20b94acb0aa2620b0aad147d692199.udd" 3179
"../../../Engine/DerivedDataCache/Buckets/GlobalShaderMap/59/b1/cade475fb58cf6ebcfd4b135dc76f2ea6440.udd" 3180
"../../../Engine/DerivedDataCache/Buckets/GlobalShaderMap/19/91/9f8908a0f22f52134e69734252090f1ff1f5.udd" 3181
"../../../Engine/DerivedDataCache/Buckets/GlobalShaderMap/2a/ef/db29512f1d7f9f42d1dc6158824337a792e7.udd" 3182
"../../../Engine/DerivedDataCache/Buckets/GlobalShaderMap/f7/8b/b9c9667521c2df5065d182a5275461e6e3f0.udd" 3183
"../../../Engine/DerivedDataCache/Buckets/GlobalShaderMap/1d/e6/929841d6febf9c98e0951db44927f6e7a804.udd" 3184
"../../../Engine/DerivedDataCache/Buckets/GlobalShaderMap/16/70/34758c3f1958c32129a35451f526ad514cd3.udd" 3185
"../../../Engine/DerivedDataCache/Buckets/GlobalShaderMap/94/ec/a1d3448d083fc7766272752e542d09e3ecf4.udd" 3186
"../../../Engine/DerivedDataCache/Buckets/GlobalShaderMap/d1/c6/e0c6227c155b286faac1b0af0864019729ba.udd" 3187
"../../../Engine/DerivedDataCache/Buckets/GlobalShaderMap/a9/ce/903c8c91935fdba11a1cbf2bd4daa24f2bf7.udd" 3188
"../../../Engine/DerivedDataCache/Buckets/GlobalShaderMap/0d/15/8351a64dcb3929e225d15f40c632270f5200.udd" 3189
"../../../Engine/DerivedDataCache/Buckets/GlobalShaderMap/90/b0/bd625c7fdbf0bd9a2ea8c6289a2fbb878b7b.udd" 3190
"../../../Engine/DerivedDataCache/Buckets/GlobalShaderMap/9d/92/5009ab8ec029dc410a1ddc41b7ab13e96ed6.udd" 3191
"../../../Engine/DerivedDataCache/Buckets/GlobalShaderMap/f5/4f/e0256cf6429549a46a5e23bd1abc12ce9a8a.udd" 3192
"../../../Engine/DerivedDataCache/Buckets/GlobalShaderMap/15/4e/b468417c8414326d1afb0ec65567f5dcb049.udd" 3193
"../../../Engine/DerivedDataCache/Buckets/GlobalShaderMap/46/ff/16c94d02d05df69d674243546ae912228027.udd" 3194
"../../../Engine/DerivedDataCache/Buckets/GlobalShaderMap/11/1c/e28f99d0595071ed814f879b8c908f42697b.udd" 3195
"../../../Engine/DerivedDataCache/Buckets/GlobalShaderMap/43/cc/1d6d0da5750b0a8194020f5cd9b263824ec1.udd" 3196
"../../../Engine/DerivedDataCache/Buckets/GlobalShaderMap/18/be/dcbef583f2ec00d5dbccc51cfd86bff249df.udd" 3197
"../../../Engine/DerivedDataCache/Buckets/GlobalShaderMap/25/4e/a8d8cf0d4c29897a415099b3c1bb8d5a99fd.udd" 3198
"../../../Engine/DerivedDataCache/Buckets/GlobalShaderMap/ef/08/338b4d5234bca5efc70b338df78faea1ff32.udd" 3199
"../../../Engine/DerivedDataCache/Buckets/GlobalShaderMap/87/91/d922979265c1c441666541fe671eae82d41d.udd" 3200
"../../../Engine/DerivedDataCache/Buckets/GlobalShaderMap/26/8f/0fb43333a60e16ab94c7d3e8d676d576c4c2.udd" 3201
"../../../Engine/DerivedDataCache/Buckets/GlobalShaderMap/91/9a/4744dc37b01ca99a03849af62b7c471dd80a.udd" 3202
"../../../Engine/DerivedDataCache/Buckets/GlobalShaderMap/fb/c9/448d87b4a92d9f705b4763ad1374d9f80fb5.udd" 3203
"../../../Engine/DerivedDataCache/Buckets/GlobalShaderMap/b9/6a/e774d4c185d18d6e2319063e9f23ae4044ca.udd" 3204
"../../../Engine/DerivedDataCache/Buckets/GlobalShaderMap/72/1f/e7746dac5f7a498b1a63d8d3ab8e73f2f048.udd" 3205
"../../../Engine/DerivedDataCache/Buckets/GlobalShaderMap/54/7d/2c76fdaf3c650566aceb6178792f2a2c9a9f.udd" 3206
"../../../Engine/DerivedDataCache/Buckets/GlobalShaderMap/88/20/7330ddca8a7fd0802c9086106172c42b93dc.udd" 3207
"../../../Engine/DerivedDataCache/Buckets/GlobalShaderMap/f9/61/7905f8dcb018ffb4dfe56d93a8c2988f23d3.udd" 3208
"../../../Engine/DerivedDataCache/Buckets/GlobalShaderMap/91/74/824948f0bea217614ba2ac63bd0f04454754.udd" 3209
"../../../Engine/DerivedDataCache/Buckets/GlobalShaderMap/9c/91/54a72ce61db4efaad203ae9a55189a390bfe.udd" 3210
"../../../Engine/DerivedDataCache/Buckets/GlobalShaderMap/d9/f6/d095ce8bd8230ca44ba20dd6631f3e2a4824.udd" 3211
"../../../Engine/DerivedDataCache/Buckets/GlobalShaderMap/74/b3/2a8ce821a2adf32e0f8d3770187cd5dfbc7d.udd" 3212
"../../../Engine/DerivedDataCache/Buckets/GlobalShaderMap/5a/4f/5e725509e6379667b2aaced44f4a656b1965.udd" 3213
"../../../Engine/DerivedDataCache/Buckets/GlobalShaderMap/1a/99/20464032c010e52281b5d08608f4c3b224f9.udd" 3214
"../../../Engine/DerivedDataCache/Buckets/GlobalShaderMap/6b/0a/74de3231126f5909bf58739971ec76240d34.udd" 3215
"../../../Engine/DerivedDataCache/Buckets/GlobalShaderMap/74/65/73669e22150a61921c80502e7af9c6a93e45.udd" 3216
"../../../Engine/DerivedDataCache/Buckets/GlobalShaderMap/df/a9/49e090b725b122df0833c5df139e4c56516f.udd" 3217
"../../../Engine/DerivedDataCache/Buckets/GlobalShaderMap/98/05/b4cf452632991e8dcde2ccdf239f1c234ac7.udd" 3218
"../../../Engine/DerivedDataCache/Buckets/GlobalShaderMap/40/5a/dab7ba95d766c4ebdc6b40e8091f1cc77bed.udd" 3219
"../../../Engine/DerivedDataCache/Buckets/GlobalShaderMap/fe/73/446071ce92a401e618dc283ef1a0d81af6a0.udd" 3220
"../../../Engine/DerivedDataCache/Buckets/GlobalShaderMap/05/62/f7434692b485845063e662cb5056c010b2af.udd" 3221
"../../../Engine/DerivedDataCache/Buckets/GlobalShaderMap/d0/7d/790412c12d001869cad4da04820d65806200.udd" 3222
"../../../Engine/DerivedDataCache/Buckets/GlobalShaderMap/bd/f7/c9c2a6cbd7d6d23bcf9e6b9373a1631dc8d9.udd" 3223
"../../../Engine/DerivedDataCache/Buckets/GlobalShaderMap/6a/e7/93a745c431e48c6e26833b90dec29476c668.udd" 3224
"../../../Engine/DerivedDataCache/Buckets/GlobalShaderMap/76/d6/4e1982d630207839c11b9cdbe0d2b6fb66e1.udd" 3225
"../../../Engine/DerivedDataCache/Buckets/GlobalShaderMap/9e/16/5629a60f61b43ba81cfbe2dcca1b8061dfa7.udd" 3226
"../../../Engine/DerivedDataCache/Buckets/GlobalShaderMap/ba/86/a9c10d6713218f85db82f2fe26ec609a1268.udd" 3227
"../../../Engine/DerivedDataCache/Buckets/GlobalShaderMap/a7/3a/177e8a58b1e02a6e5bcb778cdabe9240f212.udd" 3228
"../../../Engine/DerivedDataCache/Buckets/GlobalShaderMap/12/17/9424edc103019e56f0a7a6a4c774f837d877.udd" 3229
"../../../Engine/DerivedDataCache/Buckets/GlobalShaderMap/d5/cc/34fec4fed79adcfee2650be54be50dc4fdb3.udd" 3230
"../../../Engine/DerivedDataCache/Buckets/GlobalShaderMap/6f/93/12698c904a1c3a68c86a0da7f6680e1dad0b.udd" 3231
"../../../Engine/DerivedDataCache/Buckets/GlobalShaderMap/73/8e/98d97ae43212e5add4526a866f894a40c145.udd" 3232
"../../../Engine/DerivedDataCache/Buckets/GlobalShaderMap/1c/d2/6f64d47a5e50be16465ead778828dd8cf9f0.udd" 3233
"../../../Engine/DerivedDataCache/Buckets/GlobalShaderMap/12/1e/440daa596fa6f1d77449f14c37b682d5078a.udd" 3234
"../../../Engine/DerivedDataCache/Buckets/GlobalShaderMap/7a/09/25b4b44268b0636fbf87f56f86e6b0929147.udd" 3235
"../../../Engine/DerivedDataCache/Buckets/GlobalShaderMap/a2/8a/45774e9e999b2cd1d8ba689912e04ecd5c61.udd" 3236
"../../../Engine/DerivedDataCache/Buckets/GlobalShaderMap/11/5a/e4c02470a04dbc8e18a8c76482a9ce766480.udd" 3237
"../../../Engine/DerivedDataCache/Buckets/GlobalShaderMap/0b/14/a65c048f5454171f1f67d3ed6eb4b4a90edb.udd" 3238
"../../../Engine/DerivedDataCache/Buckets/GlobalShaderMap/d3/bc/494384c6944e85776b9d0722ad5546750131.udd" 3239
"../../../Engine/DerivedDataCache/Buckets/GlobalShaderMap/8e/af/dadaa8081c22ecc930995f7089cceefaaa7b.udd" 3240
"../../../Engine/DerivedDataCache/Buckets/GlobalShaderMap/c3/d7/115a7db004b8506c8f8c506b6a5a98261ba4.udd" 3241
"../../../Engine/DerivedDataCache/Buckets/GlobalShaderMap/2c/33/543a713a1147d5118627fb070d5f4e615cce.udd" 3242
"../../../Engine/DerivedDataCache/Buckets/GlobalShaderMap/1f/5d/6c778ee741930aa415f7f86b21e5bd4608d6.udd" 3243
"../../../Engine/DerivedDataCache/Buckets/GlobalShaderMap/46/93/b93cef97becd0bb70c519abda487646d512a.udd" 3244
"../../../Engine/DerivedDataCache/Buckets/GlobalShaderMap/69/8c/1b48a1db9435ab66752f67c74edca8f5e253.udd" 3245
"../../../Engine/DerivedDataCache/Buckets/GlobalShaderMap/f9/7b/ac5eb6de256bf38e004f8e4b363c21db78fc.udd" 3246
"../../../Engine/DerivedDataCache/Buckets/GlobalShaderMap/f0/fa/bda5c3d1413e767392d6de4519b9398cb77b.udd" 3247
"../../../Engine/DerivedDataCache/Buckets/GlobalShaderMap/70/ca/a60327e47dfaf128e369113080c08e509761.udd" 3248
"../../../Engine/DerivedDataCache/Buckets/GlobalShaderMap/ec/94/874a243c5572385e779399f998c9c64220fa.udd" 3249
"../../../Engine/DerivedDataCache/Buckets/GlobalShaderMap/c7/c5/3346d3945a1f92329635c4014036ef3b7219.udd" 3250
"../../../Engine/DerivedDataCache/Buckets/GlobalShaderMap/16/e7/08632b98cbeda88173774c6f0f429fec150f.udd" 3251
"../../../Engine/DerivedDataCache/Buckets/GlobalShaderMap/c4/b8/f3054946c9223d855c337180bb0d9a0f841f.udd" 3252
"../../../Engine/DerivedDataCache/Buckets/GlobalShaderMap/02/21/26c6c6ac1efa8ae0c22a4074e0da4e0ab411.udd" 3253
"../../../Engine/DerivedDataCache/Buckets/GlobalShaderMap/de/bf/2178d9c0a54f600fd753c3b06539b148bc23.udd" 3254
"../../../Engine/DerivedDataCache/Buckets/GlobalShaderMap/06/40/c93ece24e72fa1ecfa71025705497a06a883.udd" 3255
"../../../Engine/DerivedDataCache/Buckets/GlobalShaderMap/17/ef/99352d779c659c628220870c72db7f0b94a4.udd" 3256
"../../../Engine/DerivedDataCache/Buckets/GlobalShaderMap/65/f4/76db32b86791da248f4726afdd37f9f43a9a.udd" 3257
"../../../Engine/DerivedDataCache/Buckets/GlobalShaderMap/34/88/4abb744c195b8baba53f635b5c9fa9e56953.udd" 3258
"../../../Engine/DerivedDataCache/Buckets/GlobalShaderMap/69/65/5d1d76b27827b9d9a6b79fc39636c9fed5bf.udd" 3259
"../../../Engine/DerivedDataCache/Buckets/GlobalShaderMap/48/ed/5a90d7c513d506be9c95c31b59932562ffd8.udd" 3260
"../../../Engine/DerivedDataCache/Buckets/GlobalShaderMap/b9/b4/7c97196fd435c82427828c59bcb9adb27b8e.udd" 3261
"../../../Engine/DerivedDataCache/Buckets/GlobalShaderMap/9b/83/30ebbc55045256281f2efdbf032a19a66779.udd" 3262
"../../../Engine/DerivedDataCache/Buckets/GlobalShaderMap/bf/cb/4164065b27d983eebb083585cf7c46af6c90.udd" 3263
"../../../Engine/DerivedDataCache/Buckets/GlobalShaderMap/31/10/81dea4c7727fad0a65f22bc56f354c7bf6d8.udd" 3264
"../../../Engine/DerivedDataCache/Buckets/GlobalShaderMap/3f/1b/73a7e125add7a024527482c3e389bb6bb3e5.udd" 3265
"../../../Engine/DerivedDataCache/Buckets/GlobalShaderMap/02/c0/4a31b8295084239c76d9cf32861f818a5526.udd" 3266
"../../../Engine/DerivedDataCache/Buckets/GlobalShaderMap/2f/3c/acf5481803090118931996a4d2f371d0bd1b.udd" 3267
"../../../Engine/DerivedDataCache/Buckets/GlobalShaderMap/3d/3e/2186554b6ff0316187c2a1576e69ce08b2d5.udd" 3268
"../../../Engine/DerivedDataCache/Buckets/GlobalShaderMap/10/ab/8cf3fd3b9ae3e14e1a1516b8d01c5be8d15d.udd" 3269
"../../../Engine/DerivedDataCache/Buckets/GlobalShaderMap/d1/5c/7b153e29d56e21448c958580b50a5709b642.udd" 3270
"../../../Engine/DerivedDataCache/Buckets/GlobalShaderMap/f1/79/49261ef409cddcbd6ffe7f859950a40fda7d.udd" 3271
"../../../Engine/DerivedDataCache/Buckets/GlobalShaderMap/8a/19/54d1c16710da334fbf6cbd6c074ca0037f1c.udd" 3272
"../../../Engine/DerivedDataCache/Buckets/GlobalShaderMap/cc/17/ba51611eea8dc99b26c04d3712429c484712.udd" 3273
"../../../Engine/DerivedDataCache/Buckets/GlobalShaderMap/d7/f7/72ac56d452558c61a161d2368a5a24ceee3d.udd" 3274
"../../../Engine/DerivedDataCache/Buckets/GlobalShaderMap/17/0f/ba3d665d26e8b7be2d9bf01a76ba89571c9a.udd" 3275
"../../../Engine/DerivedDataCache/Buckets/GlobalShaderMap/4d/a6/98720efbdd4c92f95da7d3aa8b7912569b9b.udd" 3276
"../../../Engine/DerivedDataCache/Buckets/GlobalShaderMap/8a/7e/5eda17bd32254ba70ae3cb695c3ac6e779d9.udd" 3277
"../../../Engine/DerivedDataCache/Buckets/GlobalShaderMap/52/8c/a56e051b208a070ed413060b970b6d8ba7ba.udd" 3278
"../../../Engine/DerivedDataCache/Buckets/GlobalShaderMap/db/2c/688baec995de11d43cbce5ccc6edd73706fd.udd" 3279
"../../../Engine/DerivedDataCache/Buckets/GlobalShaderMap/cf/24/5d042e471bc6159f84e3f13464836665554f.udd" 3280
"../../../Engine/DerivedDataCache/Buckets/GlobalShaderMap/fa/4c/2f9805d7bce8f22d91fba22ef0d99696d0c9.udd" 3281
"../../../Engine/DerivedDataCache/Buckets/GlobalShaderMap/c2/18/623cdf25f2dd73770716457f3a5509734a05.udd" 3282
"../../../Engine/DerivedDataCache/Buckets/GlobalShaderMap/50/35/c386323c3d616ce90bc4d029180f6da93afd.udd" 3283
"../../../Engine/DerivedDataCache/Buckets/GlobalShaderMap/42/71/d7594addc43d6b40966f0bd47dc961401890.udd" 3284
"../../../Engine/DerivedDataCache/Buckets/GlobalShaderMap/57/f7/1d78bb98171994b7f129fbd290933dbe3596.udd" 3285
"../../../Engine/DerivedDataCache/Buckets/GlobalShaderMap/f0/1b/454ff17d8e445347558cb71055cc7508fea2.udd" 3286
"../../../Engine/DerivedDataCache/Buckets/GlobalShaderMap/0d/44/2e3657ab02774e9b16487c90e28c3ba39ee4.udd" 3287
"../../../Engine/DerivedDataCache/Buckets/GlobalShaderMap/12/50/a4ae61e73ecdfb8d6cc97eb2b80c98ca16a7.udd" 3288
"../../../Engine/DerivedDataCache/Buckets/GlobalShaderMap/83/b4/d207a5edd7a547f00afd7540e39185c8a88a.udd" 3289
"../../../Engine/DerivedDataCache/Buckets/GlobalShaderMap/a8/ab/b6039a5c95e1089e196f9651f5865d5a6638.udd" 3290
"../../../Engine/DerivedDataCache/Buckets/GlobalShaderMap/c8/e8/6ebabbef1ec93c31053e5632f7e00b82f322.udd" 3291
"../../../Engine/DerivedDataCache/Buckets/GlobalShaderMap/be/a4/3f6b304cacc849b8b3df126c62923d42bb22.udd" 3292
"../../../Engine/DerivedDataCache/Buckets/GlobalShaderMap/f9/88/e89a402288fc43d3c8e26c6df27322399ce3.udd" 3293
"../../../Engine/DerivedDataCache/Buckets/GlobalShaderMap/f9/6b/d9043ffcf99750c33fe75af2b70fd76bece4.udd" 3294
"../../../Engine/DerivedDataCache/Buckets/GlobalShaderMap/a1/0e/bbc63e8843b381d0ff422c5122c067173d3e.udd" 3295
"../../../Engine/DerivedDataCache/Buckets/GlobalShaderMap/db/79/d15756d9e900bb84414541f9bd03ab8397f6.udd" 3296
"../../../Engine/DerivedDataCache/Buckets/GlobalShaderMap/de/fe/8960045243b8195af7dbd17e47a90f4e27eb.udd" 3297
"../../../Engine/DerivedDataCache/Buckets/GlobalShaderMap/f0/b0/9548b846506bc271a154214c3206b903f551.udd" 3298
"../../../Engine/DerivedDataCache/Buckets/GlobalShaderMap/00/bb/086a0611657775c8e2551862f44c555615af.udd" 3299
"../../../Engine/DerivedDataCache/Buckets/GlobalShaderMap/69/08/68e2a81daa2f7f66671eb269ba512b7bd5d3.udd" 3300
"../../../Engine/DerivedDataCache/Buckets/GlobalShaderMap/1c/19/5e3d9ba16d262ac0788923010d40aff6ee48.udd" 3301
"../../../Engine/DerivedDataCache/Buckets/GlobalShaderMap/be/6a/151bdc526b38a0752667a6c3fb8e9aa651a3.udd" 3302
"../../../Engine/DerivedDataCache/Buckets/GlobalShaderMap/4a/95/32092753a0c339b9a8aa4570df3b0fc67312.udd" 3303
"../../../Engine/DerivedDataCache/Buckets/GlobalShaderMap/2c/6e/7dbc9a248bea502fd91b60c5575025e2d508.udd" 3304
"../../../Engine/DerivedDataCache/Buckets/GlobalShaderMap/2f/51/4e42eb7a8416bd4f725154053faf3eb1f5e7.udd" 3305
"../../../Engine/DerivedDataCache/Buckets/GlobalShaderMap/ec/a5/506ef0edcde988c13866723696d593d5332b.udd" 3306
"../../../Engine/DerivedDataCache/Buckets/GlobalShaderMap/7f/74/881400c422644b8b03a28f90cd45a628da0b.udd" 3307
"../../../Engine/DerivedDataCache/Buckets/GlobalShaderMap/22/8f/4c1740119860effb597a887c0db465a73d2c.udd" 3308
"../../../Engine/DerivedDataCache/Buckets/GlobalShaderMap/f4/c6/c952ee53ed2802979f04ad06efde84936039.udd" 3309
"../../../Engine/DerivedDataCache/Content/fe/1f/9e8c61f758432ed607a6ff4681f1bcb6739f.udd" 3310
"../../../Engine/DerivedDataCache/Buckets/GlobalShaderMap/4f/68/e5b3563583f60b90af75f7126e37d6384559.udd" 3311
"../../../Engine/DerivedDataCache/Buckets/GlobalShaderMap/dc/c8/a521dafc91f16249837a310b3764e05fc3e4.udd" 3312
"../../../Engine/DerivedDataCache/Buckets/GlobalShaderMap/2c/be/e6158fd9fa3705ed3b8d0eb1300aafe15a1c.udd" 3313
"../../../Engine/DerivedDataCache/Buckets/GlobalShaderMap/04/9a/4e42fbebedcac4a46c7199cb1bb03a6a64d9.udd" 3314
"../../../Engine/DerivedDataCache/Buckets/GlobalShaderMap/21/87/986f87931f7305936c7ea8ba7ef4e68c1a73.udd" 3315
"../../../Engine/DerivedDataCache/Buckets/GlobalShaderMap/50/46/017b38430ee7416059b6739f747bf41d435f.udd" 3316
"../../../Engine/DerivedDataCache/Buckets/GlobalShaderMap/ac/49/c0709b5497c84dc4cbc245d3b6c670333fa3.udd" 3317
"../../../Engine/DerivedDataCache/Buckets/GlobalShaderMap/8c/a0/906bd71ed35eee7bcd8e69c498275e34b65f.udd" 3318
"../../../Engine/DerivedDataCache/Buckets/GlobalShaderMap/34/30/e7064f7e1627cfd1060790433e486f386caa.udd" 3319
"../../../Engine/DerivedDataCache/Buckets/GlobalShaderMap/a8/43/1a7887a208021c59748358006ecab092e38f.udd" 3320
"../../../Engine/DerivedDataCache/Buckets/GlobalShaderMap/78/d0/5fb57cd5808882a694e97a344f8110b6abf4.udd" 3321
"../../../Engine/DerivedDataCache/Buckets/GlobalShaderMap/21/06/cf9368cc14822a822142c9d571d378002b5f.udd" 3322
"../../../Engine/DerivedDataCache/Buckets/GlobalShaderMap/ff/18/4717ff0aa881c4ca8f5c0afcf6904b1e09e5.udd" 3323
"../../../Engine/DerivedDataCache/Buckets/GlobalShaderMap/1d/56/711d753a872572a30f013eb3c65889a84b44.udd" 3324
"../../../Engine/DerivedDataCache/Buckets/GlobalShaderMap/12/d5/172603e9048304faa0d907c6fd2f07ed913e.udd" 3325
"../../../Engine/DerivedDataCache/Buckets/GlobalShaderMap/e7/ed/0a112efa61908f233035caee13031d354ab8.udd" 3326
"../../../Engine/DerivedDataCache/Buckets/GlobalShaderMap/86/57/08c4889390af21daca7abf1c26ba50d558ca.udd" 3327
"../../../Engine/DerivedDataCache/Buckets/GlobalShaderMap/a8/0f/9e3c93f32cc272e4222fd6dd3285a032f621.udd" 3328
"../../../Engine/DerivedDataCache/Buckets/GlobalShaderMap/53/27/5ff9f37ac763cf3e186be5e7204648fbc0b7.udd" 3329
"../../../Engine/DerivedDataCache/Buckets/GlobalShaderMap/a6/c2/388628e9550bc15286b4c266cf08c9e8c9a0.udd" 3330
"../../../Engine/DerivedDataCache/Buckets/GlobalShaderMap/c2/60/aef9ab7cc6086d53c70e0982518ca28c2177.udd" 3331
"../../../Engine/DerivedDataCache/Buckets/GlobalShaderMap/85/57/3b190d710d266c4144b16d2c06bcef394a53.udd" 3332
"../../../Engine/DerivedDataCache/Buckets/GlobalShaderMap/0a/fc/b27c0577c62652de82ab6ecac867879b79be.udd" 3333
"../../../Engine/DerivedDataCache/Buckets/GlobalShaderMap/2e/2f/f05157b816fad514cdb32d966762f2b5b03b.udd" 3334
"../../../Engine/DerivedDataCache/Buckets/GlobalShaderMap/58/df/99ece9ac8edcf6ad6124d4684cd769a1a364.udd" 3335
"../../../Engine/DerivedDataCache/Buckets/GlobalShaderMap/ac/84/8d4a51a8a88b2b077a36e9c4ed7d55731b4b.udd" 3336
"../../../Engine/DerivedDataCache/Buckets/GlobalShaderMap/12/8e/05e8d5ebd15a70cabdc487aed318efab94a1.udd" 3337
"../../../Engine/DerivedDataCache/Buckets/GlobalShaderMap/24/e3/83dc8c1b1d3bd84cb3120acecf85054be8b7.udd" 3338
"../../../Engine/DerivedDataCache/Content/40/88/361ee4c5a29e561050268687d016673539d1.udd" 3339
"../../../Engine/DerivedDataCache/Buckets/GlobalShaderMap/23/2b/83e80d46d417f0c3496db4545e64614da2c8.udd" 3340
"../../../Engine/DerivedDataCache/Buckets/GlobalShaderMap/40/a7/917654726b4169241d5fd31595c361db1fda.udd" 3341
"../../../Engine/DerivedDataCache/Buckets/GlobalShaderMap/5d/a4/1b682f910163117b3168417e4d96fa803991.udd" 3342
"../../../Engine/DerivedDataCache/Buckets/GlobalShaderMap/04/c6/53a2a869d17b17d9441054bd1067c2b04fc9.udd" 3343
"../../../Engine/DerivedDataCache/Buckets/GlobalShaderMap/6b/3e/4c42c5a56fc11572ef07acb309d3571b8908.udd" 3344
"../../../Engine/DerivedDataCache/Buckets/GlobalShaderMap/29/aa/7ce38e93c4e32eba856df8ad7b028555638c.udd" 3345
"../../../Engine/DerivedDataCache/Buckets/GlobalShaderMap/d0/b4/64abde12f3273b638e33c2c8085b45c64c41.udd" 3346
"../../../Engine/DerivedDataCache/Buckets/GlobalShaderMap/72/55/28b9c02a5514cbbf4268faf78ae3a59ea43e.udd" 3347
"../../../Engine/DerivedDataCache/Buckets/GlobalShaderMap/e6/b7/202c4126091f78414cea7795597f361fe63b.udd" 3348
"../../../Engine/DerivedDataCache/Buckets/GlobalShaderMap/b3/73/e5a82fe187b707d57a94bf0119cf7cb97145.udd" 3349
"../../../Engine/DerivedDataCache/Buckets/GlobalShaderMap/a2/ca/ea2f6be424ed70e33ec93ae7ce16b405f5b1.udd" 3350
"../../../Engine/DerivedDataCache/Buckets/GlobalShaderMap/2a/e1/329c5600669d13b83cf5038c29ade425fa38.udd" 3351
"../../../Engine/DerivedDataCache/Buckets/GlobalShaderMap/d5/98/a27b8796521d81479e9fcefbd33d3231f445.udd" 3352
"../../../Engine/DerivedDataCache/Buckets/GlobalShaderMap/55/b2/547c239e92a441d2f1573f625d051a464759.udd" 3353
"../../../Engine/DerivedDataCache/Buckets/GlobalShaderMap/7d/cd/55cff6e23f690fb8949480fad77c83475502.udd" 3354
"../../../Engine/DerivedDataCache/Buckets/GlobalShaderMap/4e/ff/218c8098358d7f1bb843d52b6d36b2543645.udd" 3355
"../../../Engine/DerivedDataCache/Buckets/GlobalShaderMap/dc/31/0a904a1ee3b92e9dd568a6d5b93a36a9d4f0.udd" 3356
"../../../Engine/DerivedDataCache/Buckets/GlobalShaderMap/28/c1/603d75fc6cdbcb020b5730e41f4d0f8fda5a.udd" 3357
"../../../Engine/DerivedDataCache/Buckets/GlobalShaderMap/6e/f1/650f0972be0dd94447d917a30b05955c7b36.udd" 3358
"../../../Engine/DerivedDataCache/Buckets/GlobalShaderMap/55/a9/5bed3d97d88b929029ed229f1337c7c19e26.udd" 3359
"../../../Engine/DerivedDataCache/Buckets/GlobalShaderMap/23/97/90020352097bc261b5bdb223536b81e12752.udd" 3360
"../../../Engine/DerivedDataCache/Buckets/GlobalShaderMap/a7/64/1171b1c61da1a0cb60560cd2514596275245.udd" 3361
"../../../Engine/DerivedDataCache/Buckets/GlobalShaderMap/ed/33/963fa7a37fe558e2f83e4a335222ae055bd6.udd" 3362
"../../../Engine/DerivedDataCache/Buckets/GlobalShaderMap/0d/0f/c190cf4b698278348817a87668f38bdb4405.udd" 3363
"../../../Engine/DerivedDataCache/Buckets/GlobalShaderMap/6c/fc/f612b5b85adc278bb16fcf11492f1cd0baa9.udd" 3364
"../../../Engine/DerivedDataCache/Buckets/GlobalShaderMap/f1/65/eb21799e342c1c59c4814e2758f4a6a0ce61.udd" 3365
"../../../Engine/DerivedDataCache/Buckets/GlobalShaderMap/5c/19/624c152c02a062a7397fbf420ad96bbc1743.udd" 3366
"../../../Engine/DerivedDataCache/Buckets/GlobalShaderMap/25/e6/af1b8e65970cb7ec8a48c0cfcef784bd3390.udd" 3367
"../../../Engine/DerivedDataCache/Buckets/GlobalShaderMap/a5/d2/4a18ad87a8cd0f27ebc58623d5b4fa097948.udd" 3368
"../../../Engine/DerivedDataCache/Buckets/GlobalShaderMap/a4/1a/ac42ffba5d34b7e78ba681fee1dec8b80857.udd" 3369
"../../../Engine/DerivedDataCache/Buckets/GlobalShaderMap/52/22/324b17fb5912c3b1ebb27934d611316f8e4f.udd" 3370
"../../../Engine/DerivedDataCache/Buckets/GlobalShaderMap/2a/0b/7ba74cead2de7b6e696e3ad36edb24663f0f.udd" 3371
"../../../Engine/DerivedDataCache/Buckets/GlobalShaderMap/7a/72/cf1df060dc4f803dcb77ceeb81532d86ef59.udd" 3372
"../../../Engine/DerivedDataCache/Buckets/GlobalShaderMap/90/23/ef419d197ec046aea5b190f6b0c17f8dd5b1.udd" 3373
"../../../Engine/DerivedDataCache/Buckets/GlobalShaderMap/e8/25/504cc039e31500ac94009b31b33acf131406.udd" 3374
"../../../Engine/DerivedDataCache/Buckets/GlobalShaderMap/5e/f3/5e3a601fa47f374c5c43ea5dc7e0620d699f.udd" 3375
"../../../Engine/DerivedDataCache/Buckets/GlobalShaderMap/45/23/58d11771d06d09acb1b701007649666c7468.udd" 3376
"../../../Engine/DerivedDataCache/Buckets/GlobalShaderMap/c8/72/73f4174f7d457122493de2b9946bc6a38f02.udd" 3377
"../../../Engine/DerivedDataCache/Buckets/GlobalShaderMap/be/d1/4efff777a7c79d1fac89242bc5e33aa866b6.udd" 3378
"../../../Engine/DerivedDataCache/Buckets/GlobalShaderMap/35/b5/25f50fece05109745e5a3ac222db18dce28f.udd" 3379
"../../../Engine/DerivedDataCache/Buckets/GlobalShaderMap/f2/99/e9a4b80d025fce40cf2a524b881ae7074fa9.udd" 3380
"../../../Engine/DerivedDataCache/Buckets/GlobalShaderMap/87/a9/5bb445d60974864001baf5665fb9bc67ded0.udd" 3381
"../../../Engine/DerivedDataCache/Buckets/GlobalShaderMap/47/32/a99d7d8ff31289b55e03377a552e7988c253.udd" 3382
"../../../Engine/DerivedDataCache/Buckets/GlobalShaderMap/5c/8a/e7b4cebf5f75105ff20d601516bebb04cbb3.udd" 3383
"../../../Engine/DerivedDataCache/Buckets/GlobalShaderMap/1f/b4/1b0bd892a916b8b28d0f9134d9945a67bbe7.udd" 3384
"../../../Engine/DerivedDataCache/Buckets/GlobalShaderMap/7b/b3/618abb36b2c5e3723e7e7b1bbcb17c9573fb.udd" 3385
"../../../Engine/DerivedDataCache/Buckets/GlobalShaderMap/70/63/38d1a85c9bb16b6c4d6a1fe144d575339b93.udd" 3386
"../../../Engine/DerivedDataCache/Buckets/GlobalShaderMap/27/66/cc5a20547890d2480ddc0ee8884a71d36aa2.udd" 3387
"../../../Engine/DerivedDataCache/Buckets/GlobalShaderMap/3d/04/2982cba5614154b9661174e4df3a8f3f0000.udd" 3388
"../../../Engine/DerivedDataCache/Buckets/GlobalShaderMap/02/93/1bd2c4d554d1dd0fcc1d36c89d00a4080275.udd" 3389
"../../../Engine/DerivedDataCache/Buckets/GlobalShaderMap/9c/75/4c4fdbec564f42fc2ad11da15845c0fd3870.udd" 3390
"../../../Engine/DerivedDataCache/Buckets/GlobalShaderMap/68/2f/520f04ae8eedacbd74da676974cdb8bd189a.udd" 3391
"../../../Engine/DerivedDataCache/Buckets/GlobalShaderMap/25/65/1a97ad8e1cebd424f1b2492c0b3b38cf95fe.udd" 3392
"../../../Engine/DerivedDataCache/Buckets/GlobalShaderMap/eb/52/6986e766fe33ce46b117b7e25fdf65e56308.udd" 3393
"../../../Engine/DerivedDataCache/Buckets/GlobalShaderMap/39/84/81381d6a3169d3938abe8a57a6b629a189f4.udd" 3394
"../../../Engine/DerivedDataCache/Buckets/GlobalShaderMap/d2/d7/01d560425910c4b7bd102bc03dace81cf273.udd" 3395
"../../../Engine/DerivedDataCache/Buckets/GlobalShaderMap/8b/38/5fe1e3f887573f36fd6fcf6941164e3a5aed.udd" 3396
"../../../Engine/DerivedDataCache/Buckets/GlobalShaderMap/e0/0e/e98cc5e492ea69209466e9d22dca7ac7bb0b.udd" 3397
"../../../Engine/DerivedDataCache/Buckets/GlobalShaderMap/85/85/1c66d67ce69ecbaff355eb584017692f8db9.udd" 3398
"../../../Engine/DerivedDataCache/Buckets/GlobalShaderMap/02/70/64e83b6b12eee35bbf7d286589335e1cc95a.udd" 3399
"../../../Engine/DerivedDataCache/Buckets/GlobalShaderMap/77/9f/f5412650695f85cb81688f87e26aef3b9be9.udd" 3400
"../../../Engine/DerivedDataCache/Buckets/GlobalShaderMap/39/8a/d22f750b19618b49d53f1e0fcd077b89a8a8.udd" 3401
"../../../Engine/DerivedDataCache/Buckets/GlobalShaderMap/76/ce/c30926185ecf11e6521f08f455db32a89927.udd" 3402
"../../../Engine/DerivedDataCache/Buckets/GlobalShaderMap/31/d1/634189ee60ae50ceb3ea26a74c72b170ba71.udd" 3403
"../../../Engine/DerivedDataCache/Buckets/GlobalShaderMap/dc/74/e5b911f6de058af5adef6c4c83847dc822e2.udd" 3404
"../../../Engine/DerivedDataCache/Buckets/GlobalShaderMap/7b/6c/6ca66f720b3b7b7424bb306d5df1c0666f0a.udd" 3405
"../../../Engine/DerivedDataCache/Buckets/GlobalShaderMap/8b/b0/81f41eac18cbeab4c5fda16e039ab43538fc.udd" 3406
"../../../Engine/DerivedDataCache/Content/c8/a8/5d04b604f98f21ceabb36019848bf724c5bd.udd" 3407
"../../../Engine/DerivedDataCache/Buckets/GlobalShaderMap/16/65/5480d77bce928651b60793d23f3957ecd662.udd" 3408
"../../../Engine/DerivedDataCache/Buckets/GlobalShaderMap/09/56/8f7bcb7ddc6d5009cede2539d7d734d7f552.udd" 3409
"../../../Engine/DerivedDataCache/Buckets/GlobalShaderMap/d7/63/5b32f2332f4ddd5e0fc17e78cff808ce1ecb.udd" 3410
"../../../Engine/DerivedDataCache/Buckets/GlobalShaderMap/3d/d5/ea52b49a5a7c38b476201f82ca0b25a6fac2.udd" 3411
"../../../Engine/DerivedDataCache/Buckets/GlobalShaderMap/e6/4a/82a186d873d46a0221d2843431ea1b4f491e.udd" 3412
"../../../Engine/DerivedDataCache/Buckets/GlobalShaderMap/db/06/83f63c87db623703551232149a14713d9c9b.udd" 3413
"../../../Engine/DerivedDataCache/Buckets/GlobalShaderMap/5a/ab/cffca34ebe98931c5b7d222f354eee025f35.udd" 3414
"../../../Engine/DerivedDataCache/Buckets/GlobalShaderMap/f8/cc/67bc7514001548e56ff9e7f0842531a5376d.udd" 3415
"../../../Engine/DerivedDataCache/Buckets/GlobalShaderMap/71/a4/c087dd3837e6e493217d56bee7a800bcab04.udd" 3416
"../../../Engine/DerivedDataCache/Buckets/GlobalShaderMap/07/08/557c9d882cf06df56706dee2331ff62606cf.udd" 3417
"../../../Engine/DerivedDataCache/Buckets/GlobalShaderMap/f4/d8/d924d6483ef8f58d53ea2ca176e1ebd5e7da.udd" 3418
"../../../Engine/DerivedDataCache/Buckets/GlobalShaderMap/80/4a/82a5f0c2a91f865bd43b5408c6419f4bbccf.udd" 3419
"../../../Engine/DerivedDataCache/Buckets/GlobalShaderMap/3e/5e/8ecbb10475bac860d926058f0f5983905c11.udd" 3420
"../../../Engine/DerivedDataCache/Buckets/GlobalShaderMap/8e/d1/a424e788a8af9f0b975ef2242eb21f2efe7b.udd" 3421
"../../../Engine/DerivedDataCache/Buckets/GlobalShaderMap/c8/e6/2d0a89dd9551c1b5bdb73581f3f9b9635a48.udd" 3422
"../../../Engine/DerivedDataCache/Buckets/GlobalShaderMap/8f/7b/d141bfbb97c6910373ae8dfc38295910f944.udd" 3423
"../../../Engine/DerivedDataCache/Buckets/GlobalShaderMap/2e/d2/bf97b81588a32d688311d0a02343072c21b0.udd" 3424
"../../../Engine/DerivedDataCache/Buckets/GlobalShaderMap/25/f3/bfacf483274916c44575a6941370b2d22ba4.udd" 3425
"../../../Engine/DerivedDataCache/Buckets/GlobalShaderMap/ad/7d/106299934a8d14840860b0e6564e4c0218c9.udd" 3426
"../../../Engine/DerivedDataCache/Buckets/GlobalShaderMap/c9/d1/6b5490de05a27defdb38b65a1317cfb7541f.udd" 3427
"../../../Engine/DerivedDataCache/Buckets/GlobalShaderMap/81/bc/78279f21327d9cf2afd576a85771b27bea7f.udd" 3428
"../../../Engine/DerivedDataCache/Buckets/GlobalShaderMap/c7/0d/c761a794617dde133f9fee0b17567f93a09b.udd" 3429
"../../../Engine/DerivedDataCache/Buckets/GlobalShaderMap/35/b9/415048d2969bfadbfb518261229da7e95d5f.udd" 3430
"../../../Engine/DerivedDataCache/Buckets/GlobalShaderMap/09/5a/859ef0c729a6854d629298662761fd7437bf.udd" 3431
"../../../Engine/DerivedDataCache/Buckets/GlobalShaderMap/63/f7/42249a07cbb3534f3d9ebde12fb2cf506564.udd" 3432
"../../../Engine/DerivedDataCache/Buckets/GlobalShaderMap/90/df/964691ab8406d412504049bbfa246a5715a0.udd" 3433
"../../../Engine/DerivedDataCache/Buckets/GlobalShaderMap/e9/ff/5c71422c7f37669037e9410ca923bfe1d740.udd" 3434
"../../../Engine/DerivedDataCache/Buckets/GlobalShaderMap/38/8a/8525f4bc29e99e45a0f521c5d79ebd81f6d7.udd" 3435
"../../../Engine/DerivedDataCache/Buckets/GlobalShaderMap/24/98/ec94d54456e8884f0d3de4692b4cfac54b35.udd" 3436
"../../../Engine/DerivedDataCache/Buckets/GlobalShaderMap/1c/4f/430934c651b6e8cdfa32f02801c660bbd3c3.udd" 3437
"../../../Engine/DerivedDataCache/Buckets/GlobalShaderMap/7d/6e/6f2410cee9d36302276980dc2cae45757c69.udd" 3438
"../../../Engine/DerivedDataCache/Buckets/GlobalShaderMap/6c/db/7caaa0829ac6d526087cb40bdde6061c0ccb.udd" 3439
"../../../Engine/DerivedDataCache/Buckets/GlobalShaderMap/4f/69/189862460f446eabff19ed039391937d9b09.udd" 3440
"../../../Engine/DerivedDataCache/Buckets/GlobalShaderMap/0f/5c/76a089232eaf1008fdea37607954a82e6eb3.udd" 3441
"../../../Engine/DerivedDataCache/Buckets/GlobalShaderMap/58/f8/43513ed22a911a408e0153890b2e33fbd46d.udd" 3442
"../../../Engine/DerivedDataCache/Buckets/GlobalShaderMap/d1/f4/3b1f9cddc40d8426d7ccf5f68f498e1eb326.udd" 3443
"../../../Engine/DerivedDataCache/Buckets/GlobalShaderMap/4a/3a/2ea8786c98aed4d051eb2823f2ccd62417ed.udd" 3444
"../../../Engine/DerivedDataCache/Buckets/GlobalShaderMap/0b/13/47ba3c17b84fe27c1a9177224ec010860c30.udd" 3445
"../../../Engine/DerivedDataCache/Buckets/GlobalShaderMap/75/18/043a220c1523d369c2a8a409ef34d402c386.udd" 3446
"../../../Engine/DerivedDataCache/Buckets/GlobalShaderMap/56/8b/df93db04084dc2e2ef6330908f368a66c60e.udd" 3447
"../../../Engine/DerivedDataCache/Buckets/GlobalShaderMap/66/79/c93f02e312f6262f67725db91c4009c958d7.udd" 3448
"../../../Engine/DerivedDataCache/Buckets/GlobalShaderMap/f1/04/0a7746654b83876dab94d661abf70f4c05a3.udd" 3449
"../../../Engine/DerivedDataCache/Buckets/GlobalShaderMap/58/ba/2b7ecd201595c0a271705fac03f081d3b3d0.udd" 3450
"../../../Engine/DerivedDataCache/Buckets/GlobalShaderMap/23/69/b4024129558959e4e421f28f0d278fa9b167.udd" 3451
"../../../Engine/DerivedDataCache/Buckets/GlobalShaderMap/cd/5a/3e630044bb8e438d92678289c5357b613d61.udd" 3452
"../../../Engine/DerivedDataCache/Buckets/GlobalShaderMap/3c/45/2d4ed38b519ce723dfe03686fa6f903c762c.udd" 3453
"../../../Engine/DerivedDataCache/Buckets/GlobalShaderMap/63/9d/5f0e24822ea399e1f9c1ac8a0622dec667f9.udd" 3454
"../../../Engine/DerivedDataCache/Buckets/GlobalShaderMap/20/85/5bfc8547afed892a7f95fa74a4347d09a357.udd" 3455
"../../../Engine/DerivedDataCache/Buckets/GlobalShaderMap/20/43/3d374b8c1b8a32842a4832a78a413a9e5c30.udd" 3456
"../../../Engine/DerivedDataCache/Buckets/GlobalShaderMap/18/d1/b6852d6e733592b1449edd6d6acfec5efe6f.udd" 3457
"../../../Engine/DerivedDataCache/Buckets/GlobalShaderMap/e2/8a/ce71d7e8ccac75eef05dc682958362880bd5.udd" 3458
"../../../Engine/DerivedDataCache/Buckets/GlobalShaderMap/99/43/56a087963d77b2c0cb6effe5492e5fd63f70.udd" 3459
"../../../Engine/DerivedDataCache/Buckets/GlobalShaderMap/f5/e1/05af63414249f81922d649c988cf4df032bf.udd" 3460
"../../../Engine/DerivedDataCache/Buckets/GlobalShaderMap/05/96/a2f1afe912fe1c870abf4ebf90cf19a1d839.udd" 3461
"../../../Engine/DerivedDataCache/Buckets/GlobalShaderMap/96/af/dbf963d4c4d7bf24576bc90d2af74e5bfbc3.udd" 3462
"../../../Engine/DerivedDataCache/Buckets/GlobalShaderMap/f1/61/4038cc02ed2bd21ba1c6a5e28eb02374ee5f.udd" 3463
"../../../Engine/DerivedDataCache/Buckets/GlobalShaderMap/c2/53/0c91f092b9bd2dea6d2cfa3f2080f0d8ca9f.udd" 3464
"../../../Engine/DerivedDataCache/Buckets/GlobalShaderMap/dd/79/f280ed38aba810f1853c94c38f01e4c2d3a7.udd" 3465
"../../../Engine/DerivedDataCache/Buckets/GlobalShaderMap/ce/45/042e8311b455017e14e3c4b465ea076cedc2.udd" 3466
"../../../Engine/DerivedDataCache/Buckets/GlobalShaderMap/49/9e/b66e9640ec798b208cf3e4fe9341be3ff2a7.udd" 3467
"../../../Engine/DerivedDataCache/Buckets/GlobalShaderMap/b6/ad/4689f12b792970d73da3c82764bdf3a26701.udd" 3468
"../../../Engine/DerivedDataCache/Buckets/GlobalShaderMap/f5/c6/da5fab256fcc8bdd73ebc30f3fdf2f52e161.udd" 3469
"../../../Engine/DerivedDataCache/Buckets/GlobalShaderMap/37/e9/f2f2f6b63fe2b27fd0b73fa1cf59bb7829a2.udd" 3470
"../../../Engine/DerivedDataCache/Buckets/GlobalShaderMap/29/d4/9717fab8733ead6a0fdfaddd9f115eeed611.udd" 3471
"../../../Engine/DerivedDataCache/Buckets/GlobalShaderMap/f7/0f/2f397a8dc5d3760777f1639af937554344b9.udd" 3472
"../../../Engine/DerivedDataCache/Buckets/GlobalShaderMap/f0/c9/34c27924db0f19ad0dbe4caabda5271befb2.udd" 3473
"../../../Engine/DerivedDataCache/Buckets/GlobalShaderMap/f8/4d/95ce1db992290d2c520fb538a144e9eb7c0f.udd" 3474
"../../../Engine/DerivedDataCache/Buckets/GlobalShaderMap/c1/c2/6cbc40ff90b1a094aa69049c64265dfa6cb7.udd" 3475
"../../../Engine/DerivedDataCache/Buckets/GlobalShaderMap/e1/c5/9833d34aa78eb92a7ba09a21664e26217de5.udd" 3476
"../../../Engine/DerivedDataCache/Buckets/GlobalShaderMap/b6/7e/15cf8e6ecdfc17b0555d79dfb3e260c471e6.udd" 3477
"../../../Engine/DerivedDataCache/Buckets/GlobalShaderMap/ad/8b/392e8998ff4b453ff98251d4923945ffe26e.udd" 3478
"../../../Engine/DerivedDataCache/Buckets/GlobalShaderMap/c6/94/394179a48b2f67573eb546afaefff7b68931.udd" 3479
"../../../Engine/DerivedDataCache/Buckets/GlobalShaderMap/f5/c1/4fd206530b603d3b8773095962d1ebbb471b.udd" 3480
"../../../Engine/DerivedDataCache/Buckets/GlobalShaderMap/c2/75/c107f4a8c751e2040ab04388d268342a95c7.udd" 3481
"../../../Engine/DerivedDataCache/Buckets/GlobalShaderMap/61/ab/a9bca43d135f46c0376ebacaf6c56dffb01c.udd" 3482
"../../../Engine/DerivedDataCache/Buckets/GlobalShaderMap/fd/3b/6529c8c276f507fb0cca5917af103d0c30ab.udd" 3483
"../../../Engine/DerivedDataCache/Buckets/GlobalShaderMap/59/29/395a2b968bd36a79a3727c1d38dc86319c20.udd" 3484
"../../../Engine/DerivedDataCache/Buckets/GlobalShaderMap/f2/d1/7cc286eaf2a9894d967e8dd10ae2ed321ab2.udd" 3485
"../../../Engine/DerivedDataCache/Buckets/GlobalShaderMap/1b/d1/3b1ce37daed38411a6a634ac6aa955713b08.udd" 3486
"../../../Engine/DerivedDataCache/Buckets/GlobalShaderMap/bd/9e/9b901b1746562b5f26e24043e1a461f05e48.udd" 3487
"../../../Engine/DerivedDataCache/Buckets/GlobalShaderMap/ab/95/30c71ae43371edbb06e171a9db65dd384e8f.udd" 3488
"../../../Engine/DerivedDataCache/Buckets/GlobalShaderMap/f9/e0/e3afa2aeb0ebe6d5271506fe3f7cc47886f6.udd" 3489
"../../../Engine/DerivedDataCache/Buckets/GlobalShaderMap/07/d0/eef386351f03b2fac27931877a8f8686100d.udd" 3490
"../../../Engine/DerivedDataCache/Buckets/GlobalShaderMap/8b/d4/0044b4a05ef8f712ad37e2b8435875fc8257.udd" 3491
"../../../Engine/DerivedDataCache/Buckets/GlobalShaderMap/e5/53/b2175823f0018b3d291ecb8cf88328360282.udd" 3492
"../../../Engine/DerivedDataCache/Buckets/GlobalShaderMap/d4/6c/2ba5fe9db49ccb7888bc57c066bd6b6ce4ab.udd" 3493
"../../../Engine/DerivedDataCache/Buckets/GlobalShaderMap/6c/19/f2e4d75f8ca159785fdd5aeaadaf7897daa5.udd" 3494
"../../../Engine/DerivedDataCache/Buckets/GlobalShaderMap/c8/38/fc714bc58f00c312d8a549837d2fdbf60971.udd" 3495
"../../../Engine/DerivedDataCache/Buckets/GlobalShaderMap/1f/93/1bc2a785e1444a82bcf687ac8b7541b7d942.udd" 3496
"../../../Engine/DerivedDataCache/Buckets/GlobalShaderMap/79/57/2884248af6eca33fe6eddbe9955669394c7a.udd" 3497
"../../../Engine/DerivedDataCache/Buckets/GlobalShaderMap/4b/40/b553a3a5350ea85fe8fd3160e22506ae4b68.udd" 3498
"../../../Engine/DerivedDataCache/Buckets/GlobalShaderMap/d4/45/7d00a6c69d9d52366bf4ba21a0ef94c67a75.udd" 3499
"../../../Engine/DerivedDataCache/Buckets/GlobalShaderMap/22/e2/d633629341e76872ff36eecf8c20c2900545.udd" 3500
"../../../Engine/DerivedDataCache/Buckets/GlobalShaderMap/0f/65/7f65505aea7d0b3daa7af1c18665665eb01e.udd" 3501
"../../../Engine/DerivedDataCache/Buckets/GlobalShaderMap/4e/44/0858b06d474fbbcb1dfb8992ddc12bbeab3f.udd" 3502
"../../../Engine/DerivedDataCache/Buckets/GlobalShaderMap/4c/5b/0c4f75684ba9389156ebca8b5cefb6329dd0.udd" 3503
"../../../Engine/DerivedDataCache/Buckets/GlobalShaderMap/33/93/3a4927c7babed8c3ab4b77d0c2fc680dd719.udd" 3504
"../../../Engine/DerivedDataCache/Buckets/GlobalShaderMap/54/53/6d249cb781a9d225703cc5c221e0a5b7356b.udd" 3505
"../../../Engine/DerivedDataCache/Buckets/GlobalShaderMap/c1/38/312248f27ca24d53750e21f28c3b09771ec6.udd" 3506
"../../../Engine/DerivedDataCache/Buckets/GlobalShaderMap/dc/05/8e643ad43e692664666f0e20c0b7812e4f49.udd" 3507
"../../../Engine/DerivedDataCache/Buckets/GlobalShaderMap/5d/9f/92625324646c068754f595e058975eae8cb6.udd" 3508
"../../../Engine/DerivedDataCache/Buckets/GlobalShaderMap/67/fc/68a90e75d3e660f8b3434e09f90ddabe1b29.udd" 3509
"../../../Engine/DerivedDataCache/Buckets/GlobalShaderMap/71/57/958cf9f99fbeb645703c3b6eb6ff301d6c88.udd" 3510
"../../../Engine/DerivedDataCache/Buckets/GlobalShaderMap/1d/90/85c42566b88c4db5ece05d11099d12e2ad08.udd" 3511
"../../../Engine/DerivedDataCache/Buckets/GlobalShaderMap/70/70/5201ecc7a7f35d682088654a496146c7cdcc.udd" 3512
"../../../Engine/DerivedDataCache/Buckets/GlobalShaderMap/99/f6/8e943e6a7ad4130ca7fe9fe7fe9b151b3bb7.udd" 3513
"../../../Engine/DerivedDataCache/Buckets/GlobalShaderMap/25/fb/24ebd79a22ea1c29217bdcc9d07a7b7eb4b6.udd" 3514
"../../../Engine/DerivedDataCache/Buckets/GlobalShaderMap/82/9c/feadd92b8f971d1c7bf35a5a278593bd8787.udd" 3515
"../../../Engine/DerivedDataCache/Buckets/GlobalShaderMap/3b/11/21991136cf69cf939e5c01995bf07667a9df.udd" 3516
"../../../Engine/DerivedDataCache/Buckets/GlobalShaderMap/fb/c7/db1dcb83eb05ecffd1b2fd475f9e511ad1ca.udd" 3517
"../../../Engine/DerivedDataCache/Buckets/GlobalShaderMap/df/eb/b83995b7876732d33201f65b4810ddfff566.udd" 3518
"../../../Engine/DerivedDataCache/Buckets/GlobalShaderMap/55/01/18a5c3c9d22eaee7216056937945619c4975.udd" 3519
"../../../Engine/DerivedDataCache/Buckets/GlobalShaderMap/05/4c/1572684d30391686e7c0fcc5559bdbb3cf64.udd" 3520
"../../../Engine/DerivedDataCache/Buckets/GlobalShaderMap/4d/7e/f4d48ca625ae45ba47451646fb4d1e44c65a.udd" 3521
"../../../Engine/DerivedDataCache/Buckets/GlobalShaderMap/07/0c/30d546dd13d911aadaa7c4ff6d253a1bcab0.udd" 3522
"../../../Engine/DerivedDataCache/Buckets/GlobalShaderMap/f3/39/f493cfa0bd7fdb2f349e3b34708a004a5d99.udd" 3523
"../../../Engine/DerivedDataCache/Buckets/GlobalShaderMap/1b/6b/3cf0f3790701201f7d80f7e1d10004141fa0.udd" 3524
"../../../Engine/DerivedDataCache/Buckets/GlobalShaderMap/cd/30/3432412e4f59fa6982c0c0424bd88d97645e.udd" 3525
"../../../Engine/DerivedDataCache/Buckets/GlobalShaderMap/65/22/f398136672aeb73b67a935e3af209ab654b3.udd" 3526
"../../../Engine/DerivedDataCache/Buckets/GlobalShaderMap/ea/da/9524ac02501dddc67f82e67d60a9b0d5736a.udd" 3527
"../../../Engine/DerivedDataCache/Buckets/GlobalShaderMap/14/fe/eb435b8eaca47526d3ed815ea0f902a6b0d2.udd" 3528
"../../../Engine/DerivedDataCache/Buckets/GlobalShaderMap/6f/58/5a0861abac6bce13cd64b5bea2b26e0aaddc.udd" 3529
"../../../Engine/DerivedDataCache/Buckets/GlobalShaderMap/2c/3d/c9a7d8983cfcbf912c02cb24975bd8c4ffd1.udd" 3530
"../../../Engine/DerivedDataCache/Buckets/GlobalShaderMap/d9/ce/de2b26686033864127f8d7c928e572baa3b3.udd" 3531
"../../../Engine/DerivedDataCache/Buckets/GlobalShaderMap/bf/ff/ade71909c702d5fd6b77634e7862b9b0ad1a.udd" 3532
"../../../Engine/DerivedDataCache/Buckets/GlobalShaderMap/0f/16/6811752dcd120139a09724de9159a70e76a4.udd" 3533
"../../../Engine/DerivedDataCache/Buckets/GlobalShaderMap/4f/fc/cc87fb1d5014bfb97726e438f3537c766cf7.udd" 3534
"../../../Engine/DerivedDataCache/Buckets/GlobalShaderMap/4b/3b/ea015c3a9093899ad099c068d1b96776ceeb.udd" 3535
"../../../Engine/DerivedDataCache/Buckets/GlobalShaderMap/0d/56/46739a6faba46284ae585adff86c7c05d537.udd" 3536
"../../../Engine/DerivedDataCache/Buckets/GlobalShaderMap/ef/ec/1505878a2dc8a2e6213429259546350518ec.udd" 3537
"../../../Engine/DerivedDataCache/Buckets/GlobalShaderMap/a2/d3/524ab92724dc2767d0729b214e8204e1128d.udd" 3538
"../../../Engine/DerivedDataCache/Buckets/GlobalShaderMap/3a/fa/8a5f9fb46c8b2a58e3afccadcefc0711fb3b.udd" 3539
"../../../Engine/DerivedDataCache/Buckets/GlobalShaderMap/2b/49/99a358d250f04f52f52d80113e3456e1448c.udd" 3540
"../../../Engine/DerivedDataCache/Buckets/GlobalShaderMap/2d/64/1327ab3f75588878961326848f1144a29f48.udd" 3541
"../../../Engine/DerivedDataCache/Buckets/GlobalShaderMap/27/d2/aa067a4c012e1fa369558a73792d31965d51.udd" 3542
"../../../Engine/DerivedDataCache/Buckets/GlobalShaderMap/85/75/a1ca215d27863ac5d70250882894f25421f4.udd" 3543
"../../../Engine/DerivedDataCache/Buckets/GlobalShaderMap/07/8a/b32e33ec5629ae2bfae68e0f88b5571ae574.udd" 3544
"../../../Engine/DerivedDataCache/Buckets/GlobalShaderMap/c2/2c/e5e00b702ff3f3d534a0868fd175b9b3f541.udd" 3545
"../../../Engine/DerivedDataCache/Buckets/GlobalShaderMap/6b/6d/7ae528911fc3ecc1e16b516846bc26a63fc2.udd" 3546
"../../../Engine/DerivedDataCache/Buckets/GlobalShaderMap/7f/76/a5b9091f6207c8eefa7f16bc3ee53f599ddd.udd" 3547
"../../../Engine/DerivedDataCache/Buckets/GlobalShaderMap/b2/d8/94cef16f987df439640f7e218e495446f68e.udd" 3548
"../../../Engine/DerivedDataCache/Buckets/GlobalShaderMap/80/ad/5396d38d9bfb42b74b294dcde53677028443.udd" 3549
"../../../Engine/DerivedDataCache/Buckets/GlobalShaderMap/b8/85/acbf37ee5b8d53a8d7493076c57983bbc426.udd" 3550
"../../../Engine/DerivedDataCache/Buckets/GlobalShaderMap/78/69/0333c0d445ddb49da52fe436606e207f0cde.udd" 3551
"../../../Engine/DerivedDataCache/Buckets/GlobalShaderMap/11/cc/99cf383b6fdf2d7f665af2e0e302190062bc.udd" 3552
"../../../Engine/DerivedDataCache/Buckets/GlobalShaderMap/f1/9c/72374fc53efaf5bf94cfbd5d471fd8e2682c.udd" 3553
"../../../Engine/DerivedDataCache/Buckets/GlobalShaderMap/73/b2/4f24a3c367b09bfd72aa8b1dca524fbb56d4.udd" 3554
"../../../Engine/DerivedDataCache/Buckets/GlobalShaderMap/04/22/367881e58be4956e86606067113f5296923c.udd" 3555
"../../../Engine/DerivedDataCache/Buckets/GlobalShaderMap/5e/6d/d169a129a420b8cdd495354a0c3c2eb2117d.udd" 3556
"../../../Engine/DerivedDataCache/Buckets/GlobalShaderMap/d0/a8/2b5d4c382940048a49638ffaae8638dd394a.udd" 3557
"../../../Engine/DerivedDataCache/Buckets/GlobalShaderMap/a7/9c/9d57ef8b5bc46d423b66b740412663fd1a15.udd" 3558
"../../../Engine/DerivedDataCache/Buckets/GlobalShaderMap/36/4e/721cd47ba2e9f44ec108df3cf1039d351a8a.udd" 3559
"../../../Engine/DerivedDataCache/Buckets/GlobalShaderMap/a8/75/30a8c766a4292ef2c22251bcd7664180e2e9.udd" 3560
"../../../Engine/DerivedDataCache/Buckets/GlobalShaderMap/e7/40/7a966bf601edf1933e1c0ba262efc9bc4146.udd" 3561
"../../../Engine/DerivedDataCache/Buckets/GlobalShaderMap/7c/e2/cb5a99e36388e1800d4e9741e7d51b299e04.udd" 3562
"../../../Engine/DerivedDataCache/Buckets/GlobalShaderMap/35/89/bd5ef582840139e73ecf308296c891e6b39a.udd" 3563
"../../../Engine/DerivedDataCache/Buckets/GlobalShaderMap/3b/96/4f2fb19b086e47a59b06379eb12fe939b1af.udd" 3564
"../../../Engine/DerivedDataCache/Buckets/GlobalShaderMap/ca/ef/0ff89d7d66e8a3c2e36d4b3ea8d3582beac5.udd" 3565
"../../../Engine/DerivedDataCache/Buckets/GlobalShaderMap/e7/01/8b852619dd76285952b0020e5d8b06066685.udd" 3566
"../../../Engine/DerivedDataCache/Buckets/GlobalShaderMap/41/fb/dfe97cb704354d75638068725245ea114a18.udd" 3567
"../../../Engine/DerivedDataCache/Buckets/GlobalShaderMap/fb/be/4093cd0f140b9227d0f3f71b5f07854ff9dd.udd" 3568
"../../../Engine/DerivedDataCache/Buckets/GlobalShaderMap/4b/48/fdf74634d4998be9402e00cb9f3227f85e86.udd" 3569
"../../../Engine/DerivedDataCache/Buckets/GlobalShaderMap/47/a4/f00d660d852fd2bbee4aa8c6178dda67e238.udd" 3570
"../../../Engine/DerivedDataCache/Buckets/GlobalShaderMap/98/ec/9fceef0a3c1f710475658096dc3023f3b076.udd" 3571
"../../../Engine/DerivedDataCache/Buckets/GlobalShaderMap/2f/91/6b73f8eed6d3a1e1ba13218cd5d610f8b484.udd" 3572
"../../../Engine/DerivedDataCache/Buckets/GlobalShaderMap/d8/b5/7d57243b7d082628c57cef59cdef95db87a8.udd" 3573
"../../../Engine/DerivedDataCache/Buckets/GlobalShaderMap/c1/14/666c7b80a0039739ee1f4697761fe2f0f17d.udd" 3574
"../../../Engine/DerivedDataCache/Buckets/GlobalShaderMap/91/b8/cbd46b806040d3eb9c67b1a245ac36c3de48.udd" 3575
"../../../Engine/DerivedDataCache/Buckets/GlobalShaderMap/5e/46/878d26cf4cc07600d1f6556507a71aa89936.udd" 3576
"../../../Engine/DerivedDataCache/Buckets/GlobalShaderMap/95/b1/6e2c4b8188999613ff04bf0571b6e08bf8c7.udd" 3577
"../../../Engine/DerivedDataCache/Buckets/GlobalShaderMap/7e/ae/6c07c99217837c3fcc3cc42a0c0fa9b25bc3.udd" 3578
"../../../Engine/DerivedDataCache/Buckets/GlobalShaderMap/02/37/4995799536f1f47afe9cfbcf3d0989e4fd19.udd" 3579
"../../../Engine/DerivedDataCache/Buckets/GlobalShaderMap/c5/24/a27a70905ca0f82b46d95817e1c0006fb1fe.udd" 3580
"../../../Engine/DerivedDataCache/Buckets/GlobalShaderMap/7a/9f/87bf64e5402fab430d426b030caac4d29935.udd" 3581
"../../../Engine/DerivedDataCache/Buckets/GlobalShaderMap/9c/2a/11602d432f73a6d930d456cfae4c686aa965.udd" 3582
"../../../Engine/DerivedDataCache/Buckets/GlobalShaderMap/df/30/f9e4b0e7bedd1f4b2883425908ca9b7f63a6.udd" 3583
"../../../Engine/DerivedDataCache/Buckets/GlobalShaderMap/95/bb/b40cd12849cc3264d0c9bf1555e027663227.udd" 3584
"../../../Engine/DerivedDataCache/Buckets/GlobalShaderMap/64/ae/bda82cdf219227a1dc57b8f1757f8b24f96e.udd" 3585
"../../../Engine/DerivedDataCache/Buckets/GlobalShaderMap/12/ae/5263818e36abaeec48a3567e1747a594a1bd.udd" 3586
"../../../Engine/DerivedDataCache/Buckets/GlobalShaderMap/48/0f/dca8e0c8473c060fb007a6e7f1e15903ed32.udd" 3587
"../../../Engine/DerivedDataCache/Buckets/GlobalShaderMap/0e/91/4e9b8239b5e8d4c20fd56c3c1926b7d3feed.udd" 3588
"../../../Engine/DerivedDataCache/Buckets/GlobalShaderMap/da/6b/f1ec63a8f6d545f8a13bafed0bdec0cac516.udd" 3589
"../../../Engine/DerivedDataCache/Buckets/GlobalShaderMap/37/56/6f66a5d749dadd292cb2b7d964c89938c047.udd" 3590
"../../../Engine/DerivedDataCache/Buckets/GlobalShaderMap/af/f1/aa5c7a529f05fc57453bb6c22b0172c1f813.udd" 3591
"../../../Engine/DerivedDataCache/Buckets/GlobalShaderMap/1b/20/c74e911bf11afa486d783bce25c92bc5731f.udd" 3592
"../../../Engine/DerivedDataCache/Buckets/GlobalShaderMap/7e/93/d220a0c440f18351755a2db7229e4fe16908.udd" 3593
"../../../Engine/DerivedDataCache/Buckets/GlobalShaderMap/e4/fe/79d3cb01f6c29eb0f2256960fd2c6222e8b9.udd" 3594
"../../../Engine/DerivedDataCache/Buckets/GlobalShaderMap/cd/4b/2f197e4cb13ed0fca3cb2dfab281f4ccb6a6.udd" 3595
"../../../Engine/DerivedDataCache/Buckets/GlobalShaderMap/d7/ff/eedfeed2234c3ba088191eb90723a0336b72.udd" 3596
"../../../Engine/DerivedDataCache/Buckets/GlobalShaderMap/f9/71/8a84cc20fe513ec0e3b63796cf780ab0ad2c.udd" 3597
"../../../Engine/DerivedDataCache/Buckets/GlobalShaderMap/97/01/6b85b5dc4699e37e99f41fc8121550b210af.udd" 3598
"../../../Engine/DerivedDataCache/Buckets/GlobalShaderMap/38/b4/610dd5c9884ae2cd19eda1be9de5e12c1bb7.udd" 3599
"../../../Engine/DerivedDataCache/Buckets/GlobalShaderMap/f8/3e/71e53e8bf6082d1a73c36df51b8505a236c9.udd" 3600
"../../../Engine/DerivedDataCache/Buckets/GlobalShaderMap/02/69/e4c4dd1ae8d33555be57f8a497930a5b7a6c.udd" 3601
"../../../Engine/DerivedDataCache/Buckets/GlobalShaderMap/38/3d/6b2b052a0a1f1925de0692458b7a55dcecfe.udd" 3602
"../../../Engine/DerivedDataCache/Buckets/GlobalShaderMap/5b/cf/c99f8c8cb6a3f721357eb54b209b2549ced8.udd" 3603
"../../../Engine/DerivedDataCache/Buckets/GlobalShaderMap/0e/23/88d602334615d3331d1833b519a1255e5e28.udd" 3604
"../../../Engine/DerivedDataCache/Buckets/GlobalShaderMap/89/b5/67fb9f580a0f32905a35af6ef9b3e84ae583.udd" 3605
"../../../Engine/DerivedDataCache/Buckets/GlobalShaderMap/b1/b2/9d688248cfc093b5b5e0e03b7bc18f353591.udd" 3606
"../../../Engine/DerivedDataCache/Buckets/GlobalShaderMap/d8/d9/7b63182e715bb47ae7bef5480efbf3957bca.udd" 3607
"../../../Engine/DerivedDataCache/Buckets/GlobalShaderMap/1a/5d/31c0361d5678b4fd6303d3087a4e1ee1db3e.udd" 3608
"../../../Engine/DerivedDataCache/Buckets/GlobalShaderMap/55/62/3c9c138efdaa41ca533f653c38b5fce4bd82.udd" 3609
"../../../Engine/DerivedDataCache/Buckets/GlobalShaderMap/13/93/1afbe522be2645071131bab91accc5d5eea8.udd" 3610
"../../../Engine/DerivedDataCache/Buckets/GlobalShaderMap/4f/fe/6974da34c5b8b7a9be6304ffd36e304f3794.udd" 3611
"../../../Engine/DerivedDataCache/Buckets/GlobalShaderMap/88/cf/4a9087fe9c6dd869d3680602143f914c3d00.udd" 3612
"../../../Engine/DerivedDataCache/Buckets/GlobalShaderMap/66/0d/3606fc6761ccfc02b7adb132d0d9e462bffc.udd" 3613
"../../../Engine/DerivedDataCache/Buckets/GlobalShaderMap/58/03/77f5484a533a41e8e43a2efc5fdc82d257a2.udd" 3614
"../../../Engine/DerivedDataCache/Buckets/GlobalShaderMap/35/b3/7f6d82570fe8cc418c6c703f24e444591159.udd" 3615
"../../../Engine/DerivedDataCache/Buckets/GlobalShaderMap/f7/4e/a60779bfeaaf1844449a0914ac24c3ea038a.udd" 3616
"../../../Engine/DerivedDataCache/Buckets/GlobalShaderMap/af/f7/840005b31bb05bdc53c2c947ee5fe957e201.udd" 3617
"../../../Engine/DerivedDataCache/Buckets/GlobalShaderMap/de/7e/d32ff1f8f896db04b60970ec06a3a1e3c0a2.udd" 3618
"../../../Engine/DerivedDataCache/Buckets/GlobalShaderMap/63/a2/53ab84459139696b79f28c81be6f2607e7df.udd" 3619
"../../../Engine/DerivedDataCache/Buckets/GlobalShaderMap/cf/d8/f10899456c0483f874ae24d2483dfdb2735c.udd" 3620
"../../../Engine/DerivedDataCache/Buckets/GlobalShaderMap/2c/35/1a508a9b2327424b50d304d0a25b3b3f92fd.udd" 3621
"../../../Engine/DerivedDataCache/Buckets/GlobalShaderMap/bd/01/16d5d599bd6dc78e3d43541b0f30878aef3f.udd" 3622
"../../../Engine/DerivedDataCache/Buckets/GlobalShaderMap/c3/dc/9cb688e730d58b645e9e79b863decfe28041.udd" 3623
"../../../Engine/DerivedDataCache/Buckets/GlobalShaderMap/90/93/e812e70f0ef0afb7384922654ad37beafce8.udd" 3624
"../../../Engine/DerivedDataCache/Buckets/GlobalShaderMap/00/0e/a6fda50861f3093863faad22056d89ce2897.udd" 3625
"../../../Engine/DerivedDataCache/Buckets/GlobalShaderMap/8f/06/52bbb9aed4ff41b2aff6c3e573d6d8e9e278.udd" 3626
"../../../Engine/DerivedDataCache/Buckets/GlobalShaderMap/b3/3b/4d3c5d69d2cbd17d817a0cdba571fe38c094.udd" 3627
"../../../Engine/DerivedDataCache/Buckets/GlobalShaderMap/14/9d/d4833e2ef659810162d0bc4e540c8cdf5d7a.udd" 3628
"../../../Engine/DerivedDataCache/Buckets/GlobalShaderMap/f9/ea/c934bbbbfb1ee5669ee498c6232a62a2cb03.udd" 3629
"../../../Engine/DerivedDataCache/Buckets/GlobalShaderMap/c2/81/5aa42a36b9483be7a2d60df94d1244c15f36.udd" 3630
"../../../Engine/DerivedDataCache/Buckets/GlobalShaderMap/6c/aa/1353bfb47b03a8d853c77d64288e7bb7c547.udd" 3631
"../../../Engine/DerivedDataCache/Buckets/GlobalShaderMap/d0/51/96efcc9da27ce66dae618797d5518eaee0b8.udd" 3632
"../../../Engine/DerivedDataCache/Buckets/GlobalShaderMap/1f/5d/2d7b48d8512115f2411393518627336cde4f.udd" 3633
"../../../Engine/Content/EngineMaterials/STBlueNoise_vec2_128x128x64.uasset" 3634
"../../../Engine/Content/EngineDebugMaterials/DebugEditorMaterial.uasset" 3635
"../../../Engine/Content/EditorResources/BSPVertex.uasset" 3636
"../../../Engine/Content/EngineMaterials/STBlueNoise_scalar_128x128x64.uasset" 3637
"../../../Engine/Content/EngineSounds/Master.uasset" 3638
"../../../Engine/Content/EngineMaterials/DefaultBloomKernel.uasset" 3639
"../../../Engine/Plugins/Interchange/Runtime/Content/Pipelines/DefaultMaterialPipeline.uasset" 3640
"../../../Engine/Plugins/Interchange/Runtime/Content/Pipelines/DefaultSceneLevelPipeline.uasset" 3641
"../../../Engine/Plugins/Interchange/Runtime/Content/Pipelines/DefaultAssetsPipeline.uasset" 3642
"../../../Engine/Plugins/Interchange/Runtime/Content/Pipelines/DefaultSceneAssetsPipeline.uasset" 3643
"../../../Engine/Content/EngineSounds/Submixes/MasterReverbEffectPreset.uasset" 3644
"../../../Engine/Content/EngineSounds/Submixes/MasterEQEffectPreset.uasset" 3645
"../../../Engine/Plugins/Interchange/Runtime/Content/Pipelines/DefaultTexturePipeline.uasset" 3646
"../../../Engine/Content/EditorMaterials/PreviewShadowIndicator.uasset" 3647
"../../../Engine/Content/EngineResources/FilmGrains/Marcie_Grain_v3_128_M2_000.uasset" 3648
"../../../Engine/Content/EngineMaterials/PPM_DefaultCalibrationGrayscale.uasset" 3649
"../../../Engine/Plugins/Animation/ControlRig/Content/Controls/ControlRigGizmoMaterial.uasset" 3650
"../../../Engine/Content/EngineMaterials/PPM_DefaultCalibrationColor.uasset" 3651
"D:/Unreal/LostWaves/Content/Texture/T_Popup_Bg.uasset" 3652
"../../../Engine/Content/MobileResources/HUD/DefaultVirtualJoysticks.uasset" 3653
"D:/Unreal/LostWaves/Content/Texture/T_Btn_On.uasset" 3654
"D:/Unreal/LostWaves/Content/Texture/T_Guest_Logo.uasset" 3655
"D:/Unreal/LostWaves/Content/Texture/T_Logo_Big.uasset" 3656
"../../../Engine/Content/EngineMaterials/DefaultCalibrationGrayscale.uasset" 3657
"../../../Engine/Content/EditorMaterials/PreviewShadowIndicatorMaterial.uasset" 3658
"D:/Unreal/LostWaves/Content/Texture/T_Btn_Off.uasset" 3659
"D:/Unreal/LostWaves/Content/Texture/T_Google_Logo.uasset" 3660
"../../../Engine/Content/MobileResources/HUD/VirtualJoystick_Background.uasset" 3661
"D:/Unreal/LostWaves/Content/Font/Pretendard-Regular.uasset" 3662
"../../../Engine/Content/MobileResources/HUD/VirtualJoystick_Thumb.uasset" 3663
"D:/Unreal/LostWaves/Content/Texture/T_Login_BG.uasset" 3664
"../../../Engine/Content/EngineMaterials/DefaultCalibrationColor.uasset" 3665
"../../../Engine/DerivedDataCache/Buckets/BulkDataList/ef/9a/eb13f44e9e5655478f0c811687545585bff6.udd" 3666
"../../../Engine/DerivedDataCache/Buckets/BulkDataList/c8/4e/cccca411d86ec1735d8d80699eef8a5899b0.udd" 3667
"D:/Unreal/LostWaves/Content/Font/Pretendard-Regular_Font.uasset" 3668
"../../../Engine/Plugins/Animation/ControlRig/Content/Controls/ControlRig_Wedge_solid.uasset" 3669
"../../../Engine/Plugins/Animation/ControlRig/Content/Controls/ControlRig_Wedge_3mm.uasset" 3670
"../../../Engine/DerivedDataCache/Buckets/BulkDataList/bf/e1/60607352720e41539b529228a0ab4efe258f.udd" 3671
"../../../Engine/Plugins/Animation/ControlRig/Content/Controls/ControlRig_Wedge_1mm.uasset" 3672
"../../../Engine/DerivedDataCache/Buckets/BulkDataList/b3/27/8d168daa09a2a6cf537da10c7e676c42b2c0.udd" 3673
"../../../Engine/Plugins/Animation/ControlRig/Content/Controls/ControlRig_Triangle_solid.uasset" 3674
"../../../Engine/Plugins/Animation/ControlRig/Content/Controls/ControlRig_Triangle_3mm.uasset" 3675
"../../../Engine/Plugins/Animation/ControlRig/Content/Controls/ControlRig_Triangle_1mm.uasset" 3676
"../../../Engine/Plugins/Animation/ControlRig/Content/Controls/ControlRig_Star4_solid.uasset" 3677
"../../../Engine/Plugins/Animation/ControlRig/Content/Controls/ControlRig_Star4_3mm.uasset" 3678
"../../../Engine/Plugins/Animation/ControlRig/Content/Controls/ControlRig_Star4_1mm.uasset" 3679
"../../../Engine/DerivedDataCache/Buckets/BulkDataList/3a/a9/49fb10c62c14d4eb33259f7df19cd5ade686.udd" 3680
"../../../Engine/Plugins/Animation/ControlRig/Content/Controls/ControlRig_Square_solid.uasset" 3681
"../../../Engine/Plugins/Animation/ControlRig/Content/Controls/ControlRig_Square_3mm.uasset" 3682
"../../../Engine/Plugins/Animation/ControlRig/Content/Controls/ControlRig_Square_1mm.uasset" 3683
"../../../Engine/DerivedDataCache/Buckets/MaterialShaderMap/8f/e2/4f3320ebfb13946a9801c2fec81522c2f7a3.udd" 3684
"../../../Engine/DerivedDataCache/Buckets/MaterialShaderMap/fa/c9/da56f71cc3f325bfcfef45107ebc37881d7b.udd" 3685
"../../../Engine/DerivedDataCache/Buckets/LegacyTEXTURE/d0/d8/47c8d9d87d62fbc1784f7c28fb92c5599bcf.udd" 3686
"../../../Engine/DerivedDataCache/Buckets/LegacyTEXTURE/bc/13/6f6a05c90441349004c011c99767ea2076ea.udd" 3687
"../../../Engine/DerivedDataCache/Content/d3/a2/ee67e048c833281484c6851f06607cf1088c.udd" 3688
"../../../Engine/DerivedDataCache/Content/34/69/b9f002c8ca7814c037e32b3339cc1e0dcca6.udd" 3689
"../../../Engine/DerivedDataCache/Buckets/LegacyTEXTURE/0c/3c/6208f9b32ea7b370a172b53e7a59b3557d24.udd" 3690
"../../../Engine/DerivedDataCache/Buckets/LegacyTEXTURE/38/4a/ce291e28cc8622cf8057ee7b154d150c1d80.udd" 3691
"../../../Engine/DerivedDataCache/Buckets/LegacyTEXTURE/04/c5/79ed8cd89660ef4a98dfcc085bf16c0de661.udd" 3692
"../../../Engine/DerivedDataCache/Buckets/LegacyTEXTURE/33/5a/c34416b22b27c405c2b634a84d177f3bc227.udd" 3693
"../../../Engine/DerivedDataCache/Content/73/a6/7052eb0b6b615bbcc8cc1e667bf4449b918f.udd" 3694
"../../../Engine/DerivedDataCache/Buckets/LegacyTEXTURE/89/b8/64728f0ca0c2bedf8576c98708bc2e4a5e8c.udd" 3695
"../../../Engine/DerivedDataCache/Buckets/LegacyTEXTURE/ff/1b/e8f9b9c36d76b511b83d471c3ebca675df89.udd" 3696
"../../../Engine/DerivedDataCache/Buckets/LegacyTEXTURE/4d/2d/253ad70182862907c08ac084344128edaf28.udd" 3697
"../../../Engine/DerivedDataCache/Buckets/LegacyTEXTURE/a2/28/4bdf430e95a0f8d7c37c4bc0e5d3c43e4d90.udd" 3698
"../../../Engine/DerivedDataCache/Buckets/LegacyTEXTURE/fe/52/013f3577fdfe921292622e0b5d6183e05e85.udd" 3699
"../../../Engine/DerivedDataCache/Buckets/MaterialShaderMap/b5/5d/de699a5e953e442fa6ce668fa01614adbbdf.udd" 3700
"../../../Engine/DerivedDataCache/Buckets/MaterialShaderMap/90/51/275550878ee7c88c7b44528e3d05c9a5305d.udd" 3701
"../../../Engine/DerivedDataCache/Buckets/LegacyTEXTURE/f1/9e/bf82a7cccd2880e0945864c025a4e5a4be09.udd" 3702
"../../../Engine/DerivedDataCache/Buckets/MaterialShaderMap/d1/0f/ac42f4bad5c63e1ab89603b0dddc07e6b180.udd" 3703
"../../../Engine/DerivedDataCache/Buckets/MaterialShaderMap/03/d7/bbb2ecc7fb3b3d96f824d0fa5546619d7ff3.udd" 3704
"../../../Engine/DerivedDataCache/Buckets/MaterialShaderMap/13/42/ed011ca5e4cdddf69d52a5053c5363e11775.udd" 3705
"../../../Engine/DerivedDataCache/Buckets/LegacyTEXTURE/17/03/eaff6fe38954246e415e2bfe446d94bd2045.udd" 3706
"../../../Engine/DerivedDataCache/Buckets/MaterialShaderMap/4e/e6/ab0aaf5980569e8b87f428176e1a7582c991.udd" 3707
"../../../Engine/DerivedDataCache/Buckets/LegacyTEXTURE/a2/47/0968fddd7aadb446584c515d9128d2474442.udd" 3708
"../../../Engine/DerivedDataCache/Buckets/LegacyTEXTURE/e9/29/9bebc290837544c1a41431a0635e1336cbd9.udd" 3709
"../../../Engine/DerivedDataCache/Buckets/LegacyTEXTURE/28/d8/efe1bd00b616c5029d3728fd2b21e8870d93.udd" 3710
"../../../Engine/DerivedDataCache/Buckets/LegacyTEXTURE/6a/52/8e76e2d099cf27560d57d07e80429616c4da.udd" 3711
"../../../Engine/DerivedDataCache/Buckets/LegacyTEXTURE/c8/63/97eae5c2e6bfd776aa0606d779ec8cb5cea4.udd" 3712
"../../../Engine/DerivedDataCache/Buckets/LegacyTEXTURE/af/f4/172dfbfa0a8cc4cb895a2926cfb3e84e24b6.udd" 3713
"../../../Engine/DerivedDataCache/Buckets/LegacyTEXTURE/7c/0f/65ab8e99a2bceade34d54640bd7a1cbf5e7a.udd" 3714
"../../../Engine/DerivedDataCache/Buckets/LegacyTEXTURE/36/fb/3b65ca9e1d24e8970cdd51196b8277724215.udd" 3715
"../../../Engine/DerivedDataCache/Buckets/LegacyTEXTURE/3a/47/7794303b8ed2e0f00ddbdc8ba315a07bd16d.udd" 3716
"../../../Engine/DerivedDataCache/Buckets/LegacyTEXTURE/31/0f/312d638fd8f0704e9628a411fa7830f1d198.udd" 3717
"../../../Engine/DerivedDataCache/Buckets/LegacyTEXTURE/b2/bc/6537e90782daf55b26391bf66a787277d899.udd" 3718
"../../../Engine/DerivedDataCache/Buckets/LegacyTEXTURE/12/74/47e44cc3942fd997580b1282a6e67e11c5d5.udd" 3719
"../../../Engine/DerivedDataCache/Buckets/LegacyTEXTURE/d8/6c/76e249ac0b5718184545f247f15e96eac117.udd" 3720
"../../../Engine/DerivedDataCache/Buckets/LegacyTEXTURE/a3/b6/8dca5a9e866558a2a2d39a3b5f4d9912e4ed.udd" 3721
"../../../Engine/DerivedDataCache/Buckets/LegacyTEXTURE/51/cb/3bacb37f2c347bd0f54c169027d2ddcffde3.udd" 3722
"../../../Engine/DerivedDataCache/Buckets/LegacyTEXTURE/e5/12/b054240c649ac737014356b105e6bc397cde.udd" 3723
"../../../Engine/DerivedDataCache/Buckets/LegacyTEXTURE/12/e2/feb07036e994fd37065154054417bd0ad832.udd" 3724
"../../../Engine/DerivedDataCache/Buckets/LegacyTEXTURE/dd/e8/61f1766b7864ef987b50dceb24f8ff87e4e1.udd" 3725
"../../../Engine/DerivedDataCache/Buckets/LegacyTEXTURE/c7/0e/abc343645d259f5132b4ac820494936cad41.udd" 3726
"../../../Engine/DerivedDataCache/Buckets/LegacyTEXTURE/78/54/81a80e5e47decb1c9481c0019b5934cc1b4b.udd" 3727
"../../../Engine/DerivedDataCache/Buckets/LegacyTEXTURE/41/9f/0d3c06dee9ceed8289baec173bc0327f5457.udd" 3728
"../../../Engine/DerivedDataCache/Buckets/LegacyTEXTURE/10/25/93fa178deea3a950557ecfa4693f49d68a31.udd" 3729
"../../../Engine/DerivedDataCache/Buckets/LegacyTEXTURE/34/66/282fbb8fa2fca21804d70e3a03380836c2ba.udd" 3730
"../../../Engine/DerivedDataCache/Buckets/LegacyTEXTURE/c2/4b/1c1342dad230b103d7f3d39a0a2dc3a71f5f.udd" 3731
"../../../Engine/DerivedDataCache/Buckets/LegacyTEXTURE/aa/77/9b3a06568e4d821529b87051b30775d5ca60.udd" 3732
"../../../Engine/DerivedDataCache/Buckets/LegacyTEXTURE/e6/c6/d815ccf593c60bb35760abde77cebddfd0ed.udd" 3733
"../../../Engine/DerivedDataCache/Buckets/LegacyTEXTURE/76/07/9689fc551e808d5a5324e6d63781dc7044b2.udd" 3734
"../../../Engine/DerivedDataCache/Buckets/LegacyTEXTURE/ee/58/5a15bb8f66af357e19b057e6b0698fbc0d0c.udd" 3735
"../../../Engine/DerivedDataCache/Buckets/LegacyTEXTURE/fe/02/1795fbccc4d57844d059f258353288c2c683.udd" 3736
"../../../Engine/DerivedDataCache/Buckets/LegacyTEXTURE/a3/5d/41f68d37ecf25fa79480618fe6f6d31f478c.udd" 3737
"../../../Engine/DerivedDataCache/Buckets/LegacyTEXTURE/94/ea/ef6d28fe57ece74cb386f62b170f3dbe70c6.udd" 3738
"../../../Engine/DerivedDataCache/Buckets/LegacyTEXTURE/80/7c/23ebbc75aa9c20892861b1ef0fac75d8244f.udd" 3739
"../../../Engine/DerivedDataCache/Buckets/LegacyTEXTURE/aa/09/4c1dfc742aaa123d525fadac56efbf9d4a43.udd" 3740
"../../../Engine/DerivedDataCache/Buckets/LegacyTEXTURE/81/6a/71f7a7cf59886384a25a264da0be7c6aa16b.udd" 3741
"../../../Engine/DerivedDataCache/Buckets/LegacyTEXTURE/29/3d/a038bcdda3a3ce5cc776cf5478211bf032df.udd" 3742
"../../../Engine/DerivedDataCache/Buckets/MaterialShaderMap/8a/83/c2e23d6c9fb115d93fb4d85194985f04d454.udd" 3743
"../../../Engine/DerivedDataCache/Buckets/LegacyTEXTURE/66/0b/6aacfc144288a5c7e831f10a8d6ec379dc98.udd" 3744
"../../../Engine/DerivedDataCache/Buckets/LegacyTEXTURE/10/2b/d2c8b3846cddd526080e354435a726bef810.udd" 3745
"../../../Engine/DerivedDataCache/Buckets/MaterialShaderMap/cf/1e/76262b981c9a68549479c535774b253223aa.udd" 3746
"../../../Engine/DerivedDataCache/Buckets/MaterialShaderMap/2b/d2/beb98f69266684d882b9c5cbc3b6ec30bada.udd" 3747
"../../../Engine/DerivedDataCache/Buckets/MaterialShaderMap/39/39/8879be3d8c13bb17b62bb05036c70083a1c3.udd" 3748
"../../../Engine/DerivedDataCache/Buckets/MaterialShaderMap/1c/e4/f8af752caf35ce0423661b7e9495332df458.udd" 3749
"../../../Engine/DerivedDataCache/Buckets/MaterialShaderMap/b0/af/b7a244368d022f56c4a00a567a7739d5b264.udd" 3750
"../../../Engine/DerivedDataCache/Buckets/MaterialShaderMap/65/07/500e37d3933a3fa28afb99501eb5903f7220.udd" 3751
"../../../Engine/DerivedDataCache/Buckets/MaterialShaderMap/88/b7/9d3e655884df89ded6dd83ec9f4e56b2703e.udd" 3752
"../../../Engine/DerivedDataCache/Buckets/MaterialShaderMap/eb/7d/c7c5a6fa9009fa395490ffce89f1e9f9e604.udd" 3753
"../../../Engine/DerivedDataCache/Buckets/LegacyTEXTURE/f2/bc/c683c211a7b8015f5b28048a1f043ec5390d.udd" 3754
"../../../Engine/DerivedDataCache/Buckets/LegacyTEXTURE/84/fb/80fb3fceb8d801d89123739d0a2e9e4a930a.udd" 3755
"../../../Engine/DerivedDataCache/Buckets/LegacyTEXTURE/07/76/b53018b87fe0e73a97b01362b0d03e1e5301.udd" 3756
"../../../Engine/DerivedDataCache/Buckets/LegacyTEXTURE/bf/75/30a5f7af321177e1cdfdbcc5c8bc302b6f77.udd" 3757
"../../../Engine/DerivedDataCache/Buckets/LegacyTEXTURE/ce/97/024d06ee3a19898cac206b7bbd8ab2ffcdcd.udd" 3758
"../../../Engine/DerivedDataCache/Buckets/LegacyTEXTURE/7f/29/31e78db0463f3daedd00eaa9cc1ac83df823.udd" 3759
"../../../Engine/DerivedDataCache/Buckets/LegacyTEXTURE/27/68/d57be11dccd5816de30fb7d5840a5db7a9ef.udd" 3760
"../../../Engine/DerivedDataCache/Buckets/LegacyTEXTURE/db/55/248d3525044effd6553b8631d7c24fd405f9.udd" 3761
"../../../Engine/DerivedDataCache/Buckets/LegacyTEXTURE/3c/37/bfc3be98aaf1d5e0837a398559c896a5373b.udd" 3762
"../../../Engine/DerivedDataCache/Buckets/LegacyTEXTURE/4a/9b/e2127da34285cd94d990a136f121c5a47ec3.udd" 3763
"../../../Engine/DerivedDataCache/Buckets/LegacyTEXTURE/6c/fc/9aeff55ee3345a98ca5b0b139251ad9678ac.udd" 3764
"../../../Engine/DerivedDataCache/Buckets/LegacyTEXTURE/29/4e/ebe583adbe20a902f0d062e557c2582f3344.udd" 3765
"../../../Engine/DerivedDataCache/Buckets/LegacyTEXTURE/e1/a9/96b972f98ee8e16002491071f0e119162fd8.udd" 3766
"../../../Engine/DerivedDataCache/Buckets/LegacyTEXTURE/aa/1e/9b80ac3293da5ecad64d8aee94d1666dbe96.udd" 3767
"../../../Engine/DerivedDataCache/Content/90/0b/71f2966cbb080909d446827f356ed9ed1a64.udd" 3768
"../../../Engine/DerivedDataCache/Buckets/LegacyTEXTURE/4d/04/8a3fbb0b22f00df908935f70497776c66cac.udd" 3769
"../../../Engine/DerivedDataCache/Buckets/LegacyTEXTURE/3a/d1/db656741dec815af7db0a5d0290c7e009d65.udd" 3770
"../../../Engine/DerivedDataCache/Buckets/LegacyTEXTURE/54/3b/1fecf5f6e929a08ce6fe232255b105a373b2.udd" 3771
"../../../Engine/DerivedDataCache/Buckets/LegacyTEXTURE/8f/41/f878694f85c81a22d65def02228025958074.udd" 3772
"../../../Engine/DerivedDataCache/Buckets/LegacyTEXTURE/86/6b/2006798a4fbfcdd864f042e306e3316b49da.udd" 3773
"../../../Engine/DerivedDataCache/Buckets/LegacyTEXTURE/86/6a/52791cd2cc492fa0cc8fe2fd2cd26cbb2044.udd" 3774
"../../../Engine/DerivedDataCache/Buckets/LegacyTEXTURE/53/12/b71ea2c2f078b0e7100f75eaa4e326aa98dc.udd" 3775
"../../../Engine/DerivedDataCache/Buckets/LegacyTEXTURE/ac/91/4513eb0b41c04e081fd2ce000ec8d1a9c120.udd" 3776
"../../../Engine/DerivedDataCache/Buckets/LegacyTEXTURE/74/db/a4f994d248b2ba3f886a8286a4be9f8c2cf4.udd" 3777
"../../../Engine/DerivedDataCache/Buckets/LegacyTEXTURE/e5/8b/962b1de73db3bdbe0f1ae7d83580071a2d2f.udd" 3778
"../../../Engine/DerivedDataCache/Buckets/LegacyTEXTURE/f9/8e/bef5033833d607d0c01fd86e37a325080666.udd" 3779
"../../../Engine/DerivedDataCache/Content/bd/a6/2c98f8db47c8e22449125a46cccf61c9a3f8.udd" 3780
"../../../Engine/DerivedDataCache/Buckets/MaterialShaderMap/c2/97/4ad37d40a18b29088db815e30d187bee4a0f.udd" 3781
"../../../Engine/DerivedDataCache/Buckets/LegacyTEXTURE/77/cc/8e532eec99b64b4097c0ab62d632f07152c2.udd" 3782
"../../../Engine/DerivedDataCache/Buckets/LegacyTEXTURE/de/54/152414f1b566cdef1fcd45806e576eececb2.udd" 3783
"../../../Engine/DerivedDataCache/Buckets/LegacyTEXTURE/b8/10/b58f07fa509553d73cb824ac05d984023581.udd" 3784
"../../../Engine/DerivedDataCache/Buckets/LegacyTEXTURE/fe/be/d7ba5e684213593c82a3144902b5dc0f8bc6.udd" 3785
"../../../Engine/DerivedDataCache/Buckets/LegacyTEXTURE/8b/9f/55cb78fa675bd8781870e204f86f03988090.udd" 3786
"../../../Engine/DerivedDataCache/Buckets/LegacyTEXTURE/7f/f7/bc63b9df6e51764640d5cff340a6b3a44d70.udd" 3787
"../../../Engine/DerivedDataCache/Buckets/LegacyTEXTURE/d0/d2/ab8c12c0a43d2cb21104ccfbdc16495d8da1.udd" 3788
"../../../Engine/DerivedDataCache/Buckets/LegacyTEXTURE/6e/44/fe788161822342b0ad814cf559aabf08509e.udd" 3789
"../../../Engine/DerivedDataCache/Buckets/LegacyTEXTURE/6c/28/9a6870995df000e985896b52e7cb67ef9dd7.udd" 3790
"../../../Engine/DerivedDataCache/Buckets/LegacyTEXTURE/8f/c8/90325151d1d28e8c41f6bb90654208474f9f.udd" 3791
"../../../Engine/DerivedDataCache/Buckets/LegacyTEXTURE/5f/6b/4be2a045dc776c1667e683e3b94fab4b29ff.udd" 3792
"../../../Engine/DerivedDataCache/Buckets/LegacyTEXTURE/45/ca/5911310784d9979b30358db46951cbb6d393.udd" 3793
"../../../Engine/DerivedDataCache/Buckets/LegacyTEXTURE/09/09/f9fd6d7e88cdb352d2405ea69a8be1b41615.udd" 3794
"../../../Engine/DerivedDataCache/Buckets/LegacyTEXTURE/c8/4b/53ddc72159c457a80a85cca46531ad0c3eae.udd" 3795
"../../../Engine/DerivedDataCache/Buckets/LegacyTEXTURE/1d/ad/9a4df37c4ea2695d040d57a71ecca4c77a03.udd" 3796
"../../../Engine/DerivedDataCache/Buckets/LegacyTEXTURE/74/29/6d8c95c36d768a29c0db4c678252b3c857e8.udd" 3797
"../../../Engine/DerivedDataCache/Buckets/LegacyTEXTURE/fe/77/cb59fb14756f270ccb47ab4bb6b3d08217fe.udd" 3798
"../../../Engine/DerivedDataCache/Buckets/LegacyTEXTURE/dc/88/6f8f52ad33b29ba8f4f58b9ab466c67d45d1.udd" 3799
"../../../Engine/DerivedDataCache/Buckets/LegacyTEXTURE/b5/4c/f1491645fd21068f3615f8463ad522dfb876.udd" 3800
"../../../Engine/DerivedDataCache/Buckets/LegacyTEXTURE/2e/6b/ee7743279e88599cb2e65b6dcd880fc0fd51.udd" 3801
"../../../Engine/DerivedDataCache/Buckets/LegacyTEXTURE/00/cc/5ae811782ebbe63652bab664dc86a49724c5.udd" 3802
"../../../Engine/DerivedDataCache/Buckets/LegacyTEXTURE/08/11/9f789c45cfa2d4a53d3b3048c9bc250c539a.udd" 3803
"../../../Engine/DerivedDataCache/Buckets/LegacyTEXTURE/6f/2e/0b148ee53ce2f134d8608dc0eb4127d8b663.udd" 3804
"../../../Engine/DerivedDataCache/Buckets/MaterialShaderMap/47/97/ff9a05d1943d5d380198aff5a82e41bd4b2b.udd" 3805
"../../../Engine/DerivedDataCache/Buckets/MaterialShaderMap/e1/83/e9dccb390b2c9dc78dc49d8633c480b2ab6f.udd" 3806
"../../../Engine/DerivedDataCache/Buckets/LegacyTEXTURE/6e/c9/60c4436fde5535aa184e42c52042a65604af.udd" 3807
"../../../Engine/DerivedDataCache/Buckets/LegacyTEXTURE/fb/09/a23b08b36a67af73139ecb3ef8b5a5712c1c.udd" 3808
"../../../Engine/DerivedDataCache/Buckets/LegacyTEXTURE/db/82/82268874966b7b9e92c164394c3effafcf33.udd" 3809
"../../../Engine/DerivedDataCache/Buckets/LegacyTEXTURE/7f/1a/f0926279111ba79c50bdf33f765b5462dd7a.udd" 3810
"../../../Engine/DerivedDataCache/Buckets/LegacyTEXTURE/24/07/6a74b130b76ec87b8aa76ccb57f9355d042f.udd" 3811
"../../../Engine/DerivedDataCache/Buckets/LegacyTEXTURE/52/5f/a2aa01c411b3afe6baf68b90a88b4dfffaed.udd" 3812
"../../../Engine/DerivedDataCache/Buckets/MaterialShaderMap/ff/a8/2e5d40bd5f03a498d0dc83ad9f4874579ca7.udd" 3813
"../../../Engine/DerivedDataCache/Buckets/LegacyTEXTURE/78/0d/5778caa51e0cc15de4c8f6db45a0bc207712.udd" 3814
"../../../Engine/DerivedDataCache/Buckets/LegacyTEXTURE/20/06/9944b69a490c1e1afb5c1ab97d54c3289af9.udd" 3815
"../../../Engine/DerivedDataCache/Buckets/LegacyTEXTURE/d6/6b/ea96d152fe73486556ed304a3ad939ee7500.udd" 3816
"../../../Engine/DerivedDataCache/Buckets/LegacyTEXTURE/f4/84/4de3cda551dcfee1ef4dd5328230c41b2921.udd" 3817
"../../../Engine/DerivedDataCache/Buckets/LegacyTEXTURE/f1/ab/9e6e9ca02d27437c1da256e6a02b4efca731.udd" 3818
"../../../Engine/DerivedDataCache/Buckets/LegacyTEXTURE/70/ef/b59d1590c8840a09b0326dccac5657f33b62.udd" 3819
"../../../Engine/DerivedDataCache/Buckets/LegacyTEXTURE/6f/ef/853278496f0f4cd9fd3500a32a3e85b31f12.udd" 3820
"../../../Engine/DerivedDataCache/Buckets/LegacyTEXTURE/2d/05/9ece2a8da2c3dad9fff60aa55cbf18db424c.udd" 3821
"../../../Engine/DerivedDataCache/Buckets/MaterialShaderMap/9b/ac/a80cfa43a0cdbcd86af9c1580ff77ae6490c.udd" 3822
"../../../Engine/DerivedDataCache/Buckets/MaterialShaderMap/f1/db/9e2ffbb95fb634e6093dd0df36ecd4cd76a1.udd" 3823
"../../../Engine/DerivedDataCache/Buckets/LegacyTEXTURE/cf/94/f550344dd3206169362746004d64779e28a3.udd" 3824
"../../../Engine/DerivedDataCache/Buckets/MaterialShaderMap/43/ba/68b18b2f9d0334462bcde05f4b48456fbd1d.udd" 3825
"../../../Engine/DerivedDataCache/Buckets/LegacyTEXTURE/3f/90/50f33b87b39772d36538a4655d768d8d7aba.udd" 3826
"../../../Engine/DerivedDataCache/Buckets/LegacyTEXTURE/c5/f1/b7aa2e6ba4509a4ad9803697739d7b1b84fc.udd" 3827
"../../../Engine/DerivedDataCache/Buckets/LegacyTEXTURE/bb/bb/24c90cc149e7c5681fea1d4383a712432d99.udd" 3828
"../../../Engine/DerivedDataCache/Buckets/LegacyTEXTURE/38/12/d8005859902eb35abdd0d942dec9bfe412bb.udd" 3829
"../../../Engine/DerivedDataCache/Buckets/LegacyTEXTURE/e7/d2/f9d861a13dbfa589a63f2e3a79cbc3f2f8a2.udd" 3830
"../../../Engine/DerivedDataCache/Buckets/LegacyTEXTURE/9b/ca/24148519cfd6357d0f5ce9988215e3c65a42.udd" 3831
"../../../Engine/DerivedDataCache/Buckets/LegacyTEXTURE/45/ac/02c1e86fac1fcf3a83142d97844a8d4e8641.udd" 3832
"../../../Engine/DerivedDataCache/Buckets/MaterialShaderMap/20/f9/d9cb7b83c2516a728afd68ab25f2d4f9d664.udd" 3833
"../../../Engine/DerivedDataCache/Buckets/LegacyTEXTURE/4b/ed/a8170ab9b8e22f54097032b91cc5bb5ed03a.udd" 3834
"../../../Engine/DerivedDataCache/Buckets/LegacyTEXTURE/de/ba/954c8dd8a89fdb63b52b63fba24278638dd4.udd" 3835
"../../../Engine/DerivedDataCache/Buckets/MaterialShaderMap/4e/05/c707abd4544a8a106f40b29813ea6fde8e16.udd" 3836
"../../../Engine/DerivedDataCache/Buckets/MaterialShaderMap/c2/9c/d34aae78a56d283969a4518cf901ee74ee8d.udd" 3837
"../../../Engine/DerivedDataCache/Buckets/MaterialShaderMap/dc/45/031250be2947911190685460f7f548fc662b.udd" 3838
"../../../Engine/DerivedDataCache/Buckets/LegacyTEXTURE/1a/74/6ab5326ebea852817e917ed84d5717b44bc8.udd" 3839
"../../../Engine/DerivedDataCache/Buckets/MaterialShaderMap/63/b2/7cc7dbc72758bc6ebd3e975ddf19757a986f.udd" 3840
"../../../Engine/DerivedDataCache/Buckets/LegacyTEXTURE/3a/2e/107c81e7daa4d29d623bc1a769b1adda927f.udd" 3841
"../../../Engine/DerivedDataCache/Buckets/MaterialShaderMap/bb/b7/295f9f9e1d73d9df27fc08aa24f0e534e393.udd" 3842
"../../../Engine/DerivedDataCache/Buckets/LegacyTEXTURE/44/8f/e7cdbed89667f9198e6e8948d2a7d6458284.udd" 3843
"../../../Engine/DerivedDataCache/Buckets/LegacyTEXTURE/77/43/273f2741fc5227af47eb178acb2ceedbcb17.udd" 3844
"../../../Engine/DerivedDataCache/Buckets/LegacyTEXTURE/75/07/289fac921fc765dfe1d419923649a616450f.udd" 3845
"../../../Engine/DerivedDataCache/Buckets/LegacyTEXTURE/7a/df/148658655eaa8efab68b2b99b8d4bd2f7728.udd" 3846
"../../../Engine/DerivedDataCache/Buckets/LegacyTEXTURE/69/7e/179b2ed364d11b18ad2f0ead2bad6d5acb7d.udd" 3847
"../../../Engine/DerivedDataCache/Buckets/LegacyTEXTURE/a5/dc/2720599a6297cff5aac23ec6e2fa2a8112e6.udd" 3848
"../../../Engine/DerivedDataCache/Buckets/MaterialShaderMap/7a/75/504933e7e840f347adc666774fcefc019697.udd" 3849
"../../../Engine/DerivedDataCache/Buckets/LegacyTEXTURE/cc/64/e0c771c2f9df95eb6aee05b71568b99aa09f.udd" 3850
"../../../Engine/DerivedDataCache/Content/cc/2d/0e573870ac9e704f6082bbc6ca95229d97c4.udd" 3851
"../../../Engine/DerivedDataCache/Buckets/LegacyTEXTURE/fc/ce/5dc6d0e8aaaea85d6fdacf8b7751e44cf712.udd" 3852
"../../../Engine/DerivedDataCache/Buckets/LegacyTEXTURE/7d/a6/dde1862ebc91ca5d51ac7d4637d4676ae88e.udd" 3853
"../../../Engine/DerivedDataCache/Buckets/LegacyTEXTURE/55/2c/ef5766de7918d7df1eb2341153e6a90dcd93.udd" 3854
"../../../Engine/DerivedDataCache/Buckets/LegacyTEXTURE/70/dc/84aa463c077102e543f6c32af44a03793f4d.udd" 3855
"../../../Engine/DerivedDataCache/Buckets/LegacyTEXTURE/f5/de/4206905ee03c3374dee572b99197112870bd.udd" 3856
"../../../Engine/DerivedDataCache/Buckets/MaterialShaderMap/78/9b/883c5e4b36dd98ba68ca6f4a2640d82b4768.udd" 3857
"../../../Engine/DerivedDataCache/Buckets/LegacyTEXTURE/34/ea/e5912d371913a12d3193be00db091bb375d1.udd" 3858
"../../../Engine/DerivedDataCache/Buckets/LegacyTEXTURE/5f/32/a222ca78ddbe4aa73880804a6edca2d45b6b.udd" 3859
"../../../Engine/DerivedDataCache/Buckets/LegacyTEXTURE/fc/d9/a89910653af25daad59d23b09780ad4ad59c.udd" 3860
"../../../Engine/DerivedDataCache/Buckets/LegacyTEXTURE/3d/30/a7c1cbcb128a7a359f77d898b8b047491d0c.udd" 3861
"../../../Engine/DerivedDataCache/Buckets/LegacyTEXTURE/34/3c/4f803086a5fa2eb1e54924ad7e576632d91b.udd" 3862
"../../../Engine/DerivedDataCache/Buckets/LegacyTEXTURE/84/8c/4ec9b8f0165a7630d7b3918c094d9c1b5aee.udd" 3863
"../../../Engine/DerivedDataCache/Buckets/LegacyTEXTURE/6a/66/59445a2448987e8edd9bc9ef6aa9cd11dd59.udd" 3864
"../../../Engine/DerivedDataCache/Buckets/LegacyTEXTURE/65/99/f3e44c19daf519ef752fc19188b7dea2ecd1.udd" 3865
"../../../Engine/DerivedDataCache/Buckets/LegacyTEXTURE/c1/b5/c379f0ee3a1da4f4db580f297742b7815371.udd" 3866
"../../../Engine/DerivedDataCache/Buckets/LegacyTEXTURE/5a/83/ee38166a168ee61f269a0f16050d43294002.udd" 3867
"../../../Engine/DerivedDataCache/Content/14/9f/3ecf45190c25129a318480fe0097147ee0dc.udd" 3868
"../../../Engine/DerivedDataCache/Buckets/LegacyTEXTURE/70/6d/53922b1265a34356ac75312e4fde27115c73.udd" 3869
"../../../Engine/DerivedDataCache/Buckets/LegacyTEXTURE/e6/f8/37d27ac36727fa5ab272c6d840305c53e496.udd" 3870
"../../../Engine/DerivedDataCache/Buckets/LegacyTEXTURE/8e/c6/2e9eb6c561118b3ba9f0083d7f09896c986b.udd" 3871
"../../../Engine/DerivedDataCache/Buckets/LegacyTEXTURE/c7/bd/47ba766b733ca4f0ead75a1d05522afd3aab.udd" 3872
"../../../Engine/DerivedDataCache/Buckets/LegacyTEXTURE/79/b2/df0979f94df30ad6ba4b69a35c1e0b21f99b.udd" 3873
"../../../Engine/DerivedDataCache/Buckets/LegacyTEXTURE/17/3f/f645fa7a4d14d1942b2264032669ffc44856.udd" 3874
"../../../Engine/DerivedDataCache/Buckets/MaterialShaderMap/3d/2e/b2a090f5d909097a338f9187891ecaae3de3.udd" 3875
"../../../Engine/DerivedDataCache/Buckets/LegacyTEXTURE/80/41/bd371cdc896e26d36e25aa253b2139fb1c7f.udd" 3876
"../../../Engine/DerivedDataCache/Buckets/LegacyTEXTURE/1a/83/a610fd8df4c984a7195c1a995e430829f836.udd" 3877
"../../../Engine/DerivedDataCache/Buckets/LegacyTEXTURE/8c/4a/acde38140764b5e599036ba8bc85671f78bf.udd" 3878
"../../../Engine/DerivedDataCache/Buckets/LegacyTEXTURE/89/0d/70c147fe4260958382d8927140bcf6d4e154.udd" 3879
"../../../Engine/DerivedDataCache/Buckets/LegacyTEXTURE/83/a3/51ebe07a243e744ca8e792c1b4bbf43330a0.udd" 3880
"../../../Engine/DerivedDataCache/Buckets/LegacyTEXTURE/0d/8f/ed37549c8a6350183bc0a81d6af06aa38be6.udd" 3881
"../../../Engine/DerivedDataCache/Buckets/MaterialShaderMap/74/d9/5d7556579e0e6b89207c36f93df6db651789.udd" 3882
"../../../Engine/DerivedDataCache/Buckets/LegacyTEXTURE/4b/ed/24d253d7934866c5bb596d6e2a033ed3ce6e.udd" 3883
"../../../Engine/DerivedDataCache/Buckets/LegacyTEXTURE/1e/ff/41fe9dfe82ecfea44c9c139abafdc6365658.udd" 3884
"../../../Engine/DerivedDataCache/Buckets/LegacyTEXTURE/94/02/ec5931a4b192f61bddce81a555a1f6f2a800.udd" 3885
"../../../Engine/DerivedDataCache/Buckets/LegacyTEXTURE/aa/71/9ec5556a11c5b70a7c31f9d23ac6680e8a8d.udd" 3886
"../../../Engine/DerivedDataCache/Buckets/LegacyTEXTURE/9b/8c/21203c6b6e3f8d59c54278b041bfd04d7e68.udd" 3887
"../../../Engine/DerivedDataCache/Buckets/LegacyTEXTURE/cd/f8/259610b03a83559b037abe54ae773a178d11.udd" 3888
"../../../Engine/DerivedDataCache/Buckets/LegacyTEXTURE/ec/3c/668881ad8a5d31fd8e34616d756bcbc1e776.udd" 3889
"../../../Engine/DerivedDataCache/Buckets/LegacyTEXTURE/01/ef/c1345e3361242f8b5cbe1cc1a27ee8a4606d.udd" 3890
"../../../Engine/DerivedDataCache/Buckets/LegacyTEXTURE/12/e7/a087561494e4ff788fb3c5ea5f35bba1490c.udd" 3891
"../../../Engine/DerivedDataCache/Buckets/LegacyTEXTURE/c2/49/ec4962cd34d85508b575e3a087fc7dd10c18.udd" 3892
"../../../Engine/DerivedDataCache/Buckets/LegacyTEXTURE/80/1c/0b4936f6c00d793579afbd8f2464b93ed7ab.udd" 3893
"../../../Engine/DerivedDataCache/Content/9c/de/cdb6cccfe5ecdba644879fdb852262ea9355.udd" 3894
"../../../Engine/DerivedDataCache/Buckets/LegacyTEXTURE/2d/64/6d598a67e3a8df97bb7a5a5626a4797aa921.udd" 3895
"../../../Engine/DerivedDataCache/Buckets/LegacyTEXTURE/f8/6d/377456e69c83ab454bd34d630127f6ea1e75.udd" 3896
"../../../Engine/DerivedDataCache/Buckets/LegacyTEXTURE/8d/7f/e3cfbc61ff1dc945f803faeb9560191fbf68.udd" 3897
"../../../Engine/DerivedDataCache/Buckets/LegacyTEXTURE/a3/67/c23119762c89662ef8b58d272fdfd2242129.udd" 3898
"../../../Engine/DerivedDataCache/Buckets/LegacyTEXTURE/19/b8/a2b05ab2e939f12c1ff3f2729028877384b7.udd" 3899
"../../../Engine/DerivedDataCache/Buckets/LegacyTEXTURE/ea/4f/cd78224facc8ec5b8add9bbb3584f9b0025e.udd" 3900
"../../../Engine/DerivedDataCache/Buckets/LegacyTEXTURE/81/1e/b2ee5caae757e87f51980748ed00aaf6e7e7.udd" 3901
"../../../Engine/DerivedDataCache/Buckets/LegacyTEXTURE/ff/d7/a51be6bc04548c02f50aa99378b3c002cd41.udd" 3902
"../../../Engine/DerivedDataCache/Buckets/LegacyTEXTURE/5a/70/914a9c84248f36a562a3f1da891a5ab8bbbf.udd" 3903
"../../../Engine/DerivedDataCache/Buckets/LegacyTEXTURE/69/e6/55a1428d89585205184f170a1a397d935789.udd" 3904
"../../../Engine/DerivedDataCache/Buckets/LegacyTEXTURE/2f/f9/baa564d501013a36171a4434f9c4ce757868.udd" 3905
"../../../Engine/DerivedDataCache/Buckets/LegacyTEXTURE/98/39/92a7b203f2ed2e330c444245d5e9a6fc05fb.udd" 3906
"../../../Engine/DerivedDataCache/Buckets/LegacyTEXTURE/be/4c/f8788516c3ff50843d4c83da2141b25e0cc8.udd" 3907
"../../../Engine/DerivedDataCache/Buckets/LegacyTEXTURE/2c/df/ca61fd53264c39de3b0318fd59ba27cee6be.udd" 3908
"../../../Engine/DerivedDataCache/Buckets/LegacyTEXTURE/5d/e2/fde06c9ae29371aa8c51e1007cc49d86864b.udd" 3909
"../../../Engine/DerivedDataCache/Buckets/LegacyTEXTURE/24/a3/a1205f87aade35cd919e14ec3ee06472e97a.udd" 3910
"../../../Engine/DerivedDataCache/Buckets/LegacyTEXTURE/5e/cc/f8f5b539085011852ac474fc466ced0800b0.udd" 3911
"../../../Engine/DerivedDataCache/Buckets/LegacyTEXTURE/f4/fd/ad446ccd2d090f16e1ba1d2114ee5b25f1ab.udd" 3912
"../../../Engine/DerivedDataCache/Buckets/LegacyTEXTURE/2b/c5/78f9f833e7af6dbdd383669047d8a3f0ef74.udd" 3913
"../../../Engine/DerivedDataCache/Buckets/LegacyTEXTURE/e8/8e/8a4dd3eaec3dfd0ebcf85d96fc384bba8da2.udd" 3914
"../../../Engine/DerivedDataCache/Buckets/LegacyTEXTURE/63/43/78672776ba8d2daa30e76d1dc9cf5044575a.udd" 3915
"../../../Engine/DerivedDataCache/Buckets/LegacyTEXTURE/c5/3a/4ff550806dc27d9dfff2c57b0a55bca5c45b.udd" 3916
"../../../Engine/DerivedDataCache/Buckets/LegacyTEXTURE/ab/38/813a4a8f3cc88196892d2f3ed4a17f2e8208.udd" 3917
"../../../Engine/DerivedDataCache/Buckets/LegacyTEXTURE/87/f3/85bbb8ff2787bd4b8b81f08e1da79bdb739d.udd" 3918
"../../../Engine/DerivedDataCache/Buckets/LegacyTEXTURE/05/c0/e073cf4d1f6ce217621345b74e4628cb6aa6.udd" 3919
"../../../Engine/DerivedDataCache/Buckets/LegacyTEXTURE/ba/ae/ab97c8313f33572140180261e84af7ccaefc.udd" 3920
"../../../Engine/DerivedDataCache/Buckets/LegacyTEXTURE/fc/b2/4b279bb3434dbed24711e86288d59cbb2981.udd" 3921
"../../../Engine/DerivedDataCache/Content/57/ac/ffd8aed789ffd3f0ca084be1360c56ed0066.udd" 3922
"../../../Engine/DerivedDataCache/Buckets/LegacyTEXTURE/2f/84/af71f1914faf1ea90205b4eacd91e35b4006.udd" 3923
"../../../Engine/DerivedDataCache/Buckets/LegacyTEXTURE/1c/5a/db367dee1c55737bfe718fbc58bc78e1373d.udd" 3924
"../../../Engine/DerivedDataCache/Buckets/LegacyTEXTURE/5d/b6/936f1f2a8c8093e06c6b8b0000285dcbc155.udd" 3925
"../../../Engine/DerivedDataCache/Buckets/LegacyTEXTURE/57/c1/d72cf3e808061b56ac5279a1f6c4d2a0a7a8.udd" 3926
"../../../Engine/DerivedDataCache/Buckets/LegacyTEXTURE/c5/1a/5ba80e7ef64a5a2a799b4af53252e17f78a6.udd" 3927
"../../../Engine/DerivedDataCache/Buckets/LegacyTEXTURE/74/1c/56ce08861004326fc89e70f6103d680b4276.udd" 3928
"../../../Engine/DerivedDataCache/Buckets/LegacyTEXTURE/ca/a7/7492eb67eec30f1727b90f6de18c35a49430.udd" 3929
"../../../Engine/DerivedDataCache/Buckets/LegacyTEXTURE/e3/04/7935f79fa8656a9b24a9fd6bcd99edc73b2e.udd" 3930
"../../../Engine/DerivedDataCache/Buckets/LegacyTEXTURE/49/41/52afd94289e740c08a13d4d8654bfe78fc02.udd" 3931
"../../../Engine/DerivedDataCache/Buckets/LegacyTEXTURE/3f/15/9213737830795764f1dfdd5342106a0b5197.udd" 3932
"../../../Engine/DerivedDataCache/Buckets/LegacyTEXTURE/44/b9/8b2e8a6e8ea3f17b15b1aa9fdfd825d7ced1.udd" 3933
"../../../Engine/DerivedDataCache/Buckets/LegacyTEXTURE/89/1a/ef309625f082b238dc696581edb28b8b0b20.udd" 3934
"../../../Engine/DerivedDataCache/Buckets/LegacyTEXTURE/84/ad/7d04296c173c5b00cac88f3a75682feb65ed.udd" 3935
"../../../Engine/DerivedDataCache/Buckets/LegacyTEXTURE/ed/58/71091c508f301b698ee2106c9ae84f857a6a.udd" 3936
"../../../Engine/DerivedDataCache/Buckets/LegacyTEXTURE/76/5c/9cd2eb4f61338bf11bb5b415906531acc619.udd" 3937
"../../../Engine/DerivedDataCache/Buckets/LegacyTEXTURE/d4/1e/c704510b53eee439342eb63b79b9b0a65997.udd" 3938
"../../../Engine/DerivedDataCache/Buckets/LegacyTEXTURE/35/c4/629f14ba602aafd644f1d284338a8bca4666.udd" 3939
"../../../Engine/DerivedDataCache/Buckets/LegacyTEXTURE/7e/2f/8ba1fac94ddbb6896626365add5b0371be39.udd" 3940
"../../../Engine/DerivedDataCache/Buckets/LegacyTEXTURE/55/97/3aaae6a910405e5e9c0dfe80dcfda5fb6da0.udd" 3941
"../../../Engine/DerivedDataCache/Buckets/LegacyTEXTURE/b4/90/92905e8095bd7576d3fefa282c79684a7302.udd" 3942
"../../../Engine/DerivedDataCache/Buckets/LegacyTEXTURE/26/ac/46de05659839c161a8f9d804b8853c02df73.udd" 3943
"../../../Engine/DerivedDataCache/Buckets/LegacyTEXTURE/33/a3/775751aeb1a87d48388432f180835792ffd7.udd" 3944
"../../../Engine/DerivedDataCache/Buckets/LegacyTEXTURE/3d/ff/87e1df6151b0420bf633cff972e85ee456ec.udd" 3945
"../../../Engine/DerivedDataCache/Buckets/LegacyTEXTURE/ab/99/6c26191771573a508d3ffd4e168a906828e5.udd" 3946
"../../../Engine/DerivedDataCache/Buckets/LegacyTEXTURE/e4/18/1a2580f9fc3c1929b68871926f4976b7da25.udd" 3947
"../../../Engine/DerivedDataCache/Buckets/LegacyTEXTURE/20/c3/ed7288baa123d3c41ba07c8e15e683991591.udd" 3948
"../../../Engine/DerivedDataCache/Buckets/LegacyTEXTURE/b7/6d/e6896c33db943008de0a39c8b66bb96bc44a.udd" 3949
"../../../Engine/DerivedDataCache/Buckets/LegacyTEXTURE/b1/c0/90cfbac57869a95cdd87c181cc6a426fadbc.udd" 3950
"../../../Engine/DerivedDataCache/Buckets/LegacyTEXTURE/d1/7e/8bcd5854591f8bae1608fdd35da719339ef5.udd" 3951
"../../../Engine/DerivedDataCache/Buckets/LegacyTEXTURE/af/53/1942374541c0032db47164c3e3f99aab1e57.udd" 3952
"../../../Engine/DerivedDataCache/Buckets/LegacyTEXTURE/e9/7f/399484c6ecc2a791c77e88da752b9da9d101.udd" 3953
"../../../Engine/DerivedDataCache/Buckets/LegacyTEXTURE/a7/f7/ea36af7ff21ce0564db0716fdfe7766e84d4.udd" 3954
"../../../Engine/DerivedDataCache/Buckets/LegacyTEXTURE/fe/9e/9582d2b13611dce3cb5dbedf5c625527bfa6.udd" 3955
"../../../Engine/DerivedDataCache/Buckets/LegacyTEXTURE/22/91/abfb5cfc376562ae431c1ebd0678ab258625.udd" 3956
"../../../Engine/DerivedDataCache/Buckets/LegacyTEXTURE/3b/a4/95768b04fa3d83fe9ccd574e098251d53d23.udd" 3957
"../../../Engine/DerivedDataCache/Buckets/LegacyTEXTURE/fe/cd/e4aff2bb851e4da368edf736361c51753d99.udd" 3958
"../../../Engine/DerivedDataCache/Buckets/LegacyTEXTURE/73/64/92cac6a795177ef61bf02aabb42356024da6.udd" 3959
"../../../Engine/DerivedDataCache/Buckets/LegacyTEXTURE/ff/4e/1b10e7e851ae05071583d513401122359ab5.udd" 3960
"../../../Engine/DerivedDataCache/Buckets/LegacyTEXTURE/f7/3b/9bad7ee456fd2d0827d76bc1d9aa21a8c195.udd" 3961
"../../../Engine/DerivedDataCache/Buckets/LegacyTEXTURE/11/20/8ae1d7069e93f0891a4b77642293e0530241.udd" 3962
"../../../Engine/DerivedDataCache/Buckets/LegacyTEXTURE/44/35/0525c8ad81b47641c20f9c02a6d315581459.udd" 3963
"../../../Engine/DerivedDataCache/Buckets/LegacyTEXTURE/df/97/d9d6e2dae8289b3be2b1e558ee7dc273d72b.udd" 3964
"../../../Engine/DerivedDataCache/Buckets/LegacyTEXTURE/68/9a/5f310edd26722e23568021ea92f159e44d50.udd" 3965
"../../../Engine/DerivedDataCache/Buckets/LegacyTEXTURE/fa/70/2dd016b0cd92a7f888db8971c984f640b557.udd" 3966
"../../../Engine/DerivedDataCache/Buckets/LegacyTEXTURE/4e/ac/b69c1021ca21ffd8e5e9983d2081a5d558bc.udd" 3967
"../../../Engine/DerivedDataCache/Buckets/LegacyTEXTURE/ee/2f/8f3c34ceeee6a108bec276ad1cb030e77549.udd" 3968
"../../../Engine/DerivedDataCache/Buckets/LegacyTEXTURE/fc/86/3cb2fe933ee4d18a7c5c495477f0c81a087c.udd" 3969
"../../../Engine/DerivedDataCache/Buckets/LegacyTEXTURE/ce/11/27b68df65089bfb989926b97d9a1ce51e831.udd" 3970
"../../../Engine/DerivedDataCache/Buckets/LegacyTEXTURE/eb/68/18c9d4022fe2196306662ff085180a8da9d1.udd" 3971
"../../../Engine/DerivedDataCache/Buckets/LegacyTEXTURE/12/fb/13f3bc598165e2b8c4e7195d3210c34fa04d.udd" 3972
"../../../Engine/DerivedDataCache/Buckets/LegacyTEXTURE/41/2a/417110e42d7b2f7e9d2574903776ec7e4062.udd" 3973
"../../../Engine/DerivedDataCache/Buckets/LegacyTEXTURE/2c/b4/53a660e2f24a206a5e05d9fbf13e6bca49f0.udd" 3974
"../../../Engine/DerivedDataCache/Buckets/LegacyTEXTURE/d9/ed/2b7257fef75aab07884aff2b2a7f040888c1.udd" 3975
"../../../Engine/DerivedDataCache/Buckets/LegacyTEXTURE/b3/f0/7d4395c9744c9372321b505ebe5ca004f7f1.udd" 3976
"../../../Engine/DerivedDataCache/Buckets/LegacyTEXTURE/01/71/77199adf6dfb8ee1a6c8db62be97023accac.udd" 3977
"../../../Engine/DerivedDataCache/Buckets/LegacyTEXTURE/b2/80/802e8143a292767a848af27e2eb72ffe6f03.udd" 3978
"../../../Engine/DerivedDataCache/Buckets/LegacyTEXTURE/c7/56/d01b1f91585ed10eb5111f6ad8b4b283e0ea.udd" 3979
"../../../Engine/DerivedDataCache/Buckets/LegacyTEXTURE/2a/ba/1f91e576d87165770a98eebdef854e08e804.udd" 3980
"../../../Engine/DerivedDataCache/Buckets/LegacyTEXTURE/38/ab/1eb76e6771cc7dd28b08c514e3e490539016.udd" 3981
"../../../Engine/DerivedDataCache/Buckets/LegacyTEXTURE/09/52/b285c4fb8e527acfd014cf000d661be23245.udd" 3982
"../../../Engine/DerivedDataCache/Buckets/LegacyTEXTURE/57/09/b1c7870416e318eaf0a8dbae58e1b544f0fb.udd" 3983
"../../../Engine/DerivedDataCache/Buckets/LegacyTEXTURE/7f/bc/785f6552b372b6f70e4d366f779ad2d852b4.udd" 3984
"../../../Engine/DerivedDataCache/Buckets/LegacyTEXTURE/37/1b/35f7bde221863e928e8d311a9b4404f2fde2.udd" 3985
"../../../Engine/DerivedDataCache/Buckets/LegacyTEXTURE/b8/ea/2e576923499c7d50bf02419a15886c58dfab.udd" 3986
"../../../Engine/DerivedDataCache/Buckets/LegacyTEXTURE/8f/3d/1e59d372ff6e7b7c241c49990781b23d37fd.udd" 3987
"../../../Engine/DerivedDataCache/Content/ee/27/07030c2980ce37a1fd06e93a2a8443d21be8.udd" 3988
"../../../Engine/DerivedDataCache/Buckets/LegacyTEXTURE/51/94/844f020ebe855d53a4b538d3eef648a9be2e.udd" 3989
"../../../Engine/DerivedDataCache/Buckets/LegacyTEXTURE/f5/6b/cba431166e425733c82a06a6705a8a32bace.udd" 3990
"../../../Engine/DerivedDataCache/Buckets/LegacyTEXTURE/c5/2c/3b4f845579a45ba918b7abe6a1c1fa3ce366.udd" 3991
"../../../Engine/DerivedDataCache/Buckets/LegacyTEXTURE/3b/12/bc37bbb2f30ad65255017bf38480a7ce60c9.udd" 3992
"../../../Engine/DerivedDataCache/Buckets/LegacyTEXTURE/ae/1e/a00b6cabae2b983a3b531f659ac4ea01dbae.udd" 3993
"../../../Engine/DerivedDataCache/Buckets/LegacyTEXTURE/72/47/d3fe6d0f0fcc3e4960fe4b6804ac333e0aa6.udd" 3994
"../../../Engine/DerivedDataCache/Buckets/LegacyTEXTURE/6e/01/500ef99883ff4d68abe2b81a8cc259032437.udd" 3995
"../../../Engine/DerivedDataCache/Buckets/LegacyTEXTURE/cc/af/a065b19e77b2c35664ea5e4b8d786cc33b3f.udd" 3996
"../../../Engine/DerivedDataCache/Buckets/LegacyTEXTURE/c2/b5/ad5a53981b4dcf21a3f33e8ccb12a2e0f65a.udd" 3997
"../../../Engine/DerivedDataCache/Buckets/LegacyTEXTURE/9b/df/3d24957364da5947e8d595c36125766e303a.udd" 3998
"../../../Engine/DerivedDataCache/Buckets/LegacyTEXTURE/30/01/5b7a5c8c267e7ee38e6e38315b89b6422f36.udd" 3999
"../../../Engine/DerivedDataCache/Buckets/LegacyTEXTURE/80/31/75ab898eae41f6e3dee26366b06ebe023913.udd" 4000
"../../../Engine/DerivedDataCache/Buckets/LegacyTEXTURE/2c/50/54b7e8e5d1121ffb444986f590e4c9147a90.udd" 4001
"../../../Engine/DerivedDataCache/Buckets/LegacyTEXTURE/89/bc/4a82eb387426793959b6a5236552e47b9d13.udd" 4002
"../../../Engine/DerivedDataCache/Buckets/LegacyTEXTURE/ff/5c/83fa3051f0619f6c5ebde86a29d4a5eeee7a.udd" 4003
"../../../Engine/DerivedDataCache/Buckets/LegacyTEXTURE/4c/a0/2a4ec4f1e6a94d6f14b3facd40749b224312.udd" 4004
"../../../Engine/DerivedDataCache/Buckets/LegacyTEXTURE/df/8d/1b3322f1e055a30a81e058dde63130478dda.udd" 4005
"../../../Engine/DerivedDataCache/Buckets/LegacyTEXTURE/48/f8/3ae2b98be9a563b514a62c43c6806237c836.udd" 4006
"../../../Engine/DerivedDataCache/Buckets/LegacyTEXTURE/56/e5/01c3aa12fdb45f879a7b25cf671ca4dc60d2.udd" 4007
"../../../Engine/DerivedDataCache/Buckets/LegacyTEXTURE/6f/68/b8b0b7ef697022cfcd135c6f900f567664cb.udd" 4008
"../../../Engine/DerivedDataCache/Buckets/LegacyTEXTURE/b8/fd/5957024854fbc5e2b9244ba059daa04e198b.udd" 4009
"../../../Engine/DerivedDataCache/Buckets/LegacyTEXTURE/a3/07/64d74227cec0647d4080eaad0843314befb8.udd" 4010
"../../../Engine/DerivedDataCache/Buckets/LegacyTEXTURE/45/43/a147223e36b2834d556def233da51a66a88c.udd" 4011
"../../../Engine/DerivedDataCache/Buckets/LegacyTEXTURE/ac/7a/1d3543d2ed7dfd831b513a10cb322b4b3680.udd" 4012
"../../../Engine/DerivedDataCache/Buckets/LegacyTEXTURE/d5/b3/ab9aa74fff7de5f868a67d6a76f881031776.udd" 4013
"../../../Engine/DerivedDataCache/Buckets/LegacyTEXTURE/a0/19/8a4222f504c3d2b5d8d2127ea7317592408b.udd" 4014
"../../../Engine/DerivedDataCache/Buckets/LegacyTEXTURE/c5/76/c93aba2a0cc9bca184822adcad4434cfa6ac.udd" 4015
"../../../Engine/DerivedDataCache/Buckets/LegacyTEXTURE/49/f0/dd234e3c7049f806caa698e4389c3988cf3c.udd" 4016
"../../../Engine/DerivedDataCache/Buckets/LegacyTEXTURE/f7/3e/abfb7cf2114f89e9c70cd8f47fef217f05a0.udd" 4017
"../../../Engine/DerivedDataCache/Buckets/LegacyTEXTURE/83/02/e862b661c9bc442ddcba5c3590295599e2a5.udd" 4018
"../../../Engine/DerivedDataCache/Buckets/LegacyTEXTURE/e0/25/b520a35ecc2bd3601abf328aece62648dea7.udd" 4019
"../../../Engine/DerivedDataCache/Buckets/LegacyTEXTURE/45/2e/04f6a55581c7c2a1164794d8f569d6324029.udd" 4020
"../../../Engine/DerivedDataCache/Buckets/LegacyTEXTURE/9e/fc/850f21ca7909e02db904fc4aaa17f174912f.udd" 4021
"../../../Engine/DerivedDataCache/Buckets/BulkDataList/c3/03/b0d50f4977b390b431bbd2aa114392623334.udd" 4022
"../../../Engine/DerivedDataCache/Buckets/BulkDataList/50/33/05aba53fc010ef764d61b688498f5408ed6d.udd" 4023
"../../../Engine/Plugins/Animation/ControlRig/Content/Controls/ControlRig_Sphere_3mm.uasset" 4024
"../../../Engine/DerivedDataCache/Buckets/BulkDataList/6a/e6/0c0e820fffcfc985b6bdc8f768b816580c1c.udd" 4025
"../../../Engine/DerivedDataCache/Buckets/BulkDataList/a7/8f/aa337ad81cedd8f9291946e0dd0def7b8a0e.udd" 4026
"../../../Engine/DerivedDataCache/Buckets/BulkDataList/b1/84/94dd91619829fc9a0320c52c0451dee65bc2.udd" 4027
"../../../Engine/Plugins/Animation/ControlRig/Content/Controls/ControlRig_RoundedTriangle_solid.uasset" 4028
"../../../Engine/Plugins/Animation/ControlRig/Content/Controls/ControlRig_Sphere_1mm.uasset" 4029
"../../../Engine/DerivedDataCache/Buckets/BulkDataList/e2/7b/3b7a82108615ed679f20204531ea31b2896a.udd" 4030
"../../../Engine/Plugins/Animation/ControlRig/Content/Controls/ControlRig_RoundedTriangle_1mm.uasset" 4031
"../../../Engine/Plugins/Animation/ControlRig/Content/Controls/ControlRig_RoundedTriangle_3mm.uasset" 4032
"../../../Engine/DerivedDataCache/Buckets/BulkDataList/d3/18/66e1c0c5c34d2eedbf9715a01d516826a69c.udd" 4033
"../../../Engine/Plugins/Animation/ControlRig/Content/Controls/ControlRig_RoundedSquare_solid.uasset" 4034
"../../../Engine/DerivedDataCache/Buckets/BulkDataList/60/8e/02a55e203cf78df68785225d21dbbb492ec0.udd" 4035
"../../../Engine/Plugins/Animation/ControlRig/Content/Controls/ControlRig_RoundedSquare_1mm.uasset" 4036
"../../../Engine/Plugins/Animation/ControlRig/Content/Controls/ControlRig_RoundedSquare_3mm.uasset" 4037
"../../../Engine/Plugins/Animation/ControlRig/Content/Controls/ControlRig_QuarterCircle_solid.uasset" 4038
"../../../Engine/DerivedDataCache/Buckets/BulkDataList/eb/ac/2ffbd8721ac6c8aef561d9b0fd5312b8ad91.udd" 4039
"../../../Engine/DerivedDataCache/Buckets/BulkDataList/f1/d7/d3f2694247c4a59503b13c1aeaaa50747e30.udd" 4040
"../../../Engine/Plugins/Animation/ControlRig/Content/Controls/ControlRig_Pyramid_1mm.uasset" 4041
"../../../Engine/Plugins/Animation/ControlRig/Content/Controls/ControlRig_QuarterCircle_3mm.uasset" 4042
"../../../Engine/DerivedDataCache/Buckets/BulkDataList/b8/52/c231f9d419eea15f7af2cca848979249b56e.udd" 4043
"../../../Engine/DerivedDataCache/Buckets/BulkDataList/53/31/68ea57c1b84f56d6485bf7829e5afb4778a2.udd" 4044
"../../../Engine/Plugins/Animation/ControlRig/Content/Controls/ControlRig_Pyramid_solid.uasset" 4045
"../../../Engine/Plugins/Animation/ControlRig/Content/Controls/ControlRig_Octagon_solid.uasset" 4046
"../../../Engine/Plugins/Animation/ControlRig/Content/Controls/ControlRig_QuarterCircle_1mm.uasset" 4047
"../../../Engine/Plugins/Animation/ControlRig/Content/Controls/ControlRig_Pyramid_3mm.uasset" 4048
"../../../Engine/DerivedDataCache/Buckets/MaterialShaderMap/ee/aa/881753af48689c61dedf79330ecd8246ff0f.udd" 4049
"../../../Engine/DerivedDataCache/Buckets/MaterialShaderMap/8b/c7/d352e17b685545f70144acfdaa41e345ecd0.udd" 4050
"../../../Engine/DerivedDataCache/Buckets/MaterialShaderMap/d0/12/a26b7210f0170c3c1cd1fe3cf4b757a27556.udd" 4051
"../../../Engine/DerivedDataCache/Buckets/MaterialShaderMap/31/b0/3b2acc8a4e6dbe69c8b1c8788bcf7b4a1bdb.udd" 4052
"../../../Engine/DerivedDataCache/Buckets/MaterialShaderMap/10/38/ae62a07d9d247da5cf312361b1404323e1f5.udd" 4053
"../../../Engine/DerivedDataCache/Buckets/MaterialShaderMap/07/92/fc1b9033bd4283bea58da909854dc98fe5b8.udd" 4054
"../../../Engine/DerivedDataCache/Buckets/MaterialShaderMap/ad/f6/ce43a2e85eb2e15268c22226b345eec12ffc.udd" 4055
"../../../Engine/DerivedDataCache/Buckets/MaterialShaderMap/af/29/46ca17f2508e3462d4aad419e09d4d5774fe.udd" 4056
"../../../Engine/DerivedDataCache/Buckets/MaterialShaderMap/ee/93/b0196a43917491b451b2de927d7a9101cba1.udd" 4057
"../../../Engine/DerivedDataCache/Buckets/MaterialShaderMap/22/84/a6b9ff4198828ef5d2f551a162d23b3c31e7.udd" 4058
"../../../Engine/DerivedDataCache/Buckets/MaterialShaderMap/1d/dc/f4ed0057caf5001000e5c82debae4ee1751d.udd" 4059
"../../../Engine/DerivedDataCache/Buckets/MaterialShaderMap/ab/4c/3997793087f25f56a19c16cb9385ddd42536.udd" 4060
"../../../Engine/DerivedDataCache/Buckets/MaterialShaderMap/2e/52/1e4de3afeff5c61a4b4f5d70be13019d6370.udd" 4061
"../../../Engine/DerivedDataCache/Buckets/MaterialShaderMap/6a/4e/98a2026e5cbe528558ef40d2a87244f58452.udd" 4062
"../../../Engine/DerivedDataCache/Buckets/MaterialShaderMap/e3/44/5b001a874e2cea42583201ebbe46b50e5986.udd" 4063
"../../../Engine/DerivedDataCache/Buckets/MaterialShaderMap/12/e5/bf41bd7146d68e519138d87e9ed913bbce1c.udd" 4064
"../../../Engine/DerivedDataCache/Buckets/MaterialShaderMap/c7/d8/213eaa6ae6a85d69776619f7b30870469ba3.udd" 4065
"../../../Engine/DerivedDataCache/Buckets/MaterialShaderMap/56/4c/0118763d7fd3449d04ed8410f845009399e6.udd" 4066
"../../../Engine/DerivedDataCache/Buckets/LegacyTEXTURE/96/2e/0d268e73e6c5268c8734f0226da4030bc9dc.udd" 4067
"../../../Engine/DerivedDataCache/Buckets/LegacyTEXTURE/50/fd/5aac392d8661dc88d2f10f21c8a2dffe944f.udd" 4068
"../../../Engine/DerivedDataCache/Buckets/LegacyTEXTURE/4c/f6/a269fee00ab62729b840b4bffddbb172a85b.udd" 4069
"../../../Engine/DerivedDataCache/Buckets/LegacyTEXTURE/23/14/8f0704e031a1e6837bc6fea94eab07a18c7c.udd" 4070
"../../../Engine/DerivedDataCache/Buckets/LegacyTEXTURE/63/bd/c8a526f8d06a8c77484ecc46ff72ddfcdffb.udd" 4071
"../../../Engine/DerivedDataCache/Buckets/LegacyTEXTURE/88/b2/9293a020e3dc3be178a24f9db7ab4aab7e1c.udd" 4072
"../../../Engine/DerivedDataCache/Buckets/LegacyTEXTURE/83/74/7653b7cd77c503f00bcf6b556eb27f35d722.udd" 4073
"../../../Engine/DerivedDataCache/Buckets/LegacyTEXTURE/df/ad/35514b6bfbbf5e19289a45b6285d33cc9227.udd" 4074
"../../../Engine/DerivedDataCache/Buckets/LegacyTEXTURE/16/6e/12c5bdfa0fa3d3e4ce47574cf5cba92d7309.udd" 4075
"../../../Engine/DerivedDataCache/Buckets/LegacyTEXTURE/c1/70/55d637772141c69d3ac6b77e82ba4eade9ec.udd" 4076
"../../../Engine/DerivedDataCache/Buckets/LegacyTEXTURE/33/30/7cd6399dae2418c132abdb67979443ad40b7.udd" 4077
"../../../Engine/DerivedDataCache/Buckets/LegacyTEXTURE/13/d6/151ab7a7929dde88d6111d87542416981d51.udd" 4078
"../../../Engine/DerivedDataCache/Buckets/LegacyTEXTURE/4c/f3/dd93f1828ee4afa80e0cd80ee34379d36a13.udd" 4079
"../../../Engine/Plugins/Animation/ControlRig/Content/Controls/ControlRig_Octagon_3mm.uasset" 4080
"../../../Engine/DerivedDataCache/Buckets/LegacyTEXTURE/9a/c1/ac964117a2cede10db1d06dbe1c8908eee57.udd" 4081
"../../../Engine/DerivedDataCache/Buckets/LegacyTEXTURE/04/7e/2d3b2bd5cc265cb2b0267547426c8d76133f.udd" 4082
"../../../Engine/Plugins/Animation/ControlRig/Content/Controls/ControlRig_Octagon_1mm.uasset" 4083
"../../../Engine/DerivedDataCache/Buckets/LegacyTEXTURE/58/64/584cfb1bc856b952f1bab560cd41944ac630.udd" 4084
"../../../Engine/DerivedDataCache/Buckets/LegacyTEXTURE/b5/2d/ada1dcf068dbd06543285209d69f6b6c6624.udd" 4085
"../../../Engine/DerivedDataCache/Buckets/MaterialShaderMap/16/5d/5b7f647993a0d5efbaab8aee1df917f7c8f5.udd" 4086
"../../../Engine/DerivedDataCache/Buckets/LegacyTEXTURE/af/5e/3584ac153fa1797db86eb08f86fedd30daf3.udd" 4087
"../../../Engine/DerivedDataCache/Buckets/LegacyTEXTURE/3e/84/3fdb536d4000c7072468c800b5a2bd623ebc.udd" 4088
"../../../Engine/DerivedDataCache/Buckets/LegacyTEXTURE/dc/66/b2602eab27bbab9bcd950d0cb252f1ed092b.udd" 4089
"../../../Engine/DerivedDataCache/Buckets/MaterialShaderMap/87/66/5423c0be95d3cfba03f05d6e7c4bac1a37ad.udd" 4090
"../../../Engine/DerivedDataCache/Buckets/MaterialShaderMap/8b/75/53afeb7e3217b1436326b822e5d6056762f6.udd" 4091
"../../../Engine/DerivedDataCache/Buckets/LegacyTEXTURE/65/25/7a4b3673497c22a300c6242932c53a469a4d.udd" 4092
"../../../Engine/DerivedDataCache/Buckets/LegacyTEXTURE/b9/e1/c263fdbaa59c08c3e33f3e3688aa2110921e.udd" 4093
"../../../Engine/DerivedDataCache/Buckets/MaterialShaderMap/d3/a4/315ad4d3d85fee2fac3f4fd4ab85d451ac04.udd" 4094
"../../../Engine/DerivedDataCache/Buckets/MaterialShaderMap/26/ac/a661caa4842e6d73ae0017d6fab6d78f1fd7.udd" 4095
"../../../Engine/DerivedDataCache/Buckets/LegacyTEXTURE/58/a4/51357fb7f4790c201fe732fc050619772282.udd" 4096
"../../../Engine/DerivedDataCache/Buckets/LegacyTEXTURE/65/3d/72a71eb89b2e0a3606b79a7cacdfb4289b51.udd" 4097
"../../../Engine/DerivedDataCache/Buckets/LegacyTEXTURE/d5/91/b7f3ff60a89455f5cc8f92e0075bac1d9b11.udd" 4098
"../../../Engine/DerivedDataCache/Buckets/LegacyTEXTURE/a0/78/3efdc242bb3ed414010a367795709040b7fc.udd" 4099
"../../../Engine/DerivedDataCache/Buckets/LegacyTEXTURE/3a/c2/8d4f9691a40afbb843b8f3ce82515340035f.udd" 4100
"../../../Engine/DerivedDataCache/Buckets/LegacyTEXTURE/e0/b8/675783a29d27036603de3f89d04098b3a975.udd" 4101
"../../../Engine/DerivedDataCache/Buckets/MaterialShaderMap/af/41/85a70dbeaafa7eae9a47f76ef10924de65f3.udd" 4102
"../../../Engine/DerivedDataCache/Buckets/MaterialShaderMap/c7/54/8d92b2ce693c6cd6071a4a9a2f9557e8195f.udd" 4103
"../../../Engine/DerivedDataCache/Buckets/LegacyTEXTURE/fc/8c/90e5ffe149f504132403d5f18c94e5dbf0c4.udd" 4104
"../../../Engine/DerivedDataCache/Buckets/LegacyTEXTURE/fa/9c/0c21c6020728772d35351759f551e0f993fc.udd" 4105
"../../../Engine/DerivedDataCache/Buckets/LegacyTEXTURE/0f/e9/f97f092625996d971857ebcb65680cc29c8d.udd" 4106
"../../../Engine/DerivedDataCache/Buckets/MaterialShaderMap/9c/9b/bb77e6a9e9365fb4672ec5aea4d75fb58c76.udd" 4107
"../../../Engine/DerivedDataCache/Content/44/94/2067eb894538e01304424f1fb5e3390bb4e5.udd" 4108
"../../../Engine/DerivedDataCache/Buckets/LegacyTEXTURE/7b/b4/6cb45d63160e3ee6e20529b8a2836500777d.udd" 4109
"../../../Engine/DerivedDataCache/Buckets/LegacyTEXTURE/51/89/306c03bd2bbe76acf7659aea569784c153d5.udd" 4110
"../../../Engine/DerivedDataCache/Buckets/LegacyTEXTURE/4e/03/9407373772bcde7853ccb65933b58d586ebc.udd" 4111
"../../../Engine/DerivedDataCache/Buckets/LegacyTEXTURE/0b/77/e52434f9696662c640367d426dbf575cbead.udd" 4112
"../../../Engine/DerivedDataCache/Buckets/MaterialShaderMap/ec/dd/01b01f52e3fea7e95e99c0d98e418dfaba34.udd" 4113
"../../../Engine/DerivedDataCache/Buckets/LegacyTEXTURE/5d/a7/8b0949d46ad13281b9681016505b3f9294e8.udd" 4114
"../../../Engine/DerivedDataCache/Buckets/MaterialShaderMap/a3/c3/863a3bd7cd5e66d3807820cf646804257d6b.udd" 4115
"../../../Engine/DerivedDataCache/Buckets/LegacyTEXTURE/5c/2e/640a6d662b9d972b46db898cdaa9bb703703.udd" 4116
"../../../Engine/DerivedDataCache/Buckets/LegacyTEXTURE/1f/0a/5df6204dadb78ba8587dc89fa668f54a24ce.udd" 4117
"../../../Engine/DerivedDataCache/Buckets/LegacyTEXTURE/ae/da/b79b414da208a8101cf0e11626b70c894587.udd" 4118
"../../../Engine/DerivedDataCache/Buckets/LegacyTEXTURE/11/d2/20353e69e5a8e9fc3d3b4901e559c232ab59.udd" 4119
"../../../Engine/DerivedDataCache/Buckets/LegacyTEXTURE/d0/9e/e66ae4d52716967e71d0745fbb32a519203f.udd" 4120
"../../../Engine/DerivedDataCache/Buckets/MaterialShaderMap/67/69/4fae72e6569700fabf3520c04ed4d25d0254.udd" 4121
"../../../Engine/DerivedDataCache/Buckets/LegacyTEXTURE/b5/26/f7a778160918fcf96ed9ae1ff54df02fe788.udd" 4122
"../../../Engine/DerivedDataCache/Buckets/MaterialShaderMap/79/24/70dfc52af844df2d155da8bbc207a0829418.udd" 4123
"../../../Engine/DerivedDataCache/Buckets/LegacyTEXTURE/e3/71/43b4b98c7a330e003656b5e6050050939292.udd" 4124
"../../../Engine/DerivedDataCache/Buckets/LegacyTEXTURE/d8/a0/3922759f7ab63ccf6f7ee38587f84ec3980b.udd" 4125
"../../../Engine/DerivedDataCache/Buckets/LegacyTEXTURE/2b/69/26725c3328da4a567cbe25238f88e83c7505.udd" 4126
"../../../Engine/DerivedDataCache/Buckets/LegacyTEXTURE/68/0b/2b59e684996932de3f1716288a9f8b4c0fe2.udd" 4127
"../../../Engine/DerivedDataCache/Buckets/LegacyTEXTURE/98/32/7d2296bb5570103151612d5306baa691ac72.udd" 4128
"../../../Engine/DerivedDataCache/Content/5c/50/ea26d8f17e0dacdc29fbaf2ca240210c0e19.udd" 4129
"../../../Engine/DerivedDataCache/Buckets/LegacyTEXTURE/db/d1/5d7e7a89554e29e4919cf8adbf3d90aab7ea.udd" 4130
"../../../Engine/DerivedDataCache/Buckets/LegacyTEXTURE/51/2d/3aafed1e12c464f41661c969596595978522.udd" 4131
"../../../Engine/DerivedDataCache/Buckets/LegacyTEXTURE/34/51/c53a3f82e353ae5ce3dcad8971192b43d6e2.udd" 4132
"../../../Engine/DerivedDataCache/Buckets/MaterialShaderMap/a0/60/7ed736adf1e7dd78921e03c4fec58e3eab2c.udd" 4133
"../../../Engine/DerivedDataCache/Buckets/LegacyTEXTURE/ea/44/dab02cfc4eb0003411daad7b79d74986f7a8.udd" 4134
"../../../Engine/DerivedDataCache/Buckets/LegacyTEXTURE/97/97/236ad07996eecdcce27819896395d471f17e.udd" 4135
"../../../Engine/DerivedDataCache/Content/f9/b8/e3d2835f28688f165a72909b3e6cd4ebd190.udd" 4136
"../../../Engine/DerivedDataCache/Buckets/LegacyTEXTURE/3d/c6/fefdde1c49d57f107d95b5bd337a6e7f1d43.udd" 4137
"../../../Engine/DerivedDataCache/Buckets/LegacyTEXTURE/be/9a/6923f9ef45f1e8f3f31d15da993ddaa17f44.udd" 4138
"../../../Engine/DerivedDataCache/Buckets/LegacyTEXTURE/9b/84/345d543757365242ae95b0f6d69e897f929f.udd" 4139
"../../../Engine/DerivedDataCache/Buckets/MaterialShaderMap/99/19/0b5376b479d62bb6dea1736ad7ea0701426b.udd" 4140
"../../../Engine/Plugins/Animation/ControlRig/Content/Controls/ControlRig_Hexagon_solid.uasset" 4141
"../../../Engine/Plugins/Animation/ControlRig/Content/Controls/ControlRig_Hexagon_3mm.uasset" 4142
"../../../Engine/Plugins/Animation/ControlRig/Content/Controls/ControlRig_Hexagon_1mm.uasset" 4143
"../../../Engine/DerivedDataCache/Buckets/MaterialShaderMap/d7/94/647a5bff7d12e98385045a015f6d7d3d110e.udd" 4144
"../../../Engine/DerivedDataCache/Buckets/MaterialShaderMap/2e/8f/a0790cbd6c610294cf156a4d4922f81d661d.udd" 4145
"../../../Engine/DerivedDataCache/Buckets/MaterialShaderMap/9e/8b/15c9acfdd6563be84c2d9d73605f4a9e0577.udd" 4146
"../../../Engine/DerivedDataCache/Buckets/MaterialShaderMap/e3/44/fa8b55d9f717aa31c14f83d0c4b4bf5dba70.udd" 4147
"../../../Engine/DerivedDataCache/Buckets/MaterialShaderMap/4c/ee/be10f139e8cd55e9e931958df645e90ed0b3.udd" 4148
"../../../Engine/DerivedDataCache/Buckets/MaterialShaderMap/97/99/0dbfba1edbbc1157316493b97d5c0a612519.udd" 4149
"../../../Engine/DerivedDataCache/Buckets/MaterialShaderMap/72/19/b960af5d8f735b65c2b1c14915aea4e2e8b7.udd" 4150
"../../../Engine/DerivedDataCache/Buckets/MaterialShaderMap/c6/8f/55308f8d7b83dbb504b6ed1cfc9033f61015.udd" 4151
"../../../Engine/DerivedDataCache/Buckets/MaterialShaderMap/ec/39/a21cf24d5936ceb30e74716428f9db3a3414.udd" 4152
"../../../Engine/DerivedDataCache/Buckets/MaterialShaderMap/b5/be/5e1a979024a01678229d30b37418a7af3f60.udd" 4153
"../../../Engine/DerivedDataCache/Buckets/MaterialShaderMap/7e/85/f3093abc468b5f041c5520d7238a8e36df54.udd" 4154
"../../../Engine/DerivedDataCache/Content/e7/0e/543e1a6d6d49d29b035f22fd0ae789331b64.udd" 4155
"../../../Engine/DerivedDataCache/Buckets/MaterialShaderMap/f6/33/b45c94c3726fe2aedeb56b1ff9282c53614f.udd" 4156
"../../../Engine/DerivedDataCache/Buckets/MaterialShaderMap/02/31/3598340613d57bbc1f7fd5dc4fc04e773c67.udd" 4157
"../../../Engine/DerivedDataCache/Content/cf/1f/45381fd8895c3a95b2ec92a09e4177c425e8.udd" 4158
"../../../Engine/DerivedDataCache/Buckets/MaterialShaderMap/6f/e2/7f38c577d0761b3d80bae77afdca486ae093.udd" 4159
"../../../Engine/DerivedDataCache/Buckets/StaticMesh/cc/e9/22aa2c26abd8eab36d46902ddec547dc875b.udd" 4160
"../../../Engine/Plugins/Animation/ControlRig/Content/Controls/ControlRig_HalfCircle_solid.uasset" 4161
"../../../Engine/Plugins/Animation/ControlRig/Content/Controls/ControlRig_HalfCircle_3mm.uasset" 4162
"../../../Engine/DerivedDataCache/Buckets/StaticMesh/51/c6/2483e0b76a9fe190df5a602e6f2df7e87253.udd" 4163
"../../../Engine/DerivedDataCache/Buckets/LegacyDIST/c2/70/ba56944e9a5495be8aaf4045c465a43f5277.udd" 4164
"../../../Engine/Plugins/Animation/ControlRig/Content/Controls/ControlRig_HalfCircle_1mm.uasset" 4165
"../../../Engine/Plugins/Animation/ControlRig/Content/Controls/ControlRig_Diamond_solid.uasset" 4166
"../../../Engine/DerivedDataCache/Buckets/StaticMesh/21/b8/a767cd8198f6bb001c417057a6739b91c6d6.udd" 4167
"../../../Engine/DerivedDataCache/Buckets/MaterialShaderMap/05/ca/84b6130f06bd556467ad45070846ba766252.udd" 4168
"../../../Engine/DerivedDataCache/Buckets/StaticMesh/27/35/ee96f0455a5d62762d841f788968b4a39b9d.udd" 4169
"../../../Engine/DerivedDataCache/Buckets/StaticMesh/7c/b0/beb97f10609547e64b3d16cf267a259d4200.udd" 4170
"../../../Engine/DerivedDataCache/Buckets/MaterialShaderMap/e6/71/4740428a995e9f1d0c62f6472692b3afee56.udd" 4171
"../../../Engine/DerivedDataCache/Buckets/LegacyDIST/aa/c5/c210fa059c6027dd416bfc3028eaf2117b6d.udd" 4172
"../../../Engine/DerivedDataCache/Buckets/MaterialShaderMap/19/73/e174368b5ffe71b667f49f271d82940e3028.udd" 4173
"../../../Engine/DerivedDataCache/Buckets/MaterialShaderMap/63/d1/d6932fd6c455ce41775d36cd0296c4e26041.udd" 4174
"../../../Engine/Plugins/Animation/ControlRig/Content/Controls/ControlRig_Diamond_3mm.uasset" 4175
"../../../Engine/DerivedDataCache/Buckets/StaticMesh/ed/85/f4120d6f9eb03207875992251a5e3900af48.udd" 4176
"../../../Engine/Plugins/Animation/ControlRig/Content/Controls/ControlRig_Circle_solid.uasset" 4177
"../../../Engine/Plugins/Animation/ControlRig/Content/Controls/ControlRig_Diamond_1mm.uasset" 4178
"../../../Engine/Plugins/Animation/ControlRig/Content/Controls/ControlRig_Circle_3mm.uasset" 4179
"../../../Engine/DerivedDataCache/Buckets/LegacyCARD/05/fb/dffbf5d397c77c88a0947a3907bc7d01fab6.udd" 4180
"../../../Engine/DerivedDataCache/Buckets/LegacyDIST/64/96/14a1e3790970b8a196d1468376ba60e19675.udd" 4181
"../../../Engine/DerivedDataCache/Buckets/MaterialShaderMap/41/0e/7f18702c88af82d96cdc111525271a831033.udd" 4182
"../../../Engine/Plugins/Animation/ControlRig/Content/Controls/ControlRig_Box_solid.uasset" 4183
"../../../Engine/DerivedDataCache/Buckets/StaticMesh/cb/50/c218dab365fa7fbab99a72278cbfb255ad3e.udd" 4184
"../../../Engine/Plugins/Animation/ControlRig/Content/Controls/ControlRig_Circle_1mm.uasset" 4185
"../../../Engine/DerivedDataCache/Buckets/MaterialShaderMap/3b/97/9b2d39f25bce3141f1326570f0087b55ce6d.udd" 4186
"../../../Engine/Plugins/Animation/ControlRig/Content/Controls/ControlRig_Box_3mm.uasset" 4187
"../../../Engine/DerivedDataCache/Buckets/LegacyDIST/e3/79/2a81755b261074823c448d121b72f95695c5.udd" 4188
"../../../Engine/Plugins/Animation/ControlRig/Content/Controls/ControlRig_Box_1mm.uasset" 4189
"../../../Engine/DerivedDataCache/Buckets/LegacyDIST/37/35/4287d119983787cf559f0aab01375b3eebfd.udd" 4190
"../../../Engine/Plugins/Animation/ControlRig/Content/Controls/ControlRig_Arrow_solid.uasset" 4191
"../../../Engine/Plugins/Animation/ControlRig/Content/Controls/ControlRig_Arrow_3mm.uasset" 4192
"../../../Engine/DerivedDataCache/Buckets/LegacyCARD/f0/e9/1a33e7fd0448b0b3016642ed5384b837300d.udd" 4193
"../../../Engine/Plugins/Animation/ControlRig/Content/Controls/ControlRig_Arrow_1mm.uasset" 4194
"../../../Engine/DerivedDataCache/Buckets/LegacyDIST/22/43/d081dff525f0a0dcc5de5ae5883a367aef05.udd" 4195
"../../../Engine/DerivedDataCache/Buckets/LegacyNavCollision/4c/4e/a39a4f1a61aeb61b4253f4b78a388a79da1d.udd" 4196
"../../../Engine/DerivedDataCache/Buckets/LegacyCARD/40/cb/f842d5f34ade282ba1ba4207c78f704fbc48.udd" 4197
"../../../Engine/Plugins/Animation/ControlRig/Content/Controls/ControlRig_Arrow4_3mm.uasset" 4198
"../../../Engine/Plugins/Animation/ControlRig/Content/Controls/ControlRig_Arrow4_solid.uasset" 4199
"../../../Engine/DerivedDataCache/Buckets/LegacyCARD/c7/f3/59a960126ab39ed2485ab8a826fe77b999bb.udd" 4200
"../../../Engine/Plugins/Animation/ControlRig/Content/Controls/ControlRig_Arrow4_1mm.uasset" 4201
"../../../Engine/Plugins/Animation/ControlRig/Content/Controls/ControlRig_Arrow2_solid.uasset" 4202
"../../../Engine/DerivedDataCache/Buckets/LegacyDIST/d9/65/b8b08357a1241a57c3bef9c49d43cd8f9045.udd" 4203
"../../../Engine/DerivedDataCache/Buckets/LegacyCARD/ca/c7/875e801e0eab6534e3f42fe0d28f622edb22.udd" 4204
"../../../Engine/DerivedDataCache/Buckets/LegacyCARD/77/2f/9e782497a0daa905128c130095ea35f1be68.udd" 4205
"../../../Engine/Plugins/Animation/ControlRig/Content/Controls/ControlRig_Arrow2_3mm.uasset" 4206
"../../../Engine/DerivedDataCache/Buckets/LegacyNavCollision/61/13/d9708847d18ace3a05ebe3b87d753287c9bd.udd" 4207
"../../../Engine/DerivedDataCache/Buckets/StaticMesh/31/7c/756f1aed9ce334b5520ef18be83d34452371.udd" 4208
"../../../Engine/DerivedDataCache/Buckets/LegacyNavCollision/3f/28/83dfff5c288b02932f88267b95a261c00c45.udd" 4209
"../../../Engine/DerivedDataCache/Buckets/LegacyNavCollision/d2/10/8ffa639147741d2042202617a2fd2884da94.udd" 4210
"../../../Engine/DerivedDataCache/Buckets/LegacyCARD/71/c6/3fe515c8045641b3ef8df1ec740e1d4ac2ef.udd" 4211
"../../../Engine/DerivedDataCache/Buckets/LegacyNavCollision/23/04/209993eaa7488b46504690f3c86831f79cd7.udd" 4212
"../../../Engine/DerivedDataCache/Buckets/LegacyNavCollision/8e/20/7e8e5d44399b87c39bba2f5eb0ed135d701a.udd" 4213
"D:/Unreal/LostWaves/Content/Level/Level_Test.umap" 4214
"../../../Engine/DerivedDataCache/Buckets/LegacyDIST/99/c2/a6f2be0dd080ced144d5632eeb070d5a3e40.udd" 4215
"../../../Engine/Plugins/Animation/ControlRig/Content/Controls/ControlRig_Arrow2_1mm.uasset" 4216
"../../../Engine/DerivedDataCache/Buckets/LegacyNavCollision/82/85/d029908a17e5825b716165d065a7bceb8dc6.udd" 4217
"D:/Unreal/LostWaves/Content/Level/Level_Login.umap" 4218
"../../../Engine/Content/EngineSounds/Submixes/MasterEQSubmixDefault.uasset" 4219
"../../../Engine/Content/EngineSounds/Submixes/MasterSubmixDefault.uasset" 4220
"../../../Engine/Plugins/Animation/ControlRig/Content/Controls/ControlRig_Sphere_solid.uasset" 4221
"../../../Engine/Content/EngineSounds/Submixes/MasterReverbSubmixDefault.uasset" 4222
"../../../Engine/DerivedDataCache/Buckets/LegacyCARD/ae/c3/3f67d685c7da7604f31bef2e568e318a6e7a.udd" 4223
"../../../Engine/DerivedDataCache/Buckets/StaticMesh/d4/3a/1c6623f5031777f107a2772b9135c653beeb.udd" 4224
"../../../Engine/DerivedDataCache/Buckets/LegacyNavCollision/08/ce/bc337aab32bfc7b5ba8b2c6177529fb81ae2.udd" 4225
"D:/Unreal/LostWaves/Content/Blueprint/UI/WBP_Login.uasset" 4226
"../../../Engine/DerivedDataCache/Buckets/StaticMesh/d1/ac/cdc6c0bd3940000e7dd5bff5adde23d09db4.udd" 4227
"../../../Engine/DerivedDataCache/Buckets/StaticMesh/2a/a6/7f31fe62b1f8f88b6635964dc026c55e1221.udd" 4228
"../../../Engine/DerivedDataCache/Buckets/LegacyDIST/90/4b/53e1fd74ac79b190b46b864f1bcbcedb1c3f.udd" 4229
"D:/Unreal/LostWaves/Content/Blueprint/Game/BP_LoginGameMode.uasset" 4230
"../../../Engine/DerivedDataCache/Buckets/LegacyCARD/af/30/7ae8ba3bc111b68f68b63e9f537a012d0908.udd" 4231
"D:/Unreal/LostWaves/Content/Blueprint/Game/BP_LoginPlayerController.uasset" 4232
"../../../Engine/DerivedDataCache/Buckets/LegacyNavCollision/10/57/ff5ec2a4234490a911d5518a8c4317ef6c38.udd" 4233
"../../../Engine/DerivedDataCache/Buckets/StaticMesh/9b/99/3fe638bb7897f7194f9d5841037feaeed83e.udd" 4234
"../../../Engine/DerivedDataCache/Buckets/StaticMesh/52/97/f446fe6e3e04944441bdbe9d09e594b6f57a.udd" 4235
"../../../Engine/DerivedDataCache/Buckets/StaticMesh/65/65/45160da6aeaadd80bc35eed064e57d609c9e.udd" 4236
"../../../Engine/DerivedDataCache/Buckets/LegacyDIST/f2/12/e59f391c49642f2ef03933ed2899359b49c7.udd" 4237
"../../../Engine/DerivedDataCache/Buckets/LegacyDIST/8f/ea/dc28930527cec411917935350e8e4d66dab3.udd" 4238
"../../../Engine/DerivedDataCache/Buckets/StaticMesh/cf/cc/e5f8b2968a25a284809c26f89cd02f70b5c8.udd" 4239
"../../../Engine/DerivedDataCache/Buckets/LegacyDIST/d8/71/70732ca098dfe81742e2e7f406fd334acc9e.udd" 4240
"../../../Engine/DerivedDataCache/Buckets/LegacyDIST/44/08/cf0ef99fc41c758577b5c8ab7636a77cb69d.udd" 4241
"../../../Engine/DerivedDataCache/Buckets/LegacyCARD/2e/2e/95bbdcaae92d1b24aa9fab066749beea0a43.udd" 4242
"../../../Engine/DerivedDataCache/Buckets/LegacyCARD/26/c2/317283cc26f161896f54628bcb74953483bd.udd" 4243
"../../../Engine/DerivedDataCache/Buckets/StaticMesh/0e/1b/828a7f1ff32455d482b765f4ac0d80355d94.udd" 4244
"../../../Engine/DerivedDataCache/Buckets/LegacyDIST/79/58/552181e1110fd5ec4d94f94a20f1f3b48c56.udd" 4245
"../../../Engine/DerivedDataCache/Buckets/LegacyCARD/77/5c/ae6b00e055b67177ae366fe56bc63ff653a0.udd" 4246
"../../../Engine/DerivedDataCache/Buckets/LegacyNavCollision/6e/84/d0cd6fffd4866133004d3f4803aaa773c1ae.udd" 4247
"../../../Engine/DerivedDataCache/Buckets/LegacyCARD/82/84/4d84fd8b94ef26d8f326b517a585e5856497.udd" 4248
"../../../Engine/DerivedDataCache/Buckets/LegacyDIST/23/05/64fd18211ffff3caea5f0a293a67f9c8b522.udd" 4249
"../../../Engine/DerivedDataCache/Buckets/LegacyCARD/ce/e2/5b3146de272a424b146bd59da20a94cc9c6a.udd" 4250
"../../../Engine/DerivedDataCache/Buckets/LegacyNavCollision/bf/bf/a4ca73f202cc48e0da71a1ffaeba04a01e7f.udd" 4251
"../../../Engine/DerivedDataCache/Buckets/LegacyNavCollision/a1/d5/94627ff7641fa3839f0b1f3209af7e60c6b4.udd" 4252
"../../../Engine/Content/Maps/Templates/HLODs/HLODLayer_Instanced.uasset" 4253
"../../../../Unreal/LostWaves/Content/__ExternalActors__/Level/Level_Test/7/CP/SD9JTRBJ15G6OQOQ01V81K.uasset" 4254
"../../../Engine/DerivedDataCache/Buckets/LegacyDIST/aa/e1/1b9f1cf6514884b3f1dbcca998de2e06ce73.udd" 4255
"../../../../Unreal/LostWaves/Content/Level/Level_Test.umap" 4256
"../../../Engine/DerivedDataCache/Buckets/LegacyCARD/95/64/2d3eaf839a3235a4c256eab76711bb407085.udd" 4257
"../../../Engine/DerivedDataCache/Buckets/StaticMesh/c4/64/a6859f31f07353b9dafeaf036a3e768029bc.udd" 4258
"../../../Engine/DerivedDataCache/Buckets/StaticMesh/25/cf/1e706711167ea1b0b8b22b9185db53084462.udd" 4259
"../../../Engine/DerivedDataCache/Buckets/StaticMesh/90/f1/7407239438bca56c0d0f73dfed227fe773c7.udd" 4260
"../../../Engine/DerivedDataCache/Buckets/LegacyCARD/d9/cd/da55dcde5488776f292867e8362ad0cedca5.udd" 4261
"../../../Engine/DerivedDataCache/Buckets/LegacyNavCollision/75/c1/cf88e5622553c2864501abe851129452f3d2.udd" 4262
"../../../Engine/DerivedDataCache/Buckets/LegacyNavCollision/21/ea/38b1f0f9cea8e173dc3904eeeef07818c2f3.udd" 4263
"../../../Engine/DerivedDataCache/Buckets/LegacyDIST/d7/71/09e075381544e9b4f9d64a37638e570c121b.udd" 4264
"../../../Engine/DerivedDataCache/Buckets/LegacyDIST/38/c0/d52d2c5e671a05d923b3f17764e7ef51ff91.udd" 4265
"../../../Engine/DerivedDataCache/Buckets/LegacyDIST/20/f7/bb0e31999a02dacf4d7faf3058218cd14ba6.udd" 4266
"../../../Engine/DerivedDataCache/Buckets/StaticMesh/be/4a/aa3645bb6706d4b5542d2f3449779c321590.udd" 4267
"../../../Engine/DerivedDataCache/Buckets/LegacyNavCollision/37/5e/dafa1da78e7751c70021256957ccb343f688.udd" 4268
"../../../Engine/DerivedDataCache/Buckets/LegacyCARD/7e/b5/833add4a769696b33c4dce96d25ca9e609ab.udd" 4269
"../../../Engine/DerivedDataCache/Buckets/LegacyCARD/b1/2a/17e6a76f1831fca490b92ba69d3ff078f6ad.udd" 4270
"../../../Engine/DerivedDataCache/Buckets/LegacyNavCollision/78/1c/366b41c0187e759e57860db143d1f7e52852.udd" 4271
"../../../Engine/DerivedDataCache/Buckets/StaticMesh/86/66/58f7746ac73c35171d2b7f86949c2773beed.udd" 4272
"../../../Engine/DerivedDataCache/Buckets/LegacyNavCollision/6e/47/66089a3dfa40ab342973d2b6e8cd75962b43.udd" 4273
"../../../Engine/DerivedDataCache/Buckets/StaticMesh/c9/7c/8622707e348272d8b126d8bc8a1ce9fc9c43.udd" 4274
"../../../Engine/DerivedDataCache/Buckets/LegacyNavCollision/07/f9/656ddd61e9544da5ce312bbdae55a21c59f5.udd" 4275
"../../../Engine/DerivedDataCache/Buckets/LegacyDIST/f0/05/61377b4110132bd7b9542baa1d81fdb6ff85.udd" 4276
"../../../Engine/DerivedDataCache/Buckets/LegacyCARD/cf/64/a4ab7f5f3dc592cc2ea22fa234321f692fc8.udd" 4277
"../../../Engine/DerivedDataCache/Buckets/LegacyCARD/2e/4a/074961e9e68ba014fa54afe01e063cdfd456.udd" 4278
"../../../Engine/DerivedDataCache/Buckets/LegacyDIST/4e/c3/cd5c6aab4b038cb690f978da1a5ec8673d99.udd" 4279
"../../../Engine/DerivedDataCache/Buckets/StaticMesh/c8/e8/004794883a7d236e1256e26d8455e78b4416.udd" 4280
"../../../Engine/DerivedDataCache/Buckets/LegacyDIST/a5/c7/5c516e4f0f185c8aad50853242b5bf447503.udd" 4281
"../../../Engine/DerivedDataCache/Buckets/LegacyNavCollision/59/3a/39b99e93f58c64d9f9151e65a22283045cb7.udd" 4282
"../../../Engine/DerivedDataCache/Buckets/LegacyNavCollision/31/e9/8137f0621109bb91ed0b2ecf487dda69da5d.udd" 4283
"../../../Engine/DerivedDataCache/Buckets/LegacyDIST/8c/7a/994bc51a600851a07642f6f76220b101121c.udd" 4284
"../../../Engine/DerivedDataCache/Buckets/StaticMesh/86/d3/0262b961578aacf57e12f4dd587c30d0c9ec.udd" 4285
"../../../Engine/DerivedDataCache/Buckets/LegacyCARD/8f/23/a50f45f430933b2c7a99254be3adcbe4a898.udd" 4286
"../../../Engine/DerivedDataCache/Buckets/LegacyCARD/bb/bd/ea04666953e01679fca8c6a6617478b1d5c2.udd" 4287
"../../../Engine/DerivedDataCache/Buckets/LegacyNavCollision/d8/9d/db0428414dac733fae89d8753ac3815fbdb4.udd" 4288
"../../../Engine/DerivedDataCache/Buckets/StaticMesh/d7/95/d5e9041be31ab50fc47d45458a08169927a9.udd" 4289
"../../../Engine/DerivedDataCache/Buckets/LegacyCARD/16/3d/3229151f64f4e0163089abe3b48a7e899a23.udd" 4290
"../../../Engine/DerivedDataCache/Buckets/StaticMesh/d5/b3/575a68a3bcd6a5724059496a6f4d327b0c01.udd" 4291
"../../../Engine/DerivedDataCache/Buckets/LegacyNavCollision/f3/b0/34e0cd3650f14a51a490a2f516cbe7910625.udd" 4292
"../../../Engine/DerivedDataCache/Buckets/StaticMesh/d4/c1/d1f6797260fa3463f7665cba5a947c726d37.udd" 4293
"../../../Engine/DerivedDataCache/Buckets/LegacyNavCollision/7f/ca/1963b8e1201efadaaa724fb821ee7a262227.udd" 4294
"../../../Engine/DerivedDataCache/Buckets/LegacyDIST/12/d0/b956ad290694134edd5baa1d7b8bc364773c.udd" 4295
"../../../Engine/DerivedDataCache/Buckets/LegacyDIST/f0/2b/377e22c5d5680b1419224c47b1f4e6fa1621.udd" 4296
"../../../Engine/DerivedDataCache/Buckets/LegacyDIST/0f/3b/7f7373b0c57273ec00cb3b00cab90642aee3.udd" 4297
"../../../Engine/DerivedDataCache/Buckets/StaticMesh/10/c8/683b447de68505b614a74bfd9e7afea749e8.udd" 4298
"../../../Engine/DerivedDataCache/Buckets/LegacyCARD/87/47/e1e30f7f6c9350ce3819aafa3926332c90cd.udd" 4299
"../../../Engine/DerivedDataCache/Buckets/StaticMesh/a5/6a/9a311b7de2fcc344d81f44ffc9a313a8762f.udd" 4300
"../../../Engine/DerivedDataCache/Buckets/LegacyDIST/31/ff/6f848b68ea5f822183eba4c8ce38222415ab.udd" 4301
"../../../Engine/DerivedDataCache/Buckets/LegacyDIST/7a/33/d5be516bcc3cfb9f8e8bb205674301cffe68.udd" 4302
"../../../Engine/DerivedDataCache/Buckets/LegacyNavCollision/d7/0f/7bef56ad1ca6b674ab812c28bbaf4a6edc9d.udd" 4303
"../../../Engine/DerivedDataCache/Buckets/LegacyCARD/47/01/29e1341ca414cf415da6b97194aed11065cc.udd" 4304
"../../../Engine/DerivedDataCache/Buckets/LegacyCARD/4c/a2/b5f6447ee77d5de78572fcafe558b64ab09e.udd" 4305
"../../../Engine/DerivedDataCache/Buckets/LegacyCARD/b5/e6/9a642fff174066434373fce6b6a05bc76bc3.udd" 4306
"../../../../Unreal/LostWaves/Content/__ExternalActors__/Level/Level_Test/0/7E/1EC7NA75A00KMJVOC80RMU.uasset" 4307
"../../../../Unreal/LostWaves/Content/__ExternalActors__/Level/Level_Test/0/HA/C1XGG6UY7H5HX0X00L5CKP.uasset" 4308
"../../../Engine/DerivedDataCache/Buckets/LegacyDIST/9c/e2/d177fb408f7a1cfb919cbeb6ab96831477f7.udd" 4309
"../../../../Unreal/LostWaves/Content/LevelPrototyping/Materials/MI_PrototypeGrid_TopDark.uasset" 4310
"../../../Engine/DerivedDataCache/Buckets/LegacyCARD/3f/52/614e1cd85c338be62c4cf55d17b791d2018f.udd" 4311
"../../../Engine/DerivedDataCache/Buckets/LegacyCARD/80/a7/00801f647e618bf720acfc127e284001e144.udd" 4312
"../../../Engine/DerivedDataCache/Buckets/StaticMesh/a5/a0/072506fa03f8a5ff002979e024262c2e78df.udd" 4313
"../../../Engine/DerivedDataCache/Buckets/StaticMesh/09/4b/ebfaae55e29a998b00526d4fb71a72ad3170.udd" 4314
"../../../../Unreal/LostWaves/Content/LevelPrototyping/Materials/M_PrototypeGrid.uasset" 4315
"../../../Engine/DerivedDataCache/Buckets/LegacyNavCollision/1e/0c/f2af2f27820353f5a29623eb57e23aff3ea1.udd" 4316
"../../../Engine/DerivedDataCache/Buckets/LegacyNavCollision/c2/ad/8d6bca0da55b6c6cc20445f8663233492ebf.udd" 4317
"../../../Engine/DerivedDataCache/Buckets/LegacyNavCollision/0a/54/101f66c88a7fe2fc52668692e0e237c3dc44.udd" 4318
"../../../../Unreal/LostWaves/Content/LevelPrototyping/Materials/MF_ProcGrid.uasset" 4319
"../../../Engine/Content/Functions/Engine_MaterialFunctions01/ImageAdjustment/CheapContrast.uasset" 4320
"../../../Engine/DerivedDataCache/Buckets/LegacyNavCollision/b8/c9/140b6cc0b58f62b48bf3a7a951d11b8af1cc.udd" 4321
"../../../Engine/Content/Functions/Engine_MaterialFunctions01/Gradient/LinearGradient.uasset" 4322
"../../../Engine/DerivedDataCache/Buckets/LegacyDIST/c0/3e/21977f6d7c457a03a264bd28fb9496cd2c27.udd" 4323
"../../../Engine/DerivedDataCache/Buckets/LegacyNavCollision/d0/5c/07213484ed7152284de287603c087932c9dd.udd" 4324
"../../../Engine/DerivedDataCache/Buckets/LegacyCARD/7a/28/b32c06e27e287b09ded45be7791e67d27658.udd" 4325
"../../../Engine/DerivedDataCache/Buckets/LegacyDIST/d8/a2/56c4c154fe730ac9c640367bd244115a5c55.udd" 4326
"../../../Engine/DerivedDataCache/Buckets/StaticMesh/49/c6/fc1e16e926ba8752a7a65e5703303049403e.udd" 4327
"../../../Engine/DerivedDataCache/Buckets/StaticMesh/f8/84/56a3fb119091af5f4359ddd41335ab0b6a67.udd" 4328
"../../../Engine/DerivedDataCache/Buckets/StaticMesh/73/dc/6ac187d7dbe0eede2df5d3350f2ee66ce0f5.udd" 4329
"../../../Engine/Content/Functions/Engine_MaterialFunctions02/Utility/MakeFloat3.uasset" 4330
"../../../Engine/DerivedDataCache/Buckets/StaticMesh/ef/28/69c646797f28a92ea4d1088675b89fc3fedb.udd" 4331
"../../../Engine/DerivedDataCache/Buckets/LegacyCARD/f8/72/a06c3ac59e00a4c6e61d510e3e96bed69f66.udd" 4332
"../../../Engine/DerivedDataCache/Buckets/LegacyNavCollision/ec/b8/cc7a662119675c9347d140ee5913a32771bd.udd" 4333
"../../../../Unreal/LostWaves/Content/LevelPrototyping/Textures/T_GridChecker_A.uasset" 4334
"../../../Engine/DerivedDataCache/Buckets/LegacyNavCollision/55/17/7f90390cffd9e4aceee1e8e9b91bcc728f8d.udd" 4335
"../../../Engine/DerivedDataCache/Buckets/StaticMesh/eb/c2/5c5173fe9274c43a38e0fb46c18fcac0e32d.udd" 4336
"../../../../Unreal/LostWaves/Content/LevelPrototyping/Meshes/SM_QuarterCylinder.uasset" 4337
"../../../Engine/DerivedDataCache/Buckets/LegacyDIST/40/ad/01cfdf8b87f26d9055be7e34c6559aa644d7.udd" 4338
"../../../Engine/DerivedDataCache/Buckets/LegacyDIST/7e/6b/52e6ade208e52e86895517ffc18e6c70b2ba.udd" 4339
"../../../Engine/DerivedDataCache/Buckets/LegacyDIST/1f/4f/09c03cfe52cb4a9a4d9239255aee5a7dff3e.udd" 4340
"../../../Engine/DerivedDataCache/Buckets/LegacyDIST/da/42/49111ffcc2539fde8f002af6f508e04f4aa2.udd" 4341
"../../../Engine/DerivedDataCache/Buckets/LegacyCARD/94/8c/66e0a06695ab8eb9efc0489fe8061f3b1f2a.udd" 4342
"../../../../Unreal/LostWaves/Content/LevelPrototyping/Materials/MI_PrototypeGrid_Gray.uasset" 4343
"../../../Engine/DerivedDataCache/Buckets/StaticMesh/45/68/5f7640a7e17ae6612d379319aa08e4275866.udd" 4344
"../../../Engine/DerivedDataCache/Buckets/LegacyNavCollision/4b/7d/e598f42843cf779fa9520c8ef0ec48668785.udd" 4345
"../../../Engine/DerivedDataCache/Buckets/BulkDataList/b6/2c/5f3b25553fbf5b86767b741ab0f62661cc3d.udd" 4346
"../../../Engine/DerivedDataCache/Buckets/StaticMesh/7a/70/e8897640cd370934c1c7b25c34463eeb94f1.udd" 4347
"../../../Engine/DerivedDataCache/Buckets/LegacyDIST/52/8a/82d9366e4c1bfa7d4335f52392ccf188c0d6.udd" 4348
"../../../Engine/DerivedDataCache/Buckets/LegacyDIST/33/de/759a3b7b794438f62fd1e677f3bfe5d6651c.udd" 4349
"../../../../Unreal/LostWaves/Content/__ExternalActors__/Level/Level_Test/1/MI/YGIBKDO06LZHA4F7THBDSW.uasset" 4350
"../../../Engine/DerivedDataCache/Buckets/LegacyCARD/eb/85/2ee7ecd8b3192ebe7363145e650818a2d543.udd" 4351
"../../../Engine/DerivedDataCache/Buckets/LegacyCARD/a4/94/b1887873228fd074b4dde6bbc8badb638166.udd" 4352
"../../../Engine/DerivedDataCache/Buckets/StaticMesh/76/c9/02c2dfa905246ffa2b373c06742845adb793.udd" 4353
"../../../../Unreal/LostWaves/Content/LevelPrototyping/Meshes/SM_Cube.uasset" 4354
"../../../Engine/DerivedDataCache/Buckets/LegacyCARD/14/e3/96c2c7418069573bcbf07943cf9c432ce725.udd" 4355
"../../../Engine/DerivedDataCache/Buckets/LegacyDIST/9c/b7/fa9b716d887dab9081f06650fd5c4c785f06.udd" 4356
"../../../../Unreal/LostWaves/Content/__ExternalActors__/Level/Level_Test/2/G4/H3MMLY2OMXF0T899YZAGT7.uasset" 4357
"../../../Engine/DerivedDataCache/Buckets/LegacyCARD/77/05/34994513758aebcefc339ad823af4f2a3c7e.udd" 4358
"../../../Engine/DerivedDataCache/Buckets/LegacyCARD/04/98/2a88fafe3d602d3a89de6f830ed369ebac60.udd" 4359
"../../../Engine/DerivedDataCache/Buckets/LegacyNavCollision/9e/c1/6d5fb1d7f725bd34be1218ddff885704e075.udd" 4360
"../../../../Unreal/LostWaves/Content/__ExternalActors__/Level/Level_Test/2/X5/TZ7N3MF2NJBJLSLZ3HH3F8.uasset" 4361
"../../../Engine/DerivedDataCache/Buckets/LegacyNavCollision/df/e0/e2c2d3b5e8b832c90d8eb5a4d5be1ae47096.udd" 4362
"../../../Engine/DerivedDataCache/Buckets/LegacyNavCollision/83/23/b5924ec48aa97b1bc3c3df26ca8152b4798c.udd" 4363
"../../../../Unreal/LostWaves/Content/__ExternalActors__/Level/Level_Test/2/YN/62MM66082JT2IUBGSUMAQH.uasset" 4364
"../../../Engine/DerivedDataCache/Buckets/LegacyNavCollision/a9/12/ddd8281d483abe31dd4612b8a03f618b1289.udd" 4365
"../../../Engine/DerivedDataCache/Buckets/LegacyNavCollision/ae/8e/d2e832753712fa1c265eec8b2903559c0b80.udd" 4366
"../../../../Unreal/LostWaves/Content/__ExternalActors__/Level/Level_Test/3/VQ/4BTN9OF0FEPTXOUDSD9YL2.uasset" 4367
"../../../Engine/DerivedDataCache/Buckets/LegacyDIST/51/37/e713d4bdf4fa69041d7d0af6bab29af41353.udd" 4368
"../../../../Unreal/LostWaves/Content/__ExternalActors__/Level/Level_Test/4/2Y/BN08YGC5RM08W83PD8MVGT.uasset" 4369
"../../../Engine/DerivedDataCache/Buckets/LegacyCARD/a9/3e/f6b4c3a03d52ac43471721f3d0b4d4fa3629.udd" 4370
"../../../../Unreal/LostWaves/Content/__ExternalActors__/Level/Level_Test/4/3Y/ZTYVPO1SCY89TRUC7KX55P.uasset" 4371
"../../../Engine/DerivedDataCache/Buckets/StaticMesh/94/c8/85f6621fee133334768fd2566c4efa142615.udd" 4372
"../../../../Unreal/LostWaves/Content/__ExternalActors__/Level/Level_Test/4/LG/QLYL2YB142G59OWNH4T3O2.uasset" 4373
"../../../Engine/DerivedDataCache/Buckets/StaticMesh/86/80/37fa77cf1deb66f4a51e48d1b5d978d1e3c7.udd" 4374
"../../../../Unreal/LostWaves/Content/__ExternalActors__/Level/Level_Test/4/UE/BJC35FY1Z00DFBV45BDAGD.uasset" 4375
"../../../Engine/DerivedDataCache/Buckets/LegacyNavCollision/d3/4a/e88b2c57f5c5e90c65265e15a20781929c17.udd" 4376
"../../../../Unreal/LostWaves/Content/LevelPrototyping/Meshes/SM_Ramp.uasset" 4377
"../../../Engine/DerivedDataCache/Buckets/StaticMesh/6f/08/2c70122431fcccae65e1c80a18ad2a917405.udd" 4378
"../../../Engine/DerivedDataCache/Buckets/LegacyCARD/15/27/c86d76eb690e9aa4257260d715c024215010.udd" 4379
"../../../Engine/DerivedDataCache/Buckets/StaticMesh/8e/a9/4546bac2195370d96958d82ee00f010fa2ef.udd" 4380
"../../../Engine/DerivedDataCache/Buckets/StaticMesh/b1/03/308dbe058cb0c6e7291f1303ecbd322b80f1.udd" 4381
"../../../Engine/DerivedDataCache/Buckets/LegacyDIST/3c/eb/f20796129f1963d058b600a3d64894d15481.udd" 4382
"../../../../Unreal/LostWaves/Content/__ExternalActors__/Level/Level_Test/5/2I/CF9ZVX5EVESHUQKYU4L256.uasset" 4383
"../../../Engine/DerivedDataCache/Buckets/LegacyDIST/55/e6/fcbfd52b42c8f1bde7a9fff1d8994edf9f09.udd" 4384
"../../../../Unreal/LostWaves/Content/__ExternalActors__/Level/Level_Test/5/GX/YIBG7QFSDNYGPVDO6QYIOA.uasset" 4385
"../../../Engine/DerivedDataCache/Buckets/LegacyDIST/5c/2e/ad550855b2c146f7812780ccdbd70f09e95f.udd" 4386
"../../../Engine/DerivedDataCache/Buckets/LegacyCARD/7c/71/b26fe4cfe9701fc97cf454a0ccd307c5c060.udd" 4387
"../../../Engine/DerivedDataCache/Buckets/LegacyNavCollision/a4/9f/1d0418622236d9c18df5df5ee06b5ec5c094.udd" 4388
"../../../../Unreal/LostWaves/Content/__ExternalActors__/Level/Level_Test/5/YY/0FNZW1DYLDWYUY4GJF3N6N.uasset" 4389
"../../../Engine/DerivedDataCache/Buckets/StaticMesh/49/27/a76fdaed3af405a7be73792c319a951dc724.udd" 4390
"../../../Engine/DerivedDataCache/Buckets/LegacyDIST/48/b1/18792f04bba6c7bc61baa847286a745942ed.udd" 4391
"../../../Engine/DerivedDataCache/Buckets/LegacyNavCollision/fd/e2/015f7509eb5a5aca87ee2ec3b1be27a18048.udd" 4392
"../../../../Unreal/LostWaves/Content/__ExternalActors__/Level/Level_Test/6/SL/GP2QN6CC60FPBZX5NINY0X.uasset" 4393
"../../../Engine/DerivedDataCache/Buckets/LegacyCARD/be/4a/c08694d2d55f3d9e04aed60e308510241c66.udd" 4394
"../../../Engine/DerivedDataCache/Buckets/LegacyCARD/26/fd/698db4fb78722af9f7aa7944c85d663bb530.udd" 4395
"../../../../Unreal/LostWaves/Content/__ExternalActors__/Level/Level_Test/7/AA/A5X18HFPMM9TLF5706KJBC.uasset" 4396
"../../../Engine/DerivedDataCache/Buckets/LegacyDIST/25/ff/0baad6470989f1b40068e5e0c8c726503b80.udd" 4397
"../../../Engine/DerivedDataCache/Buckets/LegacyNavCollision/50/5e/4b8a21a9d2f0e18446489cbb46fea8f0803a.udd" 4398
"../../../../Unreal/LostWaves/Content/__ExternalActors__/Level/Level_Test/7/PI/ILNIPQPFHRFEXTFPAPPCFH.uasset" 4399
"../../../Engine/DerivedDataCache/Buckets/LegacyCARD/b8/00/8cb7d0920597e8e9ad76a71be5e37c09d392.udd" 4400
"../../../Engine/DerivedDataCache/Buckets/LegacyCARD/3c/ec/9bc8d3f94676e270f62983ca806c3af81116.udd" 4401
"../../../../Unreal/LostWaves/Content/__ExternalActors__/Level/Level_Test/7/ST/X4VGOIDGAMO6SSCJ4R2O1B.uasset" 4402
"../../../Engine/DerivedDataCache/Buckets/StaticMesh/5d/35/0b9ed9a3c9a4d76633c86e4786c532c16dc6.udd" 4403
"../../../../Unreal/LostWaves/Content/__ExternalActors__/Level/Level_Test/7/U3/7X1ABHPA70ARBXGWVJ0NDV.uasset" 4404
"../../../Engine/DerivedDataCache/Buckets/LegacyDIST/0e/cb/121b9624eb6b6da10c27797b90319917dc62.udd" 4405
"../../../../Unreal/LostWaves/Content/__ExternalActors__/Level/Level_Test/7/Z5/7WEYS7YONTB895WUAJ2L9V.uasset" 4406
"../../../Engine/DerivedDataCache/Buckets/StaticMesh/68/d8/b386dcd4435d5614f0102e85be37e74a7501.udd" 4407
"../../../Engine/DerivedDataCache/Buckets/LegacyDIST/ff/8e/d655abd3ad4990789943dd07c822e7d3baad.udd" 4408
"../../../../Unreal/LostWaves/Content/__ExternalActors__/Level/Level_Test/8/3Q/AES6KDZ0CPCG7TPQOR3915.uasset" 4409
"../../../../Unreal/LostWaves/Content/__ExternalActors__/Level/Level_Test/8/52/8Z2ZWF5C96X5DMD63LTTJT.uasset" 4410
"../../../Engine/DerivedDataCache/Buckets/StaticMesh/44/79/4f8249ca39d1e533a396cda57fc2ab24dfa9.udd" 4411
"../../../Engine/DerivedDataCache/Buckets/LegacyNavCollision/3b/73/f2570d0174a7e7b0d73f7af040029b17aa9e.udd" 4412
"../../../Engine/DerivedDataCache/Buckets/LegacyDIST/45/62/56977d4114132e9a8232427cb446ed593176.udd" 4413
"../../../../Unreal/LostWaves/Content/__ExternalActors__/Level/Level_Test/8/HW/895CZ8546VI7WVB6B4BYW6.uasset" 4414
"../../../Engine/DerivedDataCache/Buckets/LegacyCARD/87/78/0b0ea95888ab6451fd6aee7cc554f102f690.udd" 4415
"../../../Engine/DerivedDataCache/Buckets/LegacyNavCollision/fd/b8/c0218d6d63e409903a7852722413620ad145.udd" 4416
"../../../../Unreal/LostWaves/Content/__ExternalActors__/Level/Level_Test/9/D7/PEHSRW1WPBGDUG9R3D6MGI.uasset" 4417
"../../../Engine/DerivedDataCache/Buckets/LegacyNavCollision/ec/a7/23382da51cdf2b21e917fb0249f8ef66eaca.udd" 4418
"../../../../Unreal/LostWaves/Content/__ExternalActors__/Level/Level_Test/9/H9/HMR23KWB4CMICUG2LPSQBO.uasset" 4419
"../../../../Unreal/LostWaves/Content/__ExternalActors__/Level/Level_Test/A/60/2SO19238D9ZL1U8B1LX7GA.uasset" 4420
"../../../Engine/DerivedDataCache/Buckets/LegacyCARD/73/a5/aab609f3ed33e93396c831dc6368394e0bba.udd" 4421
"../../../../Unreal/LostWaves/Content/LevelPrototyping/Meshes/SM_ChamferCube.uasset" 4422
"../../../Engine/DerivedDataCache/Buckets/LegacyCARD/21/31/31815f3a48943fb0deb24e32d9ba0e8bafe8.udd" 4423
"../../../Engine/DerivedDataCache/Buckets/StaticMesh/ed/01/15a12c3a9ed577412a51ee677c92469695b5.udd" 4424
"../../../../Unreal/LostWaves/Content/LevelPrototyping/Materials/MI_Solid_Blue.uasset" 4425
"../../../Engine/DerivedDataCache/Buckets/LegacyDIST/3c/cf/af60456e4d2b6640c5b5c240a6428ec9ccda.udd" 4426
"../../../../Unreal/LostWaves/Content/LevelPrototyping/Materials/M_Solid.uasset" 4427
"../../../Engine/DerivedDataCache/Buckets/LegacyDIST/ba/76/a0a3e2ce591120199ae3bb60634ec7700f50.udd" 4428
"../../../Engine/DerivedDataCache/Buckets/LegacyCARD/ea/3d/1e220a393eca0fdff72faad32d309896bb8c.udd" 4429
"../../../Engine/DerivedDataCache/Buckets/LegacyNavCollision/dc/d9/3971a600567cc819c7af5ff2c691a992c563.udd" 4430
"../../../Engine/DerivedDataCache/Buckets/StaticMesh/54/ee/521c9875a7c661e2ff5aa7bbf5fb9fc8347a.udd" 4431
"../../../Engine/DerivedDataCache/Buckets/LegacyCARD/0d/fc/afafe5e00525ec11a725ebc331ebc252e2da.udd" 4432
"../../../Engine/DerivedDataCache/Buckets/StaticMesh/f4/d7/b4ba0b3dda6abeb014ff213ce8ec58cad6e4.udd" 4433
"../../../Engine/DerivedDataCache/Buckets/LegacyNavCollision/1e/0e/697851d1d717a71c523ce4ebbcb969e4c0c0.udd" 4434
"../../../Engine/DerivedDataCache/Buckets/LegacyNavCollision/03/63/59a2c9f6b43010ccc1d1c3ef43f483f4f8f9.udd" 4435
"../../../../Unreal/LostWaves/Content/__ExternalActors__/Level/Level_Test/A/PA/O85MPW1C1BZKUEZA37LO4G.uasset" 4436
"../../../Engine/DerivedDataCache/Buckets/LegacyNavCollision/d5/c1/2afc6bd689720fcde0bc8558aaf98746468c.udd" 4437
"../../../Engine/DerivedDataCache/Buckets/StaticMesh/cc/84/d181f2da43d02215ecdba09e84228dfad396.udd" 4438
"../../../Engine/Content/EngineSky/M_SimpleSkyDome.uasset" 4439
"../../../Engine/DerivedDataCache/Buckets/LegacyNavCollision/a6/15/5f6d17e3c70609c99d490ad7c0bd65b39ef9.udd" 4440
"../../../Engine/DerivedDataCache/Buckets/LegacyDIST/f7/31/a0fc3ede6d263ab0cb155e7c51097a37ae76.udd" 4441
"../../../Engine/DerivedDataCache/Buckets/StaticMesh/df/57/40cb85ec9ed366d599a79a835f3a4d273dce.udd" 4442
"../../../Engine/DerivedDataCache/Buckets/LegacyCARD/08/f2/e3d1f23938f181de4f7af15ba008155b2500.udd" 4443
"../../../Engine/Content/EngineSky/SM_SkySphere.uasset" 4444
"../../../Engine/DerivedDataCache/Buckets/LegacyDIST/40/2f/2836f154ae078b20508969fae2b237299e93.udd" 4445
"../../../Engine/DerivedDataCache/Buckets/LegacyNavCollision/55/d3/f65bd3d95c0a0c5f1684308c6ea4311e35dc.udd" 4446
"../../../Engine/DerivedDataCache/Buckets/LegacyCARD/b5/38/85867eb19eaceba7fb1fa78bc0b38463a485.udd" 4447
"../../../Engine/DerivedDataCache/Buckets/StaticMesh/76/94/5290a34ecbf7d1fa03aafb5d293ee1e886d1.udd" 4448
"../../../Engine/DerivedDataCache/Buckets/LegacyNavCollision/e4/60/57db547330bd850f95c3b44a83c43e090ec8.udd" 4449
"../../../Engine/DerivedDataCache/Buckets/LegacyDIST/e8/d2/e39159c9ac00dfd5950e2d56a917e6761ffc.udd" 4450
"../../../Engine/DerivedDataCache/Buckets/StaticMesh/94/c4/be3ff169937bd31f0ac5b7a0ff593708facd.udd" 4451
"../../../Engine/DerivedDataCache/Buckets/LegacyCARD/cd/3c/d49f4785d911d9901467eaa909b2c86cc64a.udd" 4452
"../../../Engine/DerivedDataCache/Buckets/LegacyDIST/7e/c9/6b686e90173b8719b7691852a731f9a09cc5.udd" 4453
"../../../Engine/DerivedDataCache/Buckets/LegacyNavCollision/11/30/4a93cbfdc4c06595a54648c6d3ce0fff240c.udd" 4454
"../../../Engine/DerivedDataCache/Buckets/StaticMesh/d0/28/269bd9df263a708989ad39030420a864482e.udd" 4455
"../../../Engine/DerivedDataCache/Buckets/LegacyDIST/00/e8/089356363294040b7ff51396c9ffab3b25cf.udd" 4456
"../../../Engine/DerivedDataCache/Buckets/LegacyDIST/da/e0/52a6257b148a1b79980c8744c0bfe1ef39cb.udd" 4457
"../../../Engine/DerivedDataCache/Buckets/LegacyCARD/3f/00/28dc2fbe7297d649b748178384420522b006.udd" 4458
"../../../Engine/DerivedDataCache/Buckets/StaticMesh/6e/ab/5e5e190e00794821076ec1e6997948456e76.udd" 4459
"../../../Engine/DerivedDataCache/Buckets/LegacyCARD/df/58/5baeb7b542f63dac1e47cc91f95d23ab7e23.udd" 4460
"../../../Engine/Content/EngineSky/M_Sky_Panning_Clouds2.uasset" 4461
"../../../Engine/DerivedDataCache/Buckets/LegacyNavCollision/bb/3c/fedda12dbece72953682da886b08bbfb3c6b.udd" 4462
"../../../Engine/DerivedDataCache/Buckets/LegacyDIST/70/9b/27e4acdc978282da05a0de875c18c5538300.udd" 4463
"../../../Engine/DerivedDataCache/Buckets/LegacyNavCollision/37/8a/a6ea61e654468af78b1b25705ddcb00916e8.udd" 4464
"../../../Engine/DerivedDataCache/Buckets/StaticMesh/97/7d/a5165aa4bfd8faa5a14817bdf7baa00f011d.udd" 4465
"../../../Engine/Content/EngineSky/T_Sky_Blue.uasset" 4466
"../../../Engine/DerivedDataCache/Buckets/LegacyCARD/29/27/8b84d89a8668371370b55a2d332568c85a21.udd" 4467
"../../../Engine/DerivedDataCache/Buckets/LegacyDIST/a2/72/783cf412e3fc290324183b05b2dca7f9e977.udd" 4468
"../../../Engine/DerivedDataCache/Buckets/LegacyCARD/cc/50/f8721491242923dd10c87210a4efcd2aed57.udd" 4469
"../../../Engine/DerivedDataCache/Buckets/LegacyCARD/3e/08/50c0cdf6639819088902c787c0496336a423.udd" 4470
"../../../Engine/DerivedDataCache/Buckets/LegacyDIST/c5/d1/77f3b54717484fbe2085eef7749c24b575e7.udd" 4471
"../../../Engine/DerivedDataCache/Buckets/LegacyNavCollision/f8/3a/ce47444ef8ec63378ca442626a45f2a00b3b.udd" 4472
"../../../Engine/Content/EngineSky/T_Sky_Clouds_M.uasset" 4473
"../../../Engine/DerivedDataCache/Buckets/LegacyNavCollision/d2/3e/743f2b02e3a6c4b02d15ea309cee8f1a62cb.udd" 4474
"../../../Engine/DerivedDataCache/Buckets/LegacyNavCollision/a2/fd/cc8f9466af81e2b0033e0ed65d83f2798ee4.udd" 4475
"../../../Engine/DerivedDataCache/Buckets/LegacyCARD/95/93/c39791737a33df7c8a7eacabe26cba9c7e21.udd" 4476
"../../../Engine/DerivedDataCache/Buckets/LegacyNavCollision/21/86/fee68e140474d5206a45455c1a33f879c45a.udd" 4477
"../../../Engine/Content/EngineSky/T_Sky_Stars.uasset" 4478
"../../../Engine/DerivedDataCache/Buckets/BulkDataList/8f/db/2c5f0ec21f28070511d2f36618f8155a1c0b.udd" 4479
"../../../Engine/DerivedDataCache/Buckets/BulkDataList/29/e4/007d99b520ab254a80ba8d7bf5028ca9ff5f.udd" 4480
"../../../Engine/DerivedDataCache/Buckets/BulkDataList/d8/13/bf6d374c11b5606f28aaddc8cf0008a49508.udd" 4481
"../../../Engine/DerivedDataCache/Buckets/StaticMesh/f1/c2/7a3faec52625e5364a5ec8a7b7d96f81fb80.udd" 4482
"../../../../Unreal/LostWaves/Content/__ExternalActors__/Level/Level_Test/A/WL/EC14HRPUMVCFE8MR0P38X1.uasset" 4483
"../../../../Unreal/LostWaves/Content/__ExternalActors__/Level/Level_Test/B/YQ/EINH9CMJMT4R873RKH8RJ2.uasset" 4484
"../../../Engine/DerivedDataCache/Buckets/LegacyDIST/9e/11/4e62468554607e0966fe8fc09e673e6461bf.udd" 4485
"../../../../Unreal/LostWaves/Content/__ExternalActors__/Level/Level_Test/C/0O/M42EU31QX9YB21CG31GRY5.uasset" 4486
"../../../../Unreal/LostWaves/Content/__ExternalActors__/Level/Level_Test/C/HI/G0P0VLZTH0H2HJD8JGU1TT.uasset" 4487
"../../../../Unreal/LostWaves/Content/__ExternalActors__/Level/Level_Test/C/LJ/8OKPPGIJR9IJYVBCUA8RNN.uasset" 4488
"../../../Engine/DerivedDataCache/Buckets/LegacyCARD/db/2c/2e7be41abad75b075e2447a98e733a33b368.udd" 4489
"../../../Engine/DerivedDataCache/Buckets/LegacyNavCollision/1c/fa/9f8288ee2d08c9f4c1bb5a4354f6d7e781c6.udd" 4490
"../../../../Unreal/LostWaves/Content/__ExternalActors__/Level/Level_Test/C/OU/GZ26CPW474F8YCK1PWIB7J.uasset" 4491
"../../../../Unreal/LostWaves/Content/__ExternalActors__/Level/Level_Test/C/TI/PUSZDM9ZUK81P11S88XHY1.uasset" 4492
"../../../../Unreal/LostWaves/Content/__ExternalActors__/Level/Level_Test/D/8I/SFK7YQZINX4HU2UCQ4JR4H.uasset" 4493
"../../../../Unreal/LostWaves/Content/__ExternalActors__/Level/Level_Test/D/A1/88E2EG8LIIEN3V1PNYSERR.uasset" 4494
"../../../../Unreal/LostWaves/Content/__ExternalActors__/Level/Level_Test/D/CS/YR9DPVDL6P6CTHZB4YMWB1.uasset" 4495
"../../../../Unreal/LostWaves/Content/__ExternalActors__/Level/Level_Test/D/J8/GDQRZJZ25IU6HDHFEV17LO.uasset" 4496
"../../../../Unreal/LostWaves/Content/__ExternalActors__/Level/Level_Test/E/3Q/TK48U9RQ36ZG4187NNNIDE.uasset" 4497
"../../../../Unreal/LostWaves/Content/__ExternalActors__/Level/Level_Test/E/60/YONR9E56DD27E1NKHCZRI0.uasset" 4498
"../../../../Unreal/LostWaves/Content/__ExternalActors__/Level/Level_Test/E/L9/YE6KHTNYCAY6TYEMKVBM5Y.uasset" 4499
"../../../Engine/Content/EditorResources/EmptyActor.uasset" 4500
"../../../Engine/DerivedDataCache/Buckets/BulkDataList/cf/5e/4fa016e17012fa2f647dc549c2d7f197f657.udd" 4501
"../../../Engine/DerivedDataCache/Buckets/MaterialShaderMap/00/94/501d565bf337aee4d1d894ab9f2af937bb8c.udd" 4502
"../../../Engine/DerivedDataCache/Buckets/MaterialShaderMap/11/62/87eb1eec4d60e413af721279e75f2b279582.udd" 4503
"../../../Engine/DerivedDataCache/Buckets/MaterialShaderMap/0b/2f/4dd5d3bf37b75371f42cd70081a81934e5fc.udd" 4504
"../../../Engine/DerivedDataCache/Buckets/MaterialShaderMap/f2/00/40d31f83fb7db7aed5ff680bc5b4121fb741.udd" 4505
"../../../Engine/DerivedDataCache/Buckets/MaterialShaderMap/14/85/1347e0c476056e6ab498ed286d6e791feeb8.udd" 4506
"../../../Engine/DerivedDataCache/Buckets/MaterialShaderMap/74/60/6bb9fedf1d9d480d0ed48e3d397e5396de8d.udd" 4507
"../../../../Unreal/LostWaves/Content/Level/Level_Login.umap" 4508
"../../../Engine/DerivedDataCache/Buckets/MaterialShaderMap/95/dc/096399ea5171ff83b2e2f103d43f69359137.udd" 4509
"../../../Engine/DerivedDataCache/Buckets/MaterialShaderMap/f4/82/84f546c789dff1066206a1662dbbbe8cdd76.udd" 4510
"../../../Engine/DerivedDataCache/Buckets/MaterialShaderMap/cf/6f/0d5d4692943ca594fa9c7f476f65e646d82c.udd" 4511
"../../../Engine/DerivedDataCache/Buckets/MaterialShaderMap/6f/aa/d3458b7f3e9e67551918daea6965101e9c4d.udd" 4512
"../../../Engine/DerivedDataCache/Buckets/MaterialShaderMap/e3/1c/a2c3620529a89ede0d56b2d350d90eef988b.udd" 4513
"../../../Engine/DerivedDataCache/Buckets/MaterialShaderMap/9a/45/3fe34e7034961b449a1b5d8ddd2352b8f5a5.udd" 4514
"../../../Engine/Content/Maps/Templates/HLODs/HLODLayer_Merged.uasset" 4515
"../../../Engine/DerivedDataCache/Buckets/MaterialShaderMap/48/c5/8254863a3b3eb3ef6813ff41ce5dc28c0409.udd" 4516
"../../../Engine/DerivedDataCache/Buckets/MaterialShaderMap/6b/fc/6f21f2cf32428ef95b052aa54bbd891b76a6.udd" 4517
"../../../Engine/DerivedDataCache/Buckets/LegacyTEXTURE/85/12/e44e40b1e19c349f85957c84a9ea92b7490e.udd" 4518
"../../../Engine/DerivedDataCache/Buckets/LegacyTEXTURE/3f/ce/4ae1cebde6afacd33d117b220856d3c1533e.udd" 4519
"../../../Engine/DerivedDataCache/Buckets/LegacyTEXTURE/d9/12/0b7381a9261e4b8348c713e617a5decd928e.udd" 4520
"../../../Engine/DerivedDataCache/Buckets/LegacyTEXTURE/6f/e3/be068351ba5e5f981c068b1abb95cce7b7a1.udd" 4521
"../../../Engine/DerivedDataCache/Buckets/LegacyTEXTURE/74/67/d247c73659d0b48bee373826917d0e11d65e.udd" 4522
"../../../Engine/DerivedDataCache/Buckets/LegacyTEXTURE/cc/2e/908652975b44c9dca115fc3335263c0b67a1.udd" 4523
"../../../Engine/DerivedDataCache/Buckets/MaterialShaderMap/29/2f/0ebf45c8d30f27f91fbb2f4644cee7ccc5dd.udd" 4524
"../../../Engine/DerivedDataCache/Buckets/MaterialShaderMap/5f/2e/1d1ad5a0532ef19dcfc7fad3d74b05ec8922.udd" 4525
"../../../Engine/DerivedDataCache/Buckets/LegacyTEXTURE/50/dd/c38fd01b61445f867dd47130efc0b997bd36.udd" 4526
"../../../Engine/DerivedDataCache/Buckets/LegacyTEXTURE/67/4d/010bd1bc9c7141b715047b68812e00783455.udd" 4527
"../../../Engine/DerivedDataCache/Buckets/LegacyTEXTURE/7b/68/f219c9f4f8264a8c5bafd71e612d6c74a818.udd" 4528
"../../../Engine/DerivedDataCache/Buckets/LegacyTEXTURE/d5/09/22433a930b65ec1b32a8962ddff4e39d70ff.udd" 4529
"../../../Engine/DerivedDataCache/Buckets/LegacyTEXTURE/04/24/5a8d2ab6f1c3bdf636a7bfa10717c96469b5.udd" 4530
"../../../Engine/DerivedDataCache/Buckets/LegacyTEXTURE/b5/18/98a636d2e6f1986d00436f28d0486018e43b.udd" 4531
"../../../Engine/DerivedDataCache/Buckets/LegacyTEXTURE/99/6b/2c6398b0edd94acd6ce97fc88140075041b5.udd" 4532
"../../../Engine/DerivedDataCache/Buckets/LegacyTEXTURE/fc/5e/7bc413feb8a72f9744506e41bff718cc4fe3.udd" 4533
"../../../Engine/DerivedDataCache/Buckets/LegacyTEXTURE/7b/5d/5ea905d97fab730dbd5861d28182ff3d7e98.udd" 4534
"../../../Engine/DerivedDataCache/Buckets/LegacyTEXTURE/20/24/a6ce9b0ecd15ee3dbe782cce3f7a41f1503f.udd" 4535
"../../../Engine/DerivedDataCache/Buckets/MaterialShaderMap/52/b0/325db8ba22b0b56d350b44e831f84c4a23d7.udd" 4536
"../../../Engine/DerivedDataCache/Buckets/MaterialShaderMap/cf/0b/6a468c6ec6ad3752efcf44783b9f03d826b4.udd" 4537
"../../../Engine/DerivedDataCache/Buckets/LegacyTEXTURE/d3/45/c830677a0f3f5dc178a92bf799aac0e55a02.udd" 4538
"../../../Engine/DerivedDataCache/Buckets/LegacyTEXTURE/60/7f/50c553660fe39952c8d1a8a5b424527a8f72.udd" 4539
"../../../Engine/DerivedDataCache/Buckets/LegacyTEXTURE/4a/ef/c4f020fb913d172107c846120e932b9b85a4.udd" 4540
"../../../Engine/DerivedDataCache/Buckets/LegacyTEXTURE/dc/33/6dc96fabff2624a14b6060e0d6e592321d33.udd" 4541
"../../../Engine/DerivedDataCache/Buckets/LegacyTEXTURE/2c/0d/fa90f7e987402affd18e9acceb6c3d24bf2e.udd" 4542
"../../../Engine/DerivedDataCache/Buckets/LegacyTEXTURE/30/77/6ad13570b6b16d1d0a82485a0bbfb104ead7.udd" 4543
"../../../Engine/DerivedDataCache/Buckets/LegacyTEXTURE/44/05/aee11a2791e6c39e31c13d1ecd9b84aee282.udd" 4544
"../../../Engine/DerivedDataCache/Buckets/LegacyTEXTURE/9b/1f/b591b771db6931d94f2635c668afab74b5bf.udd" 4545
"../../../Engine/DerivedDataCache/Buckets/LegacyTEXTURE/62/13/4a3368e9b641d475cd92ad3eca70f8403adf.udd" 4546
"../../../Engine/DerivedDataCache/Buckets/MaterialShaderMap/60/89/3101648bf8dce1c76013f4d791fbb5e291d0.udd" 4547
"../../../Engine/DerivedDataCache/Buckets/MaterialShaderMap/74/de/54120e781d3616fda513fa13a0ba163ddd9b.udd" 4548
"../../../Engine/DerivedDataCache/Buckets/LegacyTEXTURE/e9/1e/319eaa257b8dc76345adf6c74667f8ba0ba0.udd" 4549
