"D:/Unreal/LostWaves/LostWaves.uproject" 1
"../../../../Unreal/LostWaves/Binaries/Win64/UnrealEditor-Win64-DebugGame.modules" 2
"../../../Engine/Plugins/RenderGraphInsights/RenderGraphInsights.uplugin" 3
"../../../Engine/Plugins/MemoryUsageQueries/MemoryUsageQueries.uplugin" 4
"../../../Engine/Plugins/TraceUtilities/TraceUtilities.uplugin" 5
"../../../Engine/Plugins/FastBuildController/FastBuildController.uplugin" 6
"../../../Engine/Plugins/MeshPainting/MeshPainting.uplugin" 7
"../../../Engine/Plugins/AudioGameplayVolume/AudioGameplayVolume.uplugin" 8
"../../../Engine/Plugins/AudioGameplay/AudioGameplay.uplugin" 9
"../../../Engine/Plugins/JsonBlueprintUtilities/JsonBlueprintUtilities.uplugin" 10
"../../../Engine/Plugins/LightWeightInstancesEditor/LightWeightInstancesEditor.uplugin" 11
"../../../Engine/Plugins/EnhancedInput/EnhancedInput.uplugin" 12
"../../../Engine/Plugins/XGEController/XGEController.uplugin" 13
"../../../Engine/Plugins/Bridge/Bridge.uplugin" 14
"../../../Engine/Plugins/AI/AISupport/AISupport.uplugin" 15
"../../../Engine/Plugins/ScriptPlugin/ScriptPlugin.uplugin" 16
"../../../Engine/Plugins/AI/EnvironmentQueryEditor/EnvironmentQueryEditor.uplugin" 17
"../../../Engine/Plugins/BlueprintFileUtils/BlueprintFileUtils.uplugin" 18
"../../../Engine/Plugins/MovieScene/CustomizableSequencerTracks/CustomizableSequencerTracks.uplugin" 19
"../../../Engine/Plugins/AI/MassAI/MassAI.uplugin" 20
"../../../Engine/Plugins/MovieScene/LevelSequenceEditor/LevelSequenceEditor.uplugin" 21
"../../../Engine/Plugins/AI/HTNPlanner/HTNPlanner.uplugin" 22
"../../../Engine/Plugins/MovieScene/ReplayTracks/ReplayTracks.uplugin" 23
"../../../Engine/Plugins/MovieScene/MoviePipelineMaskRenderPass/MoviePipelineMaskRenderPass.uplugin" 24
"../../../Engine/Plugins/AI/MassCrowd/MassCrowd.uplugin" 25
"../../../Engine/Plugins/MovieScene/ActorSequence/ActorSequence.uplugin" 26
"../../../Engine/Plugins/Animation/AnimationData/AnimationData.uplugin" 27
"../../../Engine/Plugins/MovieScene/MovieRenderPipeline/MovieRenderPipeline.uplugin" 28
"../../../Engine/Plugins/AI/MLAdapter/MLAdapter.uplugin" 29
"../../../Engine/Plugins/MovieScene/SequencerScripting/SequencerScripting.uplugin" 30
"../../../Engine/Plugins/Animation/AnimationLocomotionLibrary/AnimationLocomotionLibrary.uplugin" 31
"../../../Engine/Plugins/Animation/AnimToTexture/AnimToTexture.uplugin" 32
"../../../Engine/Plugins/Animation/BlendSpaceMotionAnalysis/BlendSpaceMotionAnalysis.uplugin" 33
"../../../Engine/Plugins/Animation/AnimationModifierLibrary/AnimationModifierLibrary.uplugin" 34
"../../../Engine/Plugins/MovieScene/TemplateSequence/TemplateSequence.uplugin" 35
"../../../Engine/Plugins/Animation/ControlRig/ControlRig.uplugin" 36
"../../../Engine/Plugins/Animation/LiveLink/LiveLink.uplugin" 37
"../../../Engine/Plugins/Animation/DeformerGraph/DeformerGraph.uplugin" 38
"../../../Engine/Plugins/Animation/IKRig/IKRig.uplugin" 39
"../../../Engine/Plugins/Animation/LiveLinkCurveDebugUI/LiveLinkCurveDebugUI.uplugin" 40
"../../../Engine/Plugins/Animation/ControlRigSpline/ControlRigSpline.uplugin" 41
"../../../Engine/Plugins/Animation/MotionWarping/MotionWarping.uplugin" 42
"../../../Engine/Plugins/Animation/GameplayInsights/GameplayInsights.uplugin" 43
"../../../Engine/Plugins/Animation/AnimationWarping/AnimationWarping.uplugin" 44
"../../../Engine/Plugins/VirtualProduction/ICVFX/ICVFX.uplugin" 45
"../../../Engine/Plugins/VirtualProduction/LiveLinkCamera/LiveLinkCamera.uplugin" 46
"../../../Engine/Plugins/Animation/RigLogic/RigLogic.uplugin" 47
"../../../Engine/Plugins/VirtualProduction/CameraCalibrationCore/CameraCalibrationCore.uplugin" 48
"../../../Engine/Plugins/VirtualProduction/CameraCalibration/CameraCalibration.uplugin" 49
"../../../Engine/Plugins/VirtualProduction/LiveLinkXR/LiveLinkXR.uplugin" 50
"../../../Engine/Plugins/VirtualProduction/LiveLinkPrestonMDR/LiveLinkPrestonMDR.uplugin" 51
"../../../Engine/Plugins/VirtualProduction/LiveLinkMasterLockit/LiveLinkMasterLockit.uplugin" 52
"../../../Engine/Plugins/VirtualProduction/RemoteControl/RemoteControl.uplugin" 53
"../../../Engine/Plugins/VirtualProduction/LevelSnapshots/LevelSnapshots.uplugin" 54
"../../../Engine/Plugins/VirtualProduction/LiveLinkLens/LiveLinkLens.uplugin" 55
"../../../Engine/Plugins/VirtualProduction/CompositePlane/CompositePlane.uplugin" 56
"../../../Engine/Plugins/VirtualProduction/MultiUserTakes/MultiUserTakes.uplugin" 57
"../../../Engine/Plugins/VirtualProduction/DataCharts/DataCharts.uplugin" 58
"../../../Engine/Plugins/VirtualProduction/RemoteControlProtocolDMX/RemoteControlProtocolDMX.uplugin" 59
"../../../Engine/Plugins/VirtualProduction/LiveLinkFreeD/LiveLinkFreeD.uplugin" 60
"../../../Engine/Plugins/VirtualProduction/RemoteControlInterception/RemoteControlInterception.uplugin" 61
"../../../Engine/Plugins/VirtualProduction/RemoteControlProtocolOSC/RemoteControlProtocolOSC.uplugin" 62
"../../../Engine/Plugins/VirtualProduction/RemoteControlWebInterface/RemoteControlWebInterface.uplugin" 63
"../../../Engine/Plugins/VirtualProduction/LiveLinkVRPN/LiveLinkVRPN.uplugin" 64
"../../../Engine/Plugins/VirtualProduction/StageMonitoring/StageMonitoring.uplugin" 65
"../../../Engine/Plugins/VirtualProduction/EpicStageApp/EpicStageApp.uplugin" 66
"../../../Engine/Plugins/VirtualProduction/Takes/Takes.uplugin" 67
"../../../Engine/Plugins/VirtualProduction/RemoteControlProtocolMIDI/RemoteControlProtocolMIDI.uplugin" 68
"../../../Engine/Plugins/VirtualProduction/TextureShare/TextureShare.uplugin" 69
"../../../Engine/Plugins/VirtualProduction/SequencerPlaylists/SequencerPlaylists.uplugin" 70
"../../../Engine/Plugins/Media/AjaMedia/AjaMedia.uplugin" 71
"../../../Engine/Plugins/VirtualProduction/Switchboard/Switchboard.uplugin" 72
"../../../Engine/Plugins/Media/AndroidCamera/AndroidCamera.uplugin" 73
"../../../Engine/Plugins/Media/AndroidMedia/AndroidMedia.uplugin" 74
"../../../Engine/Plugins/VirtualProduction/TimedDataMonitor/TimedDataMonitor.uplugin" 75
"../../../Engine/Plugins/Media/AppleProResMedia/AppleProResMedia.uplugin" 76
"../../../Engine/Plugins/Media/AvfMedia/AvfMedia.uplugin" 77
"../../../Engine/Plugins/Media/AudioCaptureTimecodeProvider/AudioCaptureTimecodeProvider.uplugin" 78
"../../../Engine/Plugins/Media/ElectraPlayer/ElectraPlayer.uplugin" 79
"../../../Engine/Plugins/Media/ElectraCDM/ElectraCDM.uplugin" 80
"../../../Engine/Plugins/Media/ElectraUtil/ElectraUtil.uplugin" 81
"../../../Engine/Plugins/Media/ElectraSubtitles/ElectraSubtitles.uplugin" 82
"../../../Engine/Plugins/Media/HAPMedia/HAPMedia.uplugin" 83
"../../../Engine/Plugins/Media/BinkMedia/BinkMedia.uplugin" 84
"../../../Engine/Plugins/Media/BlackmagicMedia/BlackmagicMedia.uplugin" 85
"../../../Engine/Plugins/Media/HLMedia/HLMedia.uplugin" 86
"../../../Engine/Plugins/Media/ImgMedia/ImgMedia.uplugin" 87
"../../../Engine/Plugins/Media/MediaMovieStreamer/MediaMovieStreamer.uplugin" 88
"../../../Engine/Plugins/Media/LinearTimecode/LinearTimecode.uplugin" 89
"../../../Engine/Plugins/Media/AvidDNxMedia/AvidDNxMedia.uplugin" 90
"../../../Engine/Plugins/Media/MediaFrameworkUtilities/MediaFrameworkUtilities.uplugin" 91
"../../../Engine/Plugins/Media/MediaCompositing/MediaCompositing.uplugin" 92
"../../../Engine/Plugins/Media/TimecodeSynchronizer/TimecodeSynchronizer.uplugin" 93
"../../../Engine/Plugins/Media/HardwareEncoders/HardwareEncoders.uplugin" 94
"../../../Engine/Plugins/Media/PixelCapture/PixelCapture.uplugin" 95
"../../../Engine/Plugins/Media/MediaPlate/MediaPlate.uplugin" 96
"../../../Engine/Plugins/Media/PixelStreaming/PixelStreaming.uplugin" 97
"../../../Engine/Plugins/Tests/AutomationDriverTests/AutomationDriverTests.uplugin" 98
"../../../Engine/Plugins/Media/MediaIOFramework/MediaIOFramework.uplugin" 99
"../../../Engine/Plugins/Tests/FunctionalTestingEditor/FunctionalTestingEditor.uplugin" 100
"../../../Engine/Plugins/Tests/EditorTests/EditorTests.uplugin" 101
"../../../Engine/Plugins/Media/WmfMedia/WmfMedia.uplugin" 102
"../../../Engine/Plugins/Media/MediaPlayerEditor/MediaPlayerEditor.uplugin" 103
"../../../Engine/Plugins/Tests/PythonAutomationTest/PythonAutomationTest.uplugin" 104
"../../../Engine/Plugins/Media/MfMedia/MfMedia.uplugin" 105
"../../../Engine/Plugins/Tests/InterchangeTests/InterchangeTests.uplugin" 106
"../../../Engine/Plugins/Tests/RuntimeTests/RuntimeTests.uplugin" 107
"../../../Engine/Plugins/Experimental/AbilitySystemGameFeatureActions/AbilitySystemGameFeatureActions.uplugin" 108
"../../../Engine/Plugins/Tests/FbxAutomationTestBuilder/FbxAutomationTestBuilder.uplugin" 109
"../../../Engine/Plugins/Tests/RHITests/RHITests.uplugin" 110
"../../../Engine/Plugins/Experimental/ActorPalette/ActorPalette.uplugin" 111
"../../../Engine/Plugins/Experimental/AssetPlacementEdMode/AssetPlacementEdMode.uplugin" 112
"../../../Engine/Plugins/Experimental/AutomationUtils/AutomationUtils.uplugin" 113
"../../../Engine/Plugins/Media/WebMMedia/WebMMedia.uplugin" 114
"../../../Engine/Plugins/Experimental/AppleVision/AppleVision.uplugin" 115
"../../../Engine/Plugins/Experimental/ChaosCloth/ChaosCloth.uplugin" 116
"../../../Engine/Plugins/Experimental/ChaosCaching/ChaosCaching.uplugin" 117
"../../../Engine/Plugins/Experimental/BlueprintSnapNodes/BlueprintSnapNodes.uplugin" 118
"../../../Engine/Plugins/Experimental/BackChannel/BackChannel.uplugin" 119
"../../../Engine/Plugins/Tests/TestSamples/TestSamples.uplugin" 120
"../../../Engine/Plugins/Experimental/ChaosClothEditor/ChaosClothEditor.uplugin" 121
"../../../Engine/Plugins/Experimental/AnimNext/AnimNext.uplugin" 122
"../../../Engine/Plugins/Experimental/BlueprintStats/BlueprintStats.uplugin" 123
"../../../Engine/Plugins/Experimental/ChaosEditor/ChaosEditor.uplugin" 124
"../../../Engine/Plugins/Experimental/ChaosClothAsset/ChaosClothAsset.uplugin" 125
"../../../Engine/Plugins/Experimental/ChaosUserDataPT/ChaosUserDataPT.uplugin" 126
"../../../Engine/Plugins/Experimental/CineCameraRigs/CineCameraRigs.uplugin" 127
"../../../Engine/Plugins/Experimental/ChaosVehiclesPlugin/ChaosVehiclesPlugin.uplugin" 128
"../../../Engine/Plugins/Experimental/ChaosSolverPlugin/ChaosSolverPlugin.uplugin" 129
"../../../Engine/Plugins/Experimental/Dataflow/Dataflow.uplugin" 130
"../../../Engine/Plugins/Experimental/CharacterAI/CharacterAI.uplugin" 131
"../../../Engine/Plugins/Experimental/ChaosFlesh/ChaosFlesh.uplugin" 132
"../../../Engine/Plugins/Experimental/CodeView/CodeView.uplugin" 133
"../../../Engine/Plugins/Experimental/ControlFlows/ControlFlows.uplugin" 134
"../../../Engine/Plugins/Experimental/ChaosNiagara/ChaosNiagara.uplugin" 135
"../../../Engine/Plugins/Experimental/CodeEditor/CodeEditor.uplugin" 136
"../../../Engine/Plugins/Experimental/CinematicPrestreaming/CinematicPrestreaming.uplugin" 137
"../../../Engine/Plugins/Experimental/Fracture/Fracture.uplugin" 138
"../../../Engine/Plugins/Experimental/Chooser/Chooser.uplugin" 139
"../../../Engine/Plugins/Experimental/DefaultInstallBundleManager/DefaultInstallBundleManager.uplugin" 140
"../../../Engine/Plugins/Experimental/FieldSystemPlugin/FieldSystemPlugin.uplugin" 141
"../../../Engine/Plugins/Experimental/GameFeatures/GameFeatures.uplugin" 142
"../../../Engine/Plugins/Experimental/ColorCorrectRegions/ColorCorrectRegions.uplugin" 143
"../../../Engine/Plugins/Experimental/CommonUI/CommonUI.uplugin" 144
"../../../Engine/Plugins/Experimental/GeometryCacheAbcFile/GeometryCacheAbcFile.uplugin" 145
"../../../Engine/Plugins/Experimental/Gauntlet/Gauntlet.uplugin" 146
"../../../Engine/Plugins/Experimental/ChaosClothAssetEditor/ChaosClothAssetEditor.uplugin" 147
"../../../Engine/Plugins/Experimental/GameplayTargetingSystem/TargetingSystem.uplugin" 148
"../../../Engine/Plugins/Experimental/FullBodyIK/FullBodyIK.uplugin" 149
"../../../Engine/Plugins/Experimental/CommonConversation/CommonConversation.uplugin" 150
"../../../Engine/Plugins/Experimental/GeometryScripting/GeometryScripting.uplugin" 151
"../../../Engine/Plugins/Experimental/GameplayBehaviors/GameplayBehaviors.uplugin" 152
"../../../Engine/Plugins/Experimental/GeometryCollectionPlugin/GeometryCollectionPlugin.uplugin" 153
"../../../Engine/Plugins/Experimental/GizmoFramework/GizmoFramework.uplugin" 154
"../../../Engine/Plugins/Experimental/GizmoEdMode/GizmoEdMode.uplugin" 155
"../../../Engine/Plugins/Experimental/ImagePlate/ImagePlate.uplugin" 156
"../../../Engine/Plugins/Experimental/HairModelingToolset/HairModelingToolset.uplugin" 157
"../../../Engine/Plugins/Experimental/GPULightmass/GPULightmass.uplugin" 158
"../../../Engine/Plugins/Experimental/ImpostorBaker/ImpostorBaker.uplugin" 159
"../../../Engine/Plugins/Experimental/Iris/Iris.uplugin" 160
"../../../Engine/Plugins/Experimental/LandscapePatch/LandscapePatch.uplugin" 161
"../../../Engine/Plugins/Experimental/Landmass/Landmass.uplugin" 162
"../../../Engine/Plugins/Experimental/JWT/JWT.uplugin" 163
"../../../Engine/Plugins/Experimental/LiveLinkFaceImporter/LiveLinkFaceImporter.uplugin" 164
"../../../Engine/Plugins/Experimental/GeometryFlow/GeometryFlow.uplugin" 165
"../../../Engine/Plugins/Experimental/MotoSynth/MotoSynth.uplugin" 166
"../../../Engine/Plugins/Experimental/MotorSimOutputMotoSynth/MotorSimOutputMotoSynth.uplugin" 167
"../../../Engine/Plugins/Experimental/LiveLinkControlRig/LiveLinkControlRig.uplugin" 168
"../../../Engine/Plugins/Experimental/MeshModelingToolsetExp/MeshModelingToolsetExp.uplugin" 169
"../../../Engine/Plugins/Experimental/NaniteDisplacedMesh/NaniteDisplacedMesh.uplugin" 170
"../../../Engine/Plugins/Experimental/MeshLODToolset/MeshLODToolset.uplugin" 171
"../../../Engine/Plugins/Experimental/ModularGameplay/ModularGameplay.uplugin" 172
"../../../Engine/Plugins/Experimental/PCGGeometryScriptInterop/PCGGeometryScriptInterop.uplugin" 173
"../../../Engine/Plugins/Experimental/NNE/NNE.uplugin" 174
"../../../Engine/Plugins/Experimental/OpenImageDenoise/OpenImageDenoise.uplugin" 175
"../../../Engine/Plugins/Experimental/NNI/NeuralNetworkInference.uplugin" 176
"../../../Engine/Plugins/Experimental/PCG/PCG.uplugin" 177
"../../../Engine/Plugins/Experimental/PhysicsControl/PhysicsControl.uplugin" 178
"../../../Engine/Plugins/Experimental/Mutable/Mutable.uplugin" 179
"../../../Engine/Plugins/Experimental/PixelStreamingPlayer/PixelStreamingPlayer.uplugin" 180
"../../../Engine/Plugins/Experimental/PlatformCrypto/PlatformCrypto.uplugin" 181
"../../../Engine/Plugins/Experimental/PanoramicCapture/PanoramicCapture.uplugin" 182
"../../../Engine/Plugins/Experimental/PythonFoundationPackages/PythonFoundationPackages.uplugin" 183
"../../../Engine/Plugins/Experimental/OptiXDenoise/OptiXDenoise.uplugin" 184
"../../../Engine/Plugins/Experimental/PlanarCutPlugin/PlanarCut.uplugin" 185
"../../../Engine/Plugins/Experimental/PythonScriptPlugin/PythonScriptPlugin.uplugin" 186
"../../../Engine/Plugins/Experimental/ProxyLODPlugin/ProxyLODPlugin.uplugin" 187
"../../../Engine/Plugins/Experimental/ScriptableToolsFramework/ScriptableToolsFramework.uplugin" 188
"../../../Engine/Plugins/Experimental/RemoteSession/RemoteSession.uplugin" 189
"../../../Engine/Plugins/Experimental/RawInput/RawInput.uplugin" 190
"../../../Engine/Plugins/Experimental/RenderGrid/RenderGrid.uplugin" 191
"../../../Engine/Plugins/Experimental/SampleToolsEditorMode/SampleToolsEditorMode.uplugin" 192
"../../../Engine/Plugins/Experimental/Shotgrid/Shotgrid.uplugin" 193
"../../../Engine/Plugins/Experimental/SkeletalReduction/SkeletalReduction.uplugin" 194
"../../../Engine/Plugins/Experimental/ScreenReader/ScreenReader.uplugin" 195
"../../../Engine/Plugins/Experimental/SlateScreenReader/SlateScreenReader.uplugin" 196
"../../../Engine/Plugins/Experimental/Text3D/Text3D.uplugin" 197
"../../../Engine/Plugins/Experimental/StaticMeshEditorModeling/StaticMeshEditorModeling.uplugin" 198
"../../../Engine/Plugins/Experimental/SimpleHMD/SimpleHMD.uplugin" 199
"../../../Engine/Plugins/Experimental/TextToSpeech/TextToSpeech.uplugin" 200
"../../../Engine/Plugins/Experimental/TextureMediaPlayer/TextureMediaPlayer.uplugin" 201
"../../../Engine/Plugins/Experimental/ScriptableToolsEditorMode/ScriptableToolsEditorMode.uplugin" 202
"../../../Engine/Plugins/Experimental/TetMeshing/TetMeshing.uplugin" 203
"../../../Engine/Plugins/Experimental/TypedElementsDataStorage/TypedElementsDataStorage.uplugin" 204
"../../../Engine/Plugins/Experimental/StructUtils/StructUtils.uplugin" 205
"../../../Engine/Plugins/Experimental/UIFramework/UIFramework.uplugin" 206
"../../../Engine/Plugins/Experimental/UserToolBoxCore/UserToolBoxCore.uplugin" 207
"../../../Engine/Plugins/Experimental/UVEditor/UVEditor.uplugin" 208
"../../../Engine/Plugins/Experimental/UserToolBoxBasicCommand/UserToolBoxBasicCommand.uplugin" 209
"../../../Engine/Plugins/Experimental/VirtualScouting/VirtualScouting.uplugin" 210
"../../../Engine/Plugins/Experimental/VirtualHeightfieldMesh/VirtualHeightfieldMesh.uplugin" 211
"../../../Engine/Plugins/Experimental/VirtualCamera/VirtualCamera.uplugin" 212
"../../../Engine/Plugins/Experimental/ToolPresets/ToolPresets.uplugin" 213
"../../../Engine/Plugins/Experimental/VirtualCameraCore/VirtualCameraCore.uplugin" 214
"../../../Engine/Plugins/Experimental/Water/Water.uplugin" 215
"../../../Engine/Plugins/Experimental/WaveFunctionCollapse/WaveFunctionCollapse.uplugin" 216
"../../../Engine/Plugins/Experimental/WebSocketNetworking/WebSocketNetworking.uplugin" 217
"../../../Engine/Plugins/Experimental/WaterExtras/WaterExtras.uplugin" 218
"../../../Engine/Plugins/Experimental/VirtualProductionUtilities/VirtualProductionUtilities.uplugin" 219
"../../../Engine/Plugins/Experimental/WidgetEditorToolPalette/WidgetEditorToolPalette.uplugin" 220
"../../../Engine/Plugins/Compositing/Composure/Composure.uplugin" 221
"../../../Engine/Plugins/Experimental/Volumetrics/Volumetrics.uplugin" 222
"../../../Engine/Plugins/Cameras/GameplayCameras/GameplayCameras.uplugin" 223
"../../../Engine/Plugins/Performance/PerformanceMonitor/PerformanceMonitor.uplugin" 224
"../../../Engine/Plugins/Compositing/LensDistortion/LensDistortion.uplugin" 225
"../../../Engine/Plugins/Cameras/CameraShakePreviewer/CameraShakePreviewer.uplugin" 226
"../../../Engine/Plugins/Experimental/XRCreativeFramework/XRCreativeFramework.uplugin" 227
"../../../Engine/Plugins/Compression/OodleNetwork/OodleNetwork.uplugin" 228
"../../../Engine/Plugins/Compositing/OpenCVLensDistortion/OpenCVLensDistortion.uplugin" 229
"../../../Engine/Plugins/Developer/AnimationSharing/AnimationSharing.uplugin" 230
"../../../Engine/Plugins/Developer/BlankPlugin/BlankPlugin.uplugin" 231
"../../../Engine/Plugins/Developer/CodeLiteSourceCodeAccess/CodeLiteSourceCodeAccess.uplugin" 232
"../../../Engine/Plugins/Developer/CLionSourceCodeAccess/CLionSourceCodeAccess.uplugin" 233
"../../../Engine/Plugins/Compositing/OpenColorIO/OpenColorIO.uplugin" 234
"../../../Engine/Plugins/Developer/GitSourceControl/GitSourceControl.uplugin" 235
"../../../Engine/Plugins/Interchange/Runtime/Interchange.uplugin" 236
"../../../Engine/Plugins/Developer/OneSkyLocalizationService/OneSkyLocalizationService.uplugin" 237
"../../../Engine/Plugins/Developer/DumpGPUServices/DumpGPUServices.uplugin" 238
"../../../Engine/Plugins/Developer/PixWinPlugin/PixWinPlugin.uplugin" 239
"../../../Engine/Plugins/Interchange/Editor/InterchangeEditor.uplugin" 240
"../../../Engine/Plugins/Developer/KDevelopSourceCodeAccess/KDevelopSourceCodeAccess.uplugin" 241
"../../../Engine/Plugins/Developer/PropertyAccessNode/PropertyAccessNode.uplugin" 242
"../../../Engine/Plugins/Developer/PluginUtils/PluginUtils.uplugin" 243
"../../../Engine/Plugins/Developer/RenderDocPlugin/RenderDocPlugin.uplugin" 244
"../../../Engine/Plugins/Developer/TextureFormatOodle/TextureFormatOodle.uplugin" 245
"../../../Engine/Plugins/Developer/SubversionSourceControl/SubversionSourceControl.uplugin" 246
"../../../Engine/Plugins/Developer/PlasticSourceControl/PlasticSourceControl.uplugin" 247
"../../../Engine/Plugins/Developer/PerforceSourceControl/PerforceSourceControl.uplugin" 248
"../../../Engine/Plugins/Developer/TraceSourceFiltering/TraceSourceFilters.uplugin" 249
"../../../Engine/Plugins/Developer/VisualStudioSourceCodeAccess/VisualStudioSourceCodeAccess.uplugin" 250
"../../../Engine/Plugins/Slate/SlateInsights/SlateInsights.uplugin" 251
"../../../Engine/Plugins/Developer/XcodeGPUDebuggerPlugin/XcodeGPUDebuggerPlugin.uplugin" 252
"../../../Engine/Plugins/Developer/UObjectPlugin/UObjectPlugin.uplugin" 253
"../../../Engine/Plugins/Developer/XCodeSourceCodeAccess/XCodeSourceCodeAccess.uplugin" 254
"../../../Engine/Plugins/Developer/TraceDataFiltering/TraceDataFilters.uplugin" 255
"../../../Engine/Plugins/Editor/AssetReferenceRestrictions/AssetReferenceRestrictions.uplugin" 256
"../../../Engine/Plugins/Slate/SlateScripting/SlateScripting.uplugin" 257
"../../../Engine/Plugins/Developer/RiderSourceCodeAccess/RiderSourceCodeAccess.uplugin" 258
"../../../Engine/Plugins/Editor/AssetManagerEditor/AssetManagerEditor.uplugin" 259
"../../../Engine/Plugins/Editor/AssetRegistryExport/AssetRegistryExport.uplugin" 260
"../../../Engine/Plugins/Editor/BlueprintHeaderView/BlueprintHeaderView.uplugin" 261
"../../../Engine/Plugins/Editor/ConsoleVariablesEditor/ConsoleVariables.uplugin" 262
"../../../Engine/Plugins/Editor/AssetSearch/AssetSearch.uplugin" 263
"../../../Engine/Plugins/Editor/CryptoKeys/CryptoKeys.uplugin" 264
"../../../Engine/Plugins/Editor/CurveEditorTools/CurveEditorTools.uplugin" 265
"../../../Engine/Plugins/Editor/ChangelistReview/ChangelistReview.uplugin" 266
"../../../Engine/Plugins/Editor/BlueprintMaterialTextureNodes/BlueprintMaterialTextureNodes.uplugin" 267
"../../../Engine/Plugins/Editor/DataValidation/DataValidation.uplugin" 268
"../../../Engine/Plugins/Editor/EditorScriptingUtilities/EditorScriptingUtilities.uplugin" 269
"../../../Engine/Plugins/Editor/GameplayTagsEditor/GameplayTagsEditor.uplugin" 270
"../../../Engine/Plugins/Editor/EditorDebugTools/EditorDebugTools.uplugin" 271
"../../../Engine/Plugins/Editor/EngineAssetDefinitions/EngineAssetDefinitions.uplugin" 272
"../../../Engine/Plugins/Editor/DisplayClusterLaunch/DisplayClusterLaunch.uplugin" 273
"../../../Engine/Plugins/Developer/VisualStudioCodeSourceCodeAccess/VisualStudioCodeSourceCodeAccess.uplugin" 274
"../../../Engine/Plugins/Editor/GuidedTutorials/GuidedTutorials.uplugin" 275
"../../../Engine/Plugins/Editor/LiveUpdateForSlate/LiveUpdateForSlate.uplugin" 276
"../../../Engine/Plugins/Editor/MacGraphicsSwitching/MacGraphicsSwitching.uplugin" 277
"../../../Engine/Plugins/Editor/MakeCookedEditorAsDLC/MakeCookedEditorAsDLC.uplugin" 278
"../../../Engine/Plugins/Editor/GLTFImporter/GLTFImporter.uplugin" 279
"../../../Engine/Plugins/Editor/GeometryMode/GeometryMode.uplugin" 280
"../../../Engine/Plugins/Editor/PluginBrowser/PluginBrowser.uplugin" 281
"../../../Engine/Plugins/Editor/MaterialAnalyzer/MaterialAnalyzer.uplugin" 282
"../../../Engine/Plugins/Editor/ModelingToolsEditorMode/ModelingToolsEditorMode.uplugin" 283
"../../../Engine/Plugins/Editor/SequencerAnimTools/SequencerAnimTools.uplugin" 284
"../../../Engine/Plugins/Editor/SpeedTreeImporter/SpeedTreeImporter.uplugin" 285
"../../../Engine/Plugins/Editor/WorldPartitionHLODUtilities/WorldPartitionHLODUtilities.uplugin" 286
"../../../Engine/Plugins/Editor/WaveformEditor/WaveformEditor.uplugin" 287
"../../../Engine/Plugins/Editor/FacialAnimation/FacialAnimation.uplugin" 288
"../../../Engine/Plugins/Messaging/TcpMessaging/TcpMessaging.uplugin" 289
"../../../Engine/Plugins/Messaging/MessagingDebugger/MessagingDebugger.uplugin" 290
"../../../Engine/Plugins/Web/HttpBlueprint/HttpBlueprint.uplugin" 291
"../../../Engine/Plugins/NetcodeUnitTest/NetcodeUnitTest/NetcodeUnitTest.uplugin" 292
"../../../Engine/Plugins/NetcodeUnitTest/NUTUnrealEngine/NUTUnrealEngine.uplugin" 293
"../../../Engine/Plugins/FX/Niagara/Niagara.uplugin" 294
"../../../Engine/Plugins/FX/NiagaraSimCaching/NiagaraSimCaching.uplugin" 295
"../../../Engine/Plugins/Protocols/MQTT/MQTT.uplugin" 296
"../../../Engine/Plugins/FX/NiagaraFluids/NiagaraFluids.uplugin" 297
"../../../Engine/Plugins/FX/ExampleCustomDataInterface/ExampleCustomDataInterface.uplugin" 298
"../../../Engine/Plugins/FX/CascadeToNiagaraConverter/CascadeToNiagaraConverter.uplugin" 299
"../../../Engine/Plugins/Importers/USDMultiUser/USDMultiUser.uplugin" 300
"../../../Engine/Plugins/Messaging/UdpMessaging/UdpMessaging.uplugin" 301
"../../../Engine/Plugins/Runtime/AndroidFileServer/AndroidFileServer.uplugin" 302
"../../../Engine/Plugins/Importers/AlembicImporter/AlembicImporter.uplugin" 303
"../../../Engine/Plugins/Portal/LauncherChunkInstaller/LauncherChunkInstaller.uplugin" 304
"../../../Engine/Plugins/Runtime/ActorLayerUtilities/ActorLayerUtilities.uplugin" 305
"../../../Engine/Plugins/Runtime/AndroidMoviePlayer/AndroidMoviePlayer.uplugin" 306
"../../../Engine/Plugins/Importers/USDImporter/USDImporter.uplugin" 307
"../../../Engine/Plugins/Runtime/AndroidDeviceProfileSelector/AndroidDeviceProfileSelector.uplugin" 308
"../../../Engine/Plugins/Runtime/AndroidPermission/AndroidPermission.uplugin" 309
"../../../Engine/Plugins/Runtime/AnimationBudgetAllocator/AnimationBudgetAllocator.uplugin" 310
"../../../Engine/Plugins/Runtime/AppleImageUtils/AppleImageUtils.uplugin" 311
"../../../Engine/Plugins/Runtime/AndroidBackgroundService/AndroidBackgroundService.uplugin" 312
"../../../Engine/Plugins/Runtime/AppleMoviePlayer/AppleMoviePlayer.uplugin" 313
"../../../Engine/Plugins/Editor/StylusInput/StylusInput.uplugin" 314
"../../../Engine/Plugins/Runtime/ApexDestruction/ApexDestruction.uplugin" 315
"../../../Engine/Plugins/Runtime/AudioCapture/AudioCapture.uplugin" 316
"../../../Engine/Plugins/Runtime/ArchVisCharacter/ArchVisCharacter.uplugin" 317
"../../../Engine/Plugins/Runtime/AssetTags/AssetTags.uplugin" 318
"../../../Engine/Plugins/Runtime/AudioModulation/AudioModulation.uplugin" 319
"../../../Engine/Plugins/Editor/MobileLauncherProfileWizard/MobileLauncherProfileWizard.uplugin" 320
"../../../Engine/Plugins/Runtime/DataRegistry/DataRegistry.uplugin" 321
"../../../Engine/Plugins/Runtime/GameplayStateTree/GameplayStateTree.uplugin" 322
"../../../Engine/Plugins/Runtime/Firebase/Firebase.uplugin" 323
"../../../Engine/Plugins/Runtime/AudioSynesthesia/AudioSynesthesia.uplugin" 324
"../../../Engine/Plugins/Runtime/AudioMotorSim/AudioMotorSim.uplugin" 325
"../../../Engine/Plugins/Runtime/AudioWidgets/AudioWidgets.uplugin" 326
"../../../Engine/Plugins/Runtime/ChunkDownloader/ChunkDownloader.uplugin" 327
"../../../Engine/Plugins/Runtime/CustomMeshComponent/CustomMeshComponent.uplugin" 328
"../../../Engine/Plugins/Runtime/GeometryCache/GeometryCache.uplugin" 329
"../../../Engine/Plugins/Runtime/ComputeFramework/ComputeFramework.uplugin" 330
"../../../Engine/Plugins/Runtime/GameplayBehaviorSmartObjects/GameplayBehaviorSmartObjects.uplugin" 331
"../../../Engine/Plugins/Runtime/GeometryProcessing/GeometryProcessing.uplugin" 332
"../../../Engine/Plugins/Runtime/CableComponent/CableComponent.uplugin" 333
"../../../Engine/Plugins/Developer/NullSourceCodeAccess/NullSourceCodeAccess.uplugin" 334
"../../../Engine/Plugins/Runtime/GoogleCloudMessaging/GoogleCloudMessaging.uplugin" 335
"../../../Engine/Plugins/Runtime/GooglePAD/GooglePAD.uplugin" 336
"../../../Engine/Plugins/Runtime/GameplayInteractions/GameplayInteractions.uplugin" 337
"../../../Engine/Plugins/Runtime/GeoReferencing/GeoReferencing.uplugin" 338
"../../../Engine/Plugins/Runtime/ExampleDeviceProfileSelector/ExampleDeviceProfileSelector.uplugin" 339
"../../../Engine/Plugins/Runtime/HTTPChunkInstaller/HTTPChunkInstaller.uplugin" 340
"../../../Engine/Plugins/Runtime/GameplayAbilities/GameplayAbilities.uplugin" 341
"../../../Engine/Plugins/Runtime/HDRIBackdrop/HDRIBackdrop.uplugin" 342
"../../../Engine/Plugins/Runtime/InputDebugging/InputDebugging.uplugin" 343
"../../../Engine/Plugins/Runtime/IOSReplayKit/IOSReplayKit.uplugin" 344
"../../../Engine/Plugins/Runtime/HairStrands/HairStrands.uplugin" 345
"../../../Engine/Plugins/Runtime/LocationServicesAndroidImpl/LocationServicesAndroidImpl.uplugin" 346
"../../../Engine/Plugins/Runtime/IOSDeviceProfileSelector/IOSDeviceProfileSelector.uplugin" 347
"../../../Engine/Plugins/Runtime/LinuxDeviceProfileSelector/LinuxDeviceProfileSelector.uplugin" 348
"../../../Engine/Plugins/Runtime/MicrosoftSpatialAudio/MicroSoftSpatialSound.uplugin" 349
"../../../Engine/Plugins/Runtime/LocationServicesBPLibrary/LocationServicesBPLibrary.uplugin" 350
"../../../Engine/Plugins/Runtime/LocationServicesIOSImpl/LocationServicesIOSImpl.uplugin" 351
"../../../Engine/Plugins/Runtime/MassGameplay/MassGameplay.uplugin" 352
"../../../Engine/Plugins/Runtime/MassEntity/MassEntity.uplugin" 353
"../../../Engine/Plugins/Runtime/HPMotionController/HPMotionController.uplugin" 354
"../../../Engine/Plugins/Runtime/MeshModelingToolset/MeshModelingToolset.uplugin" 355
"../../../Engine/Plugins/Runtime/MixedRealityCaptureFramework/MixedRealityCaptureFramework.uplugin" 356
"../../../Engine/Plugins/Runtime/MobileFSR/MobileFSR.uplugin" 357
"../../../Engine/Plugins/Runtime/MIDIDevice/MIDIDevice.uplugin" 358
"../../../Engine/Plugins/Runtime/Metasound/Metasound.uplugin" 359
"../../../Engine/Plugins/Runtime/NavCorridor/NavCorridor.uplugin" 360
"../../../Engine/Plugins/Runtime/NetworkPrediction/NetworkPrediction.uplugin" 361
"../../../Engine/Plugins/Runtime/LiveLinkOvernDisplay/LiveLinkOverNDisplay.uplugin" 362
"../../../Engine/Plugins/Runtime/MobilePatchingUtils/MobilePatchingUtils.uplugin" 363
"../../../Engine/Plugins/Runtime/ModelViewViewModel/ModelViewViewModel.uplugin" 364
"../../../Engine/Plugins/Importers/AlembicHairImporter/AlembicHairImporter.uplugin" 365
"../../../Engine/Plugins/Runtime/OpenXREyeTracker/OpenXREyeTracker.uplugin" 366
"../../../Engine/Plugins/Runtime/OSC/OSC.uplugin" 367
"../../../Engine/Plugins/Runtime/OpenXRMsftHandInteraction/OpenXRMsftHandInteraction.uplugin" 368
"../../../Engine/Plugins/Runtime/NetworkPredictionExtras/NetworkPredictionExtras.uplugin" 369
"../../../Engine/Plugins/Runtime/OpenXR/OpenXR.uplugin" 370
"../../../Engine/Plugins/Runtime/OpenXRHandTracking/OpenXRHandTracking.uplugin" 371
"../../../Engine/Plugins/Runtime/OpenCV/OpenCV.uplugin" 372
"../../../Engine/Plugins/Runtime/OSCModulationMixing/OSCModulationMixing.uplugin" 373
"../../../Engine/Plugins/Runtime/nDisplayModularFeatures/nDisplayModularFeatures.uplugin" 374
"../../../Engine/Plugins/Runtime/OpenXRViveTracker/OpenXRViveTracker.uplugin" 375
"../../../Engine/Plugins/Runtime/OptionalMobileFeaturesBPLibrary/OptionalMobileFeaturesBPLibrary.uplugin" 376
"../../../Engine/Plugins/Runtime/NetworkPredictionInsights/NetworkPredictionInsights.uplugin" 377
"../../../Engine/Plugins/Runtime/ProceduralMeshComponent/ProceduralMeshComponent.uplugin" 378
"../../../Engine/Plugins/Runtime/PropertyAccess/PropertyAccessEditor.uplugin" 379
"../../../Engine/Plugins/Runtime/PreLoadScreenMoviePlayer/PreLoadScreenMoviePlayer.uplugin" 380
"../../../Engine/Plugins/Runtime/ReplicationSystemTestPlugin/ReplicationSystemTestPlugin.uplugin" 381
"../../../Engine/Plugins/Runtime/ReplicationGraph/ReplicationGraph.uplugin" 382
"../../../Engine/Plugins/Runtime/ResonanceAudio/ResonanceAudio.uplugin" 383
"../../../Engine/Plugins/Runtime/SoundMod/SoundMod.uplugin" 384
"../../../Engine/Plugins/Runtime/SmartObjects/SmartObjects.uplugin" 385
"../../../Engine/Plugins/Runtime/SignificanceManager/SignificanceManager.uplugin" 386
"../../../Engine/Plugins/Runtime/Soundscape/Soundscape.uplugin" 387
"../../../Engine/Plugins/Runtime/SoundCueTemplates/SoundCueTemplates.uplugin" 388
"../../../Engine/Plugins/Runtime/SoundUtilities/SoundUtilities.uplugin" 389
"../../../Engine/Plugins/Runtime/RenderTrace/RenderTrace.uplugin" 390
"../../../Engine/Plugins/Runtime/StateTree/StateTree.uplugin" 391
"../../../Engine/Plugins/Runtime/Synthesis/Synthesis.uplugin" 392
"../../../Engine/Plugins/Runtime/Spatialization/Spatialization.uplugin" 393
"../../../Engine/Plugins/Runtime/WarpUtils/WarpUtils.uplugin" 394
"../../../Engine/Plugins/Runtime/SkeletalMerging/SkeletalMerging.uplugin" 395
"../../../Engine/Plugins/Runtime/SunPosition/SunPosition.uplugin" 396
"../../../Engine/Plugins/Runtime/WindowsDeviceProfileSelector/WindowsDeviceProfileSelector.uplugin" 397
"../../../Engine/Plugins/Runtime/SoundFields/SoundFields.uplugin" 398
"../../../Engine/Plugins/Runtime/WebBrowserWidget/WebBrowserWidget.uplugin" 399
"../../../Engine/Plugins/Runtime/WebBrowserNativeProxy/WebBrowserNativeProxy.uplugin" 400
"../../../Engine/Plugins/Runtime/nDisplay/nDisplay.uplugin" 401
"../../../Engine/Plugins/Runtime/WebMMoviePlayer/WebMMoviePlayer.uplugin" 402
"../../../Engine/Plugins/Runtime/WindowsMoviePlayer/WindowsMoviePlayer.uplugin" 403
"../../../Engine/Plugins/Runtime/WorldConditions/WorldConditions.uplugin" 404
"../../../Engine/Plugins/Runtime/ZoneGraph/ZoneGraph.uplugin" 405
"../../../Engine/Plugins/Runtime/ZoneGraphAnnotations/ZoneGraphAnnotations.uplugin" 406
"../../../Engine/Plugins/Enterprise/DataprepEditor/DataprepEditor.uplugin" 407
"../../../Engine/Plugins/Enterprise/AxFImporter/AxFImporter.uplugin" 408
"../../../Engine/Plugins/Runtime/WaveTable/WaveTable.uplugin" 409
"../../../Engine/Plugins/Enterprise/DatasmithCADImporter/DatasmithCADImporter.uplugin" 410
"../../../Engine/Plugins/2D/Paper2D/Paper2D.uplugin" 411
"../../../Engine/Plugins/Enterprise/DatasmithImporter/DatasmithImporter.uplugin" 412
"../../../Engine/Plugins/Enterprise/GLTFExporter/GLTFExporter.uplugin" 413
"../../../Engine/Plugins/Enterprise/LidarPointCloud/LidarPointCloud.uplugin" 414
"../../../Engine/Plugins/Enterprise/DatasmithContent/DatasmithContent.uplugin" 415
"../../../Engine/Plugins/Enterprise/VariantManager/VariantManager.uplugin" 416
"../../../Engine/Plugins/Enterprise/DatasmithFBXImporter/DatasmithFBXImporter.uplugin" 417
"../../../Engine/Plugins/Enterprise/DatasmithIFCImporter/DatasmithIFCImporter.uplugin" 418
"../../../Engine/Plugins/Enterprise/DatasmithC4DImporter/DatasmithC4DImporter.uplugin" 419
"../../../Engine/Plugins/Enterprise/MDLImporter/MDLImporter.uplugin" 420
"../../../Engine/Plugins/Enterprise/DatasmithGLTFImporter/DatasmithGLTFImporter.uplugin" 421
"../../../Engine/Plugins/Online/EOSShared/EOSShared.uplugin" 422
"../../../Engine/Plugins/Online/OnlineBase/OnlineBase.uplugin" 423
"../../../Engine/Plugins/Online/OnlineServicesEOS/OnlineServicesEOS.uplugin" 424
"../../../Engine/Plugins/Online/OnlineServicesOSSAdapter/OnlineServicesOSSAdapter.uplugin" 425
"../../../Engine/Plugins/Online/OnlineServicesEOSGS/OnlineServicesEOSGS.uplugin" 426
"../../../Engine/Plugins/Online/OnlineFramework/OnlineFramework.uplugin" 427
"../../../Engine/Plugins/Online/OnlineSubsystemEOS/OnlineSubsystemEOS.uplugin" 428
"../../../Engine/Plugins/Online/OnlineSubsystem/OnlineSubsystem.uplugin" 429
"../../../Engine/Plugins/Online/OnlineServices/OnlineServices.uplugin" 430
"../../../Engine/Plugins/Online/OnlineSubsystemApple/OnlineSubsystemApple.uplugin" 431
"../../../Engine/Plugins/Online/OnlineServicesNull/OnlineServicesNull.uplugin" 432
"../../../Engine/Plugins/Online/OnlineSubsystemAmazon/OnlineSubsystemAmazon.uplugin" 433
"../../../Engine/Plugins/Online/OnlineSubsystemNull/OnlineSubsystemNull.uplugin" 434
"../../../Engine/Plugins/Enterprise/VariantManagerContent/VariantManagerContent.uplugin" 435
"../../../Engine/Plugins/Online/OnlineSubsystemOculus/OnlineSubsystemOculus.uplugin" 436
"../../../Engine/Plugins/Online/OnlineSubsystemGoogle/OnlineSubsystemGoogle.uplugin" 437
"../../../Engine/Plugins/Online/OnlineSubsystemTencent/OnlineSubsystemTencent.uplugin" 438
"../../../Engine/Plugins/Online/OnlineSubsystemUtils/OnlineSubsystemUtils.uplugin" 439
"../../../Engine/Plugins/Online/SocketSubsystemEOS/SocketSubsystemEOS.uplugin" 440
"../../../Engine/Plugins/Online/OnlineSubsystemSteam/OnlineSubsystemSteam.uplugin" 441
"../../../Engine/Plugins/Runtime/Steam/SteamAudio/SteamAudio.uplugin" 442
"../../../Engine/Plugins/Online/Android/OnlineSubsystemGooglePlay/OnlineSubsystemGooglePlay.uplugin" 443
"../../../Engine/Plugins/Runtime/Steam/SteamVR/SteamVR.uplugin" 444
"../../../Engine/Plugins/Online/OnlineSubsystemFacebook/OnlineSubsystemFacebook.uplugin" 445
"../../../Engine/Plugins/Developer/Concert/ConcertMain/ConcertMain.uplugin" 446
"../../../Engine/Plugins/Runtime/Steam/SteamController/SteamController.uplugin" 447
"../../../Engine/Plugins/Runtime/Steam/SteamShared/SteamShared.uplugin" 448
"../../../Engine/Plugins/Online/Android/AndroidFetchBackgroundDownload/AndroidFetchBackgroundDownload.uplugin" 449
"../../../Engine/Plugins/VirtualProduction/Rivermax/RivermaxMedia/RivermaxMedia.uplugin" 450
"../../../Engine/Plugins/Runtime/Steam/SteamSockets/SteamSockets.uplugin" 451
"../../../Engine/Plugins/Experimental/VirtualProduction/LedWallCalibration/LedWallCalibration.uplugin" 452
"../../../Engine/Plugins/Online/WebAuth/WebAuth.uplugin" 453
"../../../Engine/Plugins/Runtime/PacketHandlers/AESGCMHandlerComponent/AESGCMHandlerComponent.uplugin" 454
"../../../Engine/Plugins/Experimental/VirtualProduction/VPSettings/VPSettings.uplugin" 455
"../../../Engine/Plugins/Runtime/PacketHandlers/AESHandlerComponent/AESHandlerComponent.uplugin" 456
"../../../Engine/Plugins/Runtime/PacketHandlers/DTLSHandlerComponent/DTLSHandlerComponent.uplugin" 457
"../../../Engine/Plugins/Experimental/VirtualProduction/VPRoles/VPRoles.uplugin" 458
"../../../Engine/Plugins/VirtualProduction/Rivermax/RivermaxCore/RivermaxCore.uplugin" 459
"../../../Engine/Plugins/Runtime/Analytics/FileLogging/FileLogging.uplugin" 460
"../../../Engine/Plugins/Runtime/Analytics/Adjust/Adjust.uplugin" 461
"../../../Engine/Plugins/Experimental/CharacterFXEditor/ExampleCharacterFXEditor/ExampleCharacterFXEditor.uplugin" 462
"../../../Engine/Plugins/Runtime/Analytics/Flurry/Flurry.uplugin" 463
"../../../Engine/Plugins/Runtime/Analytics/AnalyticsBlueprintLibrary/AnalyticsBlueprintLibrary.uplugin" 464
"../../../Engine/Plugins/Online/VoiceChat/VoiceChat/VoiceChat.uplugin" 465
"../../../Engine/Plugins/Runtime/Nvidia/GeForceNOWWrapper/GeForceNOWWrapper.uplugin" 466
"../../../Engine/Plugins/Runtime/Analytics/AnalyticsMulticast/AnalyticsMulticast.uplugin" 467
"../../../Engine/Plugins/Online/VoiceChat/EOSVoiceChat/EOSVoiceChat.uplugin" 468
"../../../Engine/Plugins/Runtime/XR/XRVisualization/XRVisualization.uplugin" 469
"../../../Engine/Plugins/Online/IOS/OnlineSubsystemIOS/OnlineSubsystemIOS.uplugin" 470
"../../../Engine/Plugins/Experimental/CharacterFXEditor/BaseCharacterFXEditor/BaseCharacterFXEditor.uplugin" 471
"../../../Engine/Plugins/Runtime/Nvidia/Reflex/Reflex.uplugin" 472
"../../../Engine/Plugins/Experimental/AVCodecs/NVCodecs/NVCodecs.uplugin" 473
"../../../Engine/Plugins/Experimental/AVCodecs/AMFCodecs/AMFCodecs.uplugin" 474
"../../../Engine/Plugins/Experimental/AVCodecs/AVCodecsCore/AVCodecsCore.uplugin" 475
"../../../Engine/Plugins/Runtime/Oculus/OculusVR/OculusVR.uplugin" 476
"../../../Engine/Plugins/Runtime/MeshReconstruction/DummyMeshReconstructor/DummyMeshReconstructor.uplugin" 477
"../../../Engine/Plugins/Experimental/AVCodecs/WMFCodecs/WMFCodecs.uplugin" 478
"../../../Engine/Plugins/Editor/ContentBrowser/ContentBrowserAliasDataSoure/ContentBrowserAliasDataSource.uplugin" 479
"../../../Engine/Plugins/Experimental/AR/PointCloud/PointCloud.uplugin" 480
"../../../Engine/Plugins/Editor/ContentBrowser/ContentBrowserAssetDataSource/ContentBrowserAssetDataSource.uplugin" 481
"../../../Engine/Plugins/Editor/ContentBrowser/ContentBrowserClassDataSource/ContentBrowserClassDataSource.uplugin" 482
"../../../Engine/Plugins/Editor/ContentBrowser/ContentBrowserFileDataSource/ContentBrowserFileDataSource.uplugin" 483
"../../../Engine/Plugins/Runtime/Oculus/OculusAudio/OculusAudio.uplugin" 484
"../../../Engine/Plugins/Runtime/AR/AzureSpatialAnchorsForARKit/AzureSpatialAnchorsForARKit.uplugin" 485
"../../../Engine/Plugins/Runtime/AR/AzureSpatialAnchorsForARCore/AzureSpatialAnchorsForARCore.uplugin" 486
"../../../Engine/Plugins/Runtime/AR/AzureSpatialAnchors/AzureSpatialAnchors.uplugin" 487
"../../../Engine/Plugins/Runtime/AR/ARUtilities/ARUtilities.uplugin" 488
"../../../Engine/Plugins/Animation/MLDeformer/NearestNeighborModel/NearestNeighborModel.uplugin" 489
"../../../Engine/Plugins/Experimental/Web/WebAPI/WebAPI.uplugin" 490
"../../../Engine/Plugins/Animation/MLDeformer/VertexDeltaModel/VertexDeltaModel.uplugin" 491
"../../../Engine/Plugins/Runtime/Windows/WinDualShock/WinDualShock.uplugin" 492
"../../../Engine/Plugins/Experimental/Animation/CurveExpression/CurveExpression.uplugin" 493
"../../../Engine/Plugins/Animation/MLDeformer/MLDeformerFramework/MLDeformerFramework.uplugin" 494
"../../../Engine/Plugins/Animation/MLDeformer/NeuralMorphModel/NeuralMorphModel.uplugin" 495
"../../../Engine/Plugins/Experimental/Animation/PoseCorrectives/PoseCorrectives.uplugin" 496
"../../../Engine/Plugins/Experimental/Animation/MotionTrajectory/MotionTrajectory.uplugin" 497
"../../../Engine/Plugins/Experimental/Animation/PoseSearch/PoseSearch.uplugin" 498
"../../../Engine/Plugins/Runtime/Database/DatabaseSupport/DatabaseSupport.uplugin" 499
"../../../Engine/Plugins/Experimental/Animation/SkeletalMeshModelingTools/SkeletalMeshModelingTools.uplugin" 500
"../../../Engine/Plugins/Experimental/Enterprise/DataprepGeometryOperations/DataprepGeometryOperations.uplugin" 501
"../../../Engine/Plugins/VirtualProduction/DMX/DatasmithMVR/DatasmithMVR.uplugin" 502
"../../../Engine/Plugins/Experimental/Animation/Optimus/Optimus.uplugin" 503
"../../../Engine/Plugins/Editor/ObjectMixer/ObjectMixer/ObjectMixer.uplugin" 504
"../../../Engine/Plugins/Experimental/Enterprise/DatasmithRuntime/DatasmithRuntime.uplugin" 505
"../../../Engine/Plugins/Experimental/Enterprise/DatasmithInterchange/DatasmithInterchange.uplugin" 506
"../../../Engine/Plugins/Editor/ObjectMixer/LightMixer/LightMixer.uplugin" 507
"../../../Engine/Plugins/Runtime/Database/RemoteDatabaseSupport/RemoteDatabaseSupport.uplugin" 508
"../../../Engine/Plugins/Runtime/Database/SQLiteSupport/SQLiteSupport.uplugin" 509
"../../../Engine/Plugins/Runtime/Database/ADOSupport/ADOSupport.uplugin" 510
"../../../Engine/Plugins/Experimental/Animation/ContextualAnimation/ContextualAnimation.uplugin" 511
"../../../Engine/Plugins/Runtime/Database/SQLiteCore/SQLiteCore.uplugin" 512
"../../../Engine/Plugins/VirtualProduction/DMX/DMXDisplayCluster/DMXDisplayCluster.uplugin" 513
"../../../Engine/Plugins/VirtualProduction/DMX/DMXFixtures/DMXFixtures.uplugin" 514
"../../../Engine/Plugins/VirtualProduction/DMX/DMXProtocol/DMXProtocol.uplugin" 515
"../../../Engine/Plugins/VirtualProduction/DMX/DMXControlConsole/DMXControlConsole.uplugin" 516
"../../../Engine/Plugins/VirtualProduction/DMX/DMXModularFeatures/DMXModularFeatures.uplugin" 517
"../../../Engine/Plugins/Runtime/Advertising/IOSTapJoy/IOSTapJoy.uplugin" 518
"../../../Engine/Plugins/VirtualProduction/DMX/DMXPixelMapping/DMXPixelMapping.uplugin" 519
"../../../Engine/Plugins/Developer/Concert/ConcertApp/MultiUserClient/MultiUserClient.uplugin" 520
"../../../Engine/Plugins/Developer/Concert/ConcertSync/ConcertSyncClient/ConcertSyncClient.uplugin" 521
"../../../Engine/Plugins/VirtualProduction/DMX/DMXEngine/DMXEngine.uplugin" 522
"../../../Engine/Plugins/Developer/Concert/ConcertApp/DisasterRecoveryClient/DisasterRecoveryClient.uplugin" 523
"../../../Engine/Plugins/Developer/Concert/ConcertSync/ConcertSyncServer/ConcertSyncServer.uplugin" 524
"../../../Engine/Plugins/Developer/Concert/ConcertApp/MultiUserServer/MultiUserServer.uplugin" 525
"../../../Engine/Plugins/Runtime/AR/Google/GoogleARCore/GoogleARCore.uplugin" 526
"../../../Engine/Plugins/Developer/Concert/ConcertSync/ConcertSyncTest/ConcertSyncTest.uplugin" 527
"../../../Engine/Plugins/Runtime/AR/Google/GoogleARCoreServices/GoogleARCoreServices.uplugin" 528
"../../../Engine/Plugins/Developer/Concert/ConcertSync/ConcertSyncCore/ConcertSyncCore.uplugin" 529
"../../../Engine/Plugins/Runtime/AR/AppleAR/AppleARKit/AppleARKit.uplugin" 530
"../../../Engine/Plugins/Developer/Concert/ConcertUI/ConcertSharedSlate/ConcertSharedSlate.uplugin" 531
"../../../Engine/Plugins/Developer/Concert/ConcertUI/ConcertClientSharedSlate/ConcertClientSharedSlate.uplugin" 532
"../../../Engine/Plugins/Runtime/AR/AppleAR/AppleARKitFaceSupport/AppleARKitFaceSupport.uplugin" 533
"../../../Engine/Platforms/HoloLens/Plugins/Runtime/GeoReferencing/GeoReferencing_HoloLens.uplugin" 534
"../../../Engine/Platforms/HoloLens/Plugins/Compression/OodleNetwork/OodleNetwork_HoloLens.uplugin" 535
"../../../Engine/Platforms/HoloLens/Plugins/Media/HLMedia/HLMedia_HoloLens.uplugin" 536
"../../../Engine/Platforms/HoloLens/Plugins/Media/MfMedia/MfMedia_HoloLens.uplugin" 537
"../../../Engine/Platforms/HoloLens/Plugins/Runtime/ApexDestruction/ApexDestruction_HoloLens.uplugin" 538
"../../../Engine/Platforms/HoloLens/Plugins/Runtime/OpenXRMsftHandInteraction/OpenXRMsftHandInteraction_HoloLens.uplugin" 539
"../../../Engine/Platforms/HoloLens/Plugins/Runtime/AR/AzureSpatialAnchors/AzureSpatialAnchors_HoloLens.uplugin" 540
"../../../Engine/Platforms/HoloLens/Plugins/Online/OnlineServicesEOS/OnlineServicesEOS_HoloLens.uplugin" 541
"../../../Engine/Platforms/HoloLens/Plugins/Runtime/OpenXRHandTracking/OpenXRHandTracking_HoloLens.uplugin" 542
"../../../Engine/Platforms/HoloLens/Plugins/Runtime/MicrosoftSpatialAudio/MicroSoftSpatialSound_HoloLens.uplugin" 543
"../../../Engine/Platforms/HoloLens/Plugins/Media/BinkMedia/BinkMedia_HoloLens.uplugin" 544
"../../../Engine/Platforms/HoloLens/Plugins/Online/OnlineServicesEOSGS/OnlineServicesEOSGS_HoloLens.uplugin" 545
"../../../Engine/Platforms/HoloLens/Plugins/Runtime/OpenXR/OpenXR_HoloLens.uplugin" 546
"../../../Engine/Platforms/HoloLens/Plugins/Runtime/OpenXREyeTracker/OpenXREyeTracker_HoloLens.uplugin" 547
"../../../Engine/Content/Internationalization/icudt64l/cnvalias.icu" 548
"../../../Engine/Content/Internationalization/icudt64l/res_index.res" 549
"../../../Engine/Content/Internationalization/icudt64l/plurals.res" 550
"../../../Engine/Content/Internationalization/icudt64l/lang/ko.res" 551
"../../../Engine/Content/Internationalization/icudt64l/lang/pool.res" 552
"../../../Engine/Content/Internationalization/icudt64l/lang/root.res" 553
"../../../Engine/Content/Internationalization/icudt64l/region/ko.res" 554
"../../../Engine/Content/Internationalization/icudt64l/region/pool.res" 555
"../../../Engine/Content/Internationalization/icudt64l/region/root.res" 556
"../../../Engine/Content/Internationalization/icudt64l/lang/en.res" 557
"../../../Engine/Content/Internationalization/icudt64l/region/en.res" 558
"../../../Engine/Content/Internationalization/icudt64l/windowsZones.res" 559
"../../../Engine/Content/Internationalization/icudt64l/zoneinfo64.res" 560
"../../../Engine/Content/Internationalization/icudt64l/keyTypeData.res" 561
"../../../Engine/Content/Internationalization/icudt64l/timezoneTypes.res" 562
"../../../Engine/Content/Internationalization/icudt64l/likelySubtags.res" 563
"../../../Engine/Content/Internationalization/icudt64l/ko_KR.res" 564
"../../../Engine/Content/Internationalization/icudt64l/pool.res" 565
"../../../Engine/Content/Internationalization/icudt64l/ko.res" 566
"../../../Engine/Content/Internationalization/icudt64l/root.res" 567
"../../../Engine/Content/Internationalization/icudt64l/supplementalData.res" 568
"../../../Engine/Config/ConfigRedirects.ini" 569
"../../../Engine/Config/Base.ini" 570
"../../../Engine/Saved/Config/WindowsEditor/Manifest.ini" 571
"../../../Engine/Config/BaseEngine.ini" 572
"../../../Engine/Config/IOS/BaseIOSEngine.ini" 573
"../../../Engine/Config/Windows/BaseWindowsEngine.ini" 574
"../../../Engine/Config/LinuxArm64/BaseLinuxArm64Engine.ini" 575
"../../../Engine/Config/Android/BaseAndroidEngine.ini" 576
"../../../../Unreal/LostWaves/Config/DefaultEngine.ini" 577
"../../../Engine/Config/Linux/BaseLinuxEngine.ini" 578
"../../../Engine/Config/Android/AndroidEngine.ini" 579
"../../../Engine/Config/Mac/BaseMacEngine.ini" 580
"../../../Engine/Config/IOS/IOSEngine.ini" 581
"../../../Engine/Config/Windows/WindowsEngine.ini" 582
"../../../Engine/Config/Unix/UnixEngine.ini" 583
"../../../Engine/Config/TVOS/TVOSEngine.ini" 584
"../../../Engine/Config/LinuxArm64/LinuxArm64Engine.ini" 585
"../../../Engine/Config/Linux/LinuxEngine.ini" 586
"../../../Engine/Config/Mac/MacEngine.ini" 587
"../../../Engine/Platforms/HoloLens/Config/BaseHoloLensEngine.ini" 588
"../../../Engine/Config/BaseGame.ini" 589
"../../../Engine/Config/Android/BaseAndroidGame.ini" 590
"../../../../Unreal/LostWaves/Config/DefaultGame.ini" 591
"../../../Engine/Config/HoloLens/HoloLensEngine.ini" 592
"D:/Unreal/LostWaves/Saved/Config/WindowsEditor/Engine.ini" 593
"../../../Engine/Config/IOS/BaseIOSGame.ini" 594
"../../../../Unreal/LostWaves/Platforms/HoloLens/Config/HoloLensEngine.ini" 595
"../../../Engine/Config/IOS/IOSGame.ini" 596
"../../../Engine/Config/BaseInput.ini" 597
"../../../Engine/Config/Mac/MacGame.ini" 598
"../../../Engine/Config/Windows/WindowsGame.ini" 599
"../../../../Unreal/LostWaves/Config/DefaultInput.ini" 600
"../../../Engine/Config/HoloLens/HoloLensGame.ini" 601
"../../../Engine/Config/Linux/LinuxGame.ini" 602
"D:/Unreal/LostWaves/Saved/Config/WindowsEditor/Game.ini" 603
"../../../Engine/Config/BaseDeviceProfiles.ini" 604
"../../../Engine/Config/Windows/WindowsInput.ini" 605
"../../../Engine/Config/BaseGameUserSettings.ini" 606
"D:/Unreal/LostWaves/Saved/Config/WindowsEditor/Input.ini" 607
"../../../Engine/Config/BaseScalability.ini" 608
"../../../Engine/Config/Android/AndroidScalability.ini" 609
"../../../Engine/Config/IOS/IOSScalability.ini" 610
"../../../Engine/Config/BaseRuntimeOptions.ini" 611
"D:/Unreal/LostWaves/Saved/Config/WindowsEditor/DeviceProfiles.ini" 612
"../../../Engine/Config/BaseInstallBundle.ini" 613
"../../../Engine/Config/Android/BaseAndroidInstallBundle.ini" 614
"../../../Engine/Config/BaseHardware.ini" 615
"D:/Unreal/LostWaves/Saved/Config/WindowsEditor/GameUserSettings.ini" 616
"D:/Unreal/LostWaves/Saved/Config/WindowsEditor/Scalability.ini" 617
"D:/Unreal/LostWaves/Saved/Config/WindowsEditor/RuntimeOptions.ini" 618
"D:/Unreal/LostWaves/Saved/Config/WindowsEditor/InstallBundle.ini" 619
"D:/Unreal/LostWaves/Saved/Config/WindowsEditor/Hardware.ini" 620
"../../../Engine/Config/BaseCompat.ini" 621
"D:/Unreal/LostWaves/Saved/Config/WindowsEditor/Compat.ini" 622
"../../../Engine/Config/BaseLightmass.ini" 623
"D:/Unreal/LostWaves/Saved/Config/WindowsEditor/Lightmass.ini" 624
"../../../Engine/Config/BaseEditor.ini" 625
"../../../../Unreal/LostWaves/Config/DefaultEditor.ini" 626
"D:/Unreal/LostWaves/Saved/Config/WindowsEditor/Editor.ini" 627
"../../../Engine/Config/BaseEditorPerProjectUserSettings.ini" 628
"../../../../Unreal/LostWaves/Config/DefaultEditorPerProjectUserSettings.ini" 629
"../../../Engine/Config/Windows/WindowsEditorPerProjectUserSettings.ini" 630
"D:/Unreal/LostWaves/Saved/Config/WindowsEditor/EditorPerProjectUserSettings.ini" 631
"../../../Engine/Config/BaseEditorSettings.ini" 632
"../../../Engine/Saved/Config/WindowsEditor/EditorSettings.ini" 633
"../../../Engine/Config/BaseEditorKeyBindings.ini" 634
"../../../Engine/Saved/Config/WindowsEditor/EditorKeyBindings.ini" 635
"../../../Engine/Saved/Config/WindowsEditor/EditorLayout.ini" 636
"../../../../Unreal/LostWaves/Binaries/Win64/LostWavesEditor-Win64-DebugGame.target" 637
"../../../Engine/Plugins/Bridge/Config/BaseBridge.ini" 638
"D:/Unreal/LostWaves/Saved/Config/WindowsEditor/Bridge.ini" 639
"../../../Engine/Plugins/EnhancedInput/Config/BaseEnhancedInput.ini" 640
"D:/Unreal/LostWaves/Saved/Config/WindowsEditor/EnhancedInput.ini" 641
"../../../Engine/Plugins/EnhancedInput/Config/Input.ini" 642
"../../../Engine/Plugins/TraceUtilities/Config/BaseTraceUtilities.ini" 643
"D:/Unreal/LostWaves/Saved/Config/WindowsEditor/TraceUtilities.ini" 644
"../../../Engine/Plugins/Animation/ControlRig/Config/BaseControlRig.ini" 645
"D:/Unreal/LostWaves/Saved/Config/WindowsEditor/ControlRig.ini" 646
"../../../Engine/Plugins/Animation/IKRig/Config/BaseIKRig.ini" 647
"D:/Unreal/LostWaves/Saved/Config/WindowsEditor/IKRig.ini" 648
"../../../Engine/Plugins/Experimental/FullBodyIK/Config/BaseFullBodyIK.ini" 649
"D:/Unreal/LostWaves/Saved/Config/WindowsEditor/FullBodyIK.ini" 650
"../../../Engine/Plugins/Interchange/Runtime/Config/BaseInterchange.ini" 651
"D:/Unreal/LostWaves/Saved/Config/WindowsEditor/Interchange.ini" 652
"../../../Engine/Plugins/Developer/TraceDataFiltering/Config/BaseTraceDataFilters.ini" 653
"D:/Unreal/LostWaves/Saved/Config/WindowsEditor/TraceDataFilters.ini" 654
"../../../Engine/Plugins/Editor/EditorScriptingUtilities/Config/BaseEditorScriptingUtilities.ini" 655
"D:/Unreal/LostWaves/Saved/Config/WindowsEditor/EditorScriptingUtilities.ini" 656
"../../../Engine/Plugins/FX/Niagara/Config/BaseNiagara.ini" 657
"D:/Unreal/LostWaves/Saved/Config/WindowsEditor/Niagara.ini" 658
"../../../Engine/Plugins/Runtime/InputDebugging/Config/Input.ini" 659
"../../../Engine/Plugins/Runtime/Metasound/Config/BaseMetasound.ini" 660
"D:/Unreal/LostWaves/Saved/Config/WindowsEditor/Metasound.ini" 661
"../../../Engine/Plugins/Runtime/Synthesis/Config/BaseSynthesis.ini" 662
"D:/Unreal/LostWaves/Saved/Config/WindowsEditor/Synthesis.ini" 663
"../../../Engine/Plugins/2D/Paper2D/Config/BasePaper2D.ini" 664
"D:/Unreal/LostWaves/Saved/Config/WindowsEditor/Paper2D.ini" 665
"../../../Engine/Plugins/Enterprise/DatasmithContent/Config/BaseDatasmithContent.ini" 666
"D:/Unreal/LostWaves/Saved/Config/WindowsEditor/DatasmithContent.ini" 667
"../../../Engine/Plugins/Enterprise/GLTFExporter/Config/BaseGLTFExporter.ini" 668
"../../../Engine/Plugins/Enterprise/GLTFExporter/Config/DefaultGLTFExporter.ini" 669
"D:/Unreal/LostWaves/Saved/Config/WindowsEditor/GLTFExporter.ini" 670
"../../../Engine/Plugins/Enterprise/VariantManagerContent/Config/BaseVariantManagerContent.ini" 671
"D:/Unreal/LostWaves/Saved/Config/WindowsEditor/VariantManagerContent.ini" 672
"../../../Engine/Plugins/Editor/ModelingToolsEditorMode/Binaries/Win64/UnrealEditor.modules" 673
"../../../Engine/Plugins/Runtime/MeshModelingToolset/Binaries/Win64/UnrealEditor.modules" 674
"../../../Engine/Plugins/Experimental/MeshModelingToolsetExp/Binaries/Win64/UnrealEditor.modules" 675
"../../../Engine/Plugins/Experimental/MeshLODToolset/Binaries/Win64/UnrealEditor.modules" 676
"../../../Engine/Plugins/Editor/StylusInput/Binaries/Win64/UnrealEditor.modules" 677
"../../../Engine/Plugins/Experimental/ToolPresets/Binaries/Win64/UnrealEditor.modules" 678
"../../../Engine/Plugins/Runtime/GeometryProcessing/Binaries/Win64/UnrealEditor.modules" 679
"../../../Engine/Plugins/Experimental/ProxyLODPlugin/Binaries/Win64/UnrealEditor.modules" 680
"../../../Engine/Plugins/Experimental/GeometryFlow/Binaries/Win64/UnrealEditor.modules" 681
"../../../Engine/Plugins/Editor/EditorScriptingUtilities/Binaries/Win64/UnrealEditor.modules" 682
"../../../Engine/Plugins/Bridge/Binaries/Win64/UnrealEditor.modules" 683
"../../../Engine/Plugins/EnhancedInput/Binaries/Win64/UnrealEditor.modules" 684
"../../../Engine/Plugins/FastBuildController/Binaries/Win64/UnrealEditor.modules" 685
"../../../Engine/Plugins/MeshPainting/Binaries/Win64/UnrealEditor.modules" 686
"../../../Engine/Plugins/Interchange/Editor/Binaries/Win64/UnrealEditor.modules" 687
"../../../Engine/Plugins/Interchange/Runtime/Binaries/Win64/UnrealEditor.modules" 688
"../../../Engine/Plugins/Editor/GLTFImporter/Binaries/Win64/UnrealEditor.modules" 689
"../../../Engine/Plugins/Enterprise/VariantManagerContent/Binaries/Win64/UnrealEditor.modules" 690
"../../../Engine/Plugins/Enterprise/VariantManager/Binaries/Win64/UnrealEditor.modules" 691
"../../../Engine/Plugins/TraceUtilities/Binaries/Win64/UnrealEditor.modules" 692
"../../../Engine/Plugins/XGEController/Binaries/Win64/UnrealEditor.modules" 693
"../../../Engine/Plugins/AI/AISupport/Binaries/Win64/UnrealEditor.modules" 694
"../../../Engine/Plugins/AI/EnvironmentQueryEditor/Binaries/Win64/UnrealEditor.modules" 695
"../../../Engine/Plugins/MovieScene/ActorSequence/Binaries/Win64/UnrealEditor.modules" 696
"../../../Engine/Plugins/MovieScene/LevelSequenceEditor/Binaries/Win64/UnrealEditor.modules" 697
"../../../Engine/Plugins/MovieScene/SequencerScripting/Binaries/Win64/UnrealEditor.modules" 698
"../../../Engine/Plugins/Experimental/PythonScriptPlugin/Binaries/Win64/UnrealEditor.modules" 699
"../../../Engine/Plugins/Editor/ContentBrowser/ContentBrowserFileDataSource/Binaries/Win64/UnrealEditor.modules" 700
"../../../Engine/Plugins/Animation/AnimationData/Binaries/Win64/UnrealEditor.modules" 701
"../../../Engine/Plugins/Animation/ControlRig/Binaries/Win64/UnrealEditor.modules" 702
"../../../Engine/Plugins/Runtime/PropertyAccess/Binaries/Win64/UnrealEditor.modules" 703
"../../../Engine/Plugins/Animation/AnimationModifierLibrary/Binaries/Win64/UnrealEditor.modules" 704
"../../../Engine/Plugins/Animation/BlendSpaceMotionAnalysis/Binaries/Win64/UnrealEditor.modules" 705
"../../../Engine/Plugins/Animation/ControlRigSpline/Binaries/Win64/UnrealEditor.modules" 706
"../../../Engine/Plugins/Animation/IKRig/Binaries/Win64/UnrealEditor.modules" 707
"../../../Engine/Plugins/Experimental/FullBodyIK/Binaries/Win64/UnrealEditor.modules" 708
"../../../Engine/Plugins/Media/AndroidMedia/Binaries/Win64/UnrealEditor.modules" 709
"../../../Engine/Plugins/Media/AvfMedia/Binaries/Win64/UnrealEditor.modules" 710
"../../../Engine/Plugins/Media/ImgMedia/Binaries/Win64/UnrealEditor.modules" 711
"../../../Engine/Plugins/Media/MediaPlayerEditor/Binaries/Win64/UnrealEditor.modules" 712
"../../../Engine/Plugins/Media/MediaCompositing/Binaries/Win64/UnrealEditor.modules" 713
"../../../Engine/Plugins/Media/MediaPlate/Binaries/Win64/UnrealEditor.modules" 714
"../../../Engine/Plugins/Media/WmfMedia/Binaries/Win64/UnrealEditor.modules" 715
"../../../Engine/Plugins/Tests/InterchangeTests/Binaries/Win64/UnrealEditor.modules" 716
"../../../Engine/Plugins/Experimental/BackChannel/Binaries/Win64/UnrealEditor.modules" 717
"../../../Engine/Plugins/Experimental/AutomationUtils/Binaries/Win64/UnrealEditor.modules" 718
"../../../Engine/Plugins/Experimental/ChaosCloth/Binaries/Win64/UnrealEditor.modules" 719
"../../../Engine/Plugins/Experimental/ChaosCaching/Binaries/Win64/UnrealEditor.modules" 720
"../../../Engine/Plugins/VirtualProduction/Takes/Binaries/Win64/UnrealEditor.modules" 721
"../../../Engine/Plugins/Experimental/ChaosClothEditor/Binaries/Win64/UnrealEditor.modules" 722
"../../../Engine/Plugins/Experimental/ChaosEditor/Binaries/Win64/UnrealEditor.modules" 723
"../../../Engine/Plugins/Experimental/PlanarCutPlugin/Binaries/Win64/UnrealEditor.modules" 724
"../../../Engine/Plugins/Experimental/GeometryCollectionPlugin/Binaries/Win64/UnrealEditor.modules" 725
"../../../Engine/Plugins/Experimental/Fracture/Binaries/Win64/UnrealEditor.modules" 726
"../../../Engine/Plugins/Runtime/ProceduralMeshComponent/Binaries/Win64/UnrealEditor.modules" 727
"../../../Engine/Plugins/Experimental/ChaosSolverPlugin/Binaries/Win64/UnrealEditor.modules" 728
"../../../Engine/Plugins/Experimental/Dataflow/Binaries/Win64/UnrealEditor.modules" 729
"../../../Engine/Plugins/Experimental/ChaosNiagara/Binaries/Win64/UnrealEditor.modules" 730
"../../../Engine/Plugins/FX/Niagara/Binaries/Win64/UnrealEditor.modules" 731
"../../../Engine/Plugins/Experimental/ChaosUserDataPT/Binaries/Win64/UnrealEditor.modules" 732
"../../../Engine/Plugins/Experimental/CharacterAI/Binaries/Win64/UnrealEditor.modules" 733
"../../../Engine/Plugins/Experimental/OpenImageDenoise/Binaries/Win64/UnrealEditor.modules" 734
"../../../Engine/Plugins/Experimental/PlatformCrypto/Binaries/Win64/UnrealEditor.modules" 735
"../../../Engine/Plugins/Experimental/SkeletalReduction/Binaries/Win64/UnrealEditor.modules" 736
"../../../Engine/Plugins/Experimental/UVEditor/Binaries/Win64/UnrealEditor.modules" 737
"../../../Engine/Plugins/Cameras/CameraShakePreviewer/Binaries/Win64/UnrealEditor.modules" 738
"../../../Engine/Plugins/Cameras/GameplayCameras/Binaries/Win64/UnrealEditor.modules" 739
"../../../Engine/Plugins/MovieScene/TemplateSequence/Binaries/Win64/UnrealEditor.modules" 740
"../../../Engine/Plugins/Compression/OodleNetwork/Binaries/Win64/UnrealEditor.modules" 741
"../../../Engine/Plugins/Developer/AnimationSharing/Binaries/Win64/UnrealEditor.modules" 742
"../../../Engine/Plugins/Runtime/SignificanceManager/Binaries/Win64/UnrealEditor.modules" 743
"../../../Engine/Plugins/Developer/CLionSourceCodeAccess/Binaries/Win64/UnrealEditor.modules" 744
"../../../Engine/Plugins/Developer/DumpGPUServices/Binaries/Win64/UnrealEditor.modules" 745
"../../../Engine/Plugins/Developer/GitSourceControl/Binaries/Win64/UnrealEditor.modules" 746
"../../../Engine/Plugins/Developer/PixWinPlugin/Binaries/Win64/UnrealEditor.modules" 747
"../../../Engine/Plugins/Developer/PerforceSourceControl/Binaries/Win64/UnrealEditor.modules" 748
"../../../Engine/Plugins/Developer/PlasticSourceControl/Binaries/Win64/UnrealEditor.modules" 749
"../../../Engine/Plugins/Developer/PluginUtils/Binaries/Win64/UnrealEditor.modules" 750
"../../../Engine/Plugins/Developer/PropertyAccessNode/Binaries/Win64/UnrealEditor.modules" 751
"../../../Engine/Plugins/Developer/RenderDocPlugin/Binaries/Win64/UnrealEditor.modules" 752
"../../../Engine/Plugins/Developer/RiderSourceCodeAccess/Binaries/Win64/UnrealEditor.modules" 753
"../../../Engine/Plugins/Developer/SubversionSourceControl/Binaries/Win64/UnrealEditor.modules" 754
"../../../Engine/Plugins/Developer/TextureFormatOodle/Binaries/Win64/UnrealEditor.modules" 755
"../../../Engine/Plugins/Developer/TraceDataFiltering/Binaries/Win64/UnrealEditor.modules" 756
"../../../Engine/Plugins/Developer/UObjectPlugin/Binaries/Win64/UnrealEditor.modules" 757
"../../../Engine/Plugins/Developer/VisualStudioCodeSourceCodeAccess/Binaries/Win64/UnrealEditor.modules" 758
"../../../Engine/Plugins/Developer/VisualStudioSourceCodeAccess/Binaries/Win64/UnrealEditor.modules" 759
"../../../Engine/Plugins/Editor/AssetManagerEditor/Binaries/Win64/UnrealEditor.modules" 760
"../../../Engine/Plugins/Editor/BlueprintHeaderView/Binaries/Win64/UnrealEditor.modules" 761
"../../../Engine/Plugins/Editor/ChangelistReview/Binaries/Win64/UnrealEditor.modules" 762
"../../../Engine/Plugins/Editor/CryptoKeys/Binaries/Win64/UnrealEditor.modules" 763
"../../../Engine/Plugins/Editor/CurveEditorTools/Binaries/Win64/UnrealEditor.modules" 764
"../../../Engine/Plugins/Editor/DataValidation/Binaries/Win64/UnrealEditor.modules" 765
"../../../Engine/Plugins/Editor/EditorDebugTools/Binaries/Win64/UnrealEditor.modules" 766
"../../../Engine/Plugins/Editor/EngineAssetDefinitions/Binaries/Win64/UnrealEditor.modules" 767
"../../../Engine/Plugins/Editor/FacialAnimation/Binaries/Win64/UnrealEditor.modules" 768
"../../../Engine/Plugins/Editor/GameplayTagsEditor/Binaries/Win64/UnrealEditor.modules" 769
"../../../Engine/Plugins/Editor/GeometryMode/Binaries/Win64/UnrealEditor.modules" 770
"../../../Engine/Plugins/Editor/MobileLauncherProfileWizard/Binaries/Win64/UnrealEditor.modules" 771
"../../../Engine/Plugins/Editor/MaterialAnalyzer/Binaries/Win64/UnrealEditor.modules" 772
"../../../Engine/Plugins/Editor/PluginBrowser/Binaries/Win64/UnrealEditor.modules" 773
"../../../Engine/Plugins/Editor/SequencerAnimTools/Binaries/Win64/UnrealEditor.modules" 774
"../../../Engine/Plugins/Editor/SpeedTreeImporter/Binaries/Win64/UnrealEditor.modules" 775
"../../../Engine/Plugins/Editor/WorldPartitionHLODUtilities/Binaries/Win64/UnrealEditor.modules" 776
"../../../Engine/Plugins/Messaging/TcpMessaging/Binaries/Win64/UnrealEditor.modules" 777
"../../../Engine/Plugins/Messaging/UdpMessaging/Binaries/Win64/UnrealEditor.modules" 778
"../../../Engine/Plugins/Importers/AlembicImporter/Binaries/Win64/UnrealEditor.modules" 779
"../../../Engine/Plugins/Runtime/GeometryCache/Binaries/Win64/UnrealEditor.modules" 780
"../../../Engine/Plugins/Portal/LauncherChunkInstaller/Binaries/Win64/UnrealEditor.modules" 781
"../../../Engine/Plugins/Runtime/ActorLayerUtilities/Binaries/Win64/UnrealEditor.modules" 782
"../../../Engine/Plugins/Runtime/AndroidFileServer/Binaries/Win64/UnrealEditor.modules" 783
"../../../Engine/Plugins/Runtime/AndroidDeviceProfileSelector/Binaries/Win64/UnrealEditor.modules" 784
"../../../Engine/Plugins/Runtime/AndroidPermission/Binaries/Win64/UnrealEditor.modules" 785
"../../../Engine/Plugins/Runtime/AssetTags/Binaries/Win64/UnrealEditor.modules" 786
"../../../Engine/Plugins/Runtime/AppleImageUtils/Binaries/Win64/UnrealEditor.modules" 787
"../../../Engine/Plugins/Runtime/AudioCapture/Binaries/Win64/UnrealEditor.modules" 788
"../../../Engine/Plugins/Runtime/ArchVisCharacter/Binaries/Win64/UnrealEditor.modules" 789
"../../../Engine/Plugins/Runtime/ChunkDownloader/Binaries/Win64/UnrealEditor.modules" 790
"../../../Engine/Plugins/Runtime/CustomMeshComponent/Binaries/Win64/UnrealEditor.modules" 791
"../../../Engine/Plugins/Runtime/CableComponent/Binaries/Win64/UnrealEditor.modules" 792
"../../../Engine/Plugins/Runtime/ExampleDeviceProfileSelector/Binaries/Win64/UnrealEditor.modules" 793
"../../../Engine/Plugins/Runtime/GooglePAD/Binaries/Win64/UnrealEditor.modules" 794
"../../../Engine/Plugins/Runtime/InputDebugging/Binaries/Win64/UnrealEditor.modules" 795
"../../../Engine/Plugins/Runtime/LocationServicesBPLibrary/Binaries/Win64/UnrealEditor.modules" 796
"../../../Engine/Plugins/Runtime/Metasound/Binaries/Win64/UnrealEditor.modules" 797
"../../../Engine/Plugins/Runtime/AudioWidgets/Binaries/Win64/UnrealEditor.modules" 798
"../../../Engine/Plugins/Runtime/AudioSynesthesia/Binaries/Win64/UnrealEditor.modules" 799
"../../../Engine/Plugins/Runtime/WaveTable/Binaries/Win64/UnrealEditor.modules" 800
"../../../Engine/Plugins/Runtime/MobilePatchingUtils/Binaries/Win64/UnrealEditor.modules" 801
"../../../Engine/Plugins/Runtime/ResonanceAudio/Binaries/Win64/UnrealEditor.modules" 802
"../../../Engine/Plugins/Runtime/SoundFields/Binaries/Win64/UnrealEditor.modules" 803
"../../../Engine/Plugins/Runtime/Synthesis/Binaries/Win64/UnrealEditor.modules" 804
"../../../Engine/Plugins/Runtime/WebMMoviePlayer/Binaries/Win64/UnrealEditor.modules" 805
"../../../Engine/Plugins/Media/WebMMedia/Binaries/Win64/UnrealEditor.modules" 806
"../../../Engine/Plugins/Runtime/WindowsDeviceProfileSelector/Binaries/Win64/UnrealEditor.modules" 807
"../../../Engine/Plugins/Runtime/WindowsMoviePlayer/Binaries/Win64/UnrealEditor.modules" 808
"../../../Engine/Plugins/2D/Paper2D/Binaries/Win64/UnrealEditor.modules" 809
"../../../Engine/Plugins/Enterprise/DatasmithContent/Binaries/Win64/UnrealEditor.modules" 810
"../../../Engine/Plugins/Enterprise/GLTFExporter/Binaries/Win64/UnrealEditor.modules" 811
"../../../Engine/Plugins/Online/OnlineBase/Binaries/Win64/UnrealEditor.modules" 812
"../../../Engine/Plugins/Online/OnlineSubsystem/Binaries/Win64/UnrealEditor.modules" 813
"../../../Engine/Plugins/Online/OnlineSubsystemNull/Binaries/Win64/UnrealEditor.modules" 814
"../../../Engine/Plugins/Online/OnlineSubsystemUtils/Binaries/Win64/UnrealEditor.modules" 815
"../../../Engine/Plugins/Online/OnlineServices/Binaries/Win64/UnrealEditor.modules" 816
"../../../Engine/Plugins/Editor/ContentBrowser/ContentBrowserClassDataSource/Binaries/Win64/UnrealEditor.modules" 817
"../../../Engine/Plugins/Editor/ContentBrowser/ContentBrowserAssetDataSource/Binaries/Win64/UnrealEditor.modules" 818
"../../../Engine/Plugins/Editor/ObjectMixer/LightMixer/Binaries/Win64/UnrealEditor.modules" 819
"../../../Engine/Plugins/Editor/ObjectMixer/ObjectMixer/Binaries/Win64/UnrealEditor.modules" 820
"../../../Engine/Content/Certificates/ThirdParty/cacert.pem" 821
"../../../Engine/Config/ConsoleVariables.ini" 822
"../../../Engine/Binaries/Win64/Android/UnrealEditor.modules" 823
"../../../Engine/Content/Localization/Editor/en/Editor.locres" 824
"../../../Engine/Content/Localization/EditorTutorials/en/EditorTutorials.locres" 825
"../../../Engine/Content/Localization/Keywords/en/Keywords.locres" 826
"../../../Engine/Content/Localization/Category/en/Category.locres" 827
"../../../Engine/Content/Localization/ToolTips/en/ToolTips.locres" 828
"../../../Engine/Content/Localization/PropertyNames/en/PropertyNames.locres" 829
"../../../Engine/Content/Localization/Engine/en/Engine.locres" 830
"../../../Engine/Plugins/Online/OnlineSubsystem/Content/Localization/OnlineSubsystem/en/OnlineSubsystem.locres" 831
"../../../Engine/Plugins/Online/OnlineSubsystemUtils/Content/Localization/OnlineSubsystemUtils/en/OnlineSubsystemUtils.locres" 832
"../../../Engine/Plugins/Online/Android/OnlineSubsystemGooglePlay/Content/Localization/OnlineSubsystemGooglePlay/en/OnlineSubsystemGooglePlay.locres" 833
"../../../Engine/Plugins/Online/IOS/OnlineSubsystemIOS/Content/Localization/OnlineSubsystemIOS/en/OnlineSubsystemIOS.locres" 834
"../../../Engine/Content/Internationalization/icudt64l/numberingSystems.res" 835
"../../../Engine/Content/Internationalization/icudt64l/curr/supplementalData.res" 836
"../../../Engine/Content/Internationalization/icudt64l/curr/ko.res" 837
"../../../Engine/Content/Internationalization/icudt64l/curr/pool.res" 838
"../../../Engine/Content/Internationalization/icudt64l/curr/root.res" 839
"../../../Engine/Content/Internationalization/icudt64l/lang/af.res" 840
"../../../Engine/Content/Internationalization/icudt64l/region/af.res" 841
"../../../Engine/Content/Internationalization/icudt64l/lang/agq.res" 842
"../../../Engine/Content/Internationalization/icudt64l/region/agq.res" 843
"../../../Engine/Content/Internationalization/icudt64l/lang/ak.res" 844
"../../../Engine/Content/Internationalization/icudt64l/region/ak.res" 845
"../../../Engine/Content/Internationalization/icudt64l/lang/am.res" 846
"../../../Engine/Content/Internationalization/icudt64l/region/am.res" 847
"../../../Engine/Content/Internationalization/icudt64l/lang/ar.res" 848
"../../../Engine/Content/Internationalization/icudt64l/region/ar.res" 849
"../../../Engine/Content/Internationalization/icudt64l/region/ar_AE.res" 850
"../../../Engine/Content/Internationalization/icudt64l/lang/ar_EG.res" 851
"../../../Engine/Content/Internationalization/icudt64l/lang/ar_LY.res" 852
"../../../Engine/Content/Internationalization/icudt64l/region/ar_LY.res" 853
"../../../Engine/Content/Internationalization/icudt64l/lang/ar_SA.res" 854
"../../../Engine/Content/Internationalization/icudt64l/region/ar_SA.res" 855
"../../../Engine/Content/Internationalization/icudt64l/lang/as.res" 856
"../../../Engine/Content/Internationalization/icudt64l/region/as.res" 857
"../../../Engine/Content/Internationalization/icudt64l/lang/asa.res" 858
"../../../Engine/Content/Internationalization/icudt64l/region/asa.res" 859
"../../../Engine/Content/Internationalization/icudt64l/lang/ast.res" 860
"../../../Engine/Content/Internationalization/icudt64l/region/ast.res" 861
"../../../Engine/Content/Internationalization/icudt64l/lang/az.res" 862
"../../../Engine/Content/Internationalization/icudt64l/lang/az_Cyrl.res" 863
"../../../Engine/Content/Internationalization/icudt64l/lang/az_AZ.res" 864
"../../../Engine/Content/Internationalization/icudt64l/lang/az_Latn_AZ.res" 865
"../../../Engine/Content/Internationalization/icudt64l/lang/az_Latn.res" 866
"../../../Engine/Content/Internationalization/icudt64l/region/az_AZ.res" 867
"../../../Engine/Content/Internationalization/icudt64l/region/az_Latn_AZ.res" 868
"../../../Engine/Content/Internationalization/icudt64l/region/az_Latn.res" 869
"../../../Engine/Content/Internationalization/icudt64l/region/az.res" 870
"../../../Engine/Content/Internationalization/icudt64l/region/az_Cyrl.res" 871
"../../../Engine/Content/Internationalization/icudt64l/lang/bas.res" 872
"../../../Engine/Content/Internationalization/icudt64l/region/bas.res" 873
"../../../Engine/Content/Internationalization/icudt64l/lang/be.res" 874
"../../../Engine/Content/Internationalization/icudt64l/region/be.res" 875
"../../../Engine/Content/Internationalization/icudt64l/lang/bem.res" 876
"../../../Engine/Content/Internationalization/icudt64l/region/bem.res" 877
"../../../Engine/Content/Internationalization/icudt64l/lang/bez.res" 878
"../../../Engine/Content/Internationalization/icudt64l/region/bez.res" 879
"../../../Engine/Content/Internationalization/icudt64l/lang/bg.res" 880
"../../../Engine/Content/Internationalization/icudt64l/region/bg.res" 881
"../../../Engine/Content/Internationalization/icudt64l/lang/bm.res" 882
"../../../Engine/Content/Internationalization/icudt64l/region/bm.res" 883
"../../../Engine/Content/Internationalization/icudt64l/lang/bn.res" 884
"../../../Engine/Content/Internationalization/icudt64l/region/bn.res" 885
"../../../Engine/Content/Internationalization/icudt64l/lang/bn_IN.res" 886
"../../../Engine/Content/Internationalization/icudt64l/region/bn_IN.res" 887
"../../../Engine/Content/Internationalization/icudt64l/lang/bo.res" 888
"../../../Engine/Content/Internationalization/icudt64l/region/bo.res" 889
"../../../Engine/Content/Internationalization/icudt64l/region/bo_IN.res" 890
"../../../Engine/Content/Internationalization/icudt64l/lang/br.res" 891
"../../../Engine/Content/Internationalization/icudt64l/region/br.res" 892
"../../../Engine/Content/Internationalization/icudt64l/lang/brx.res" 893
"../../../Engine/Content/Internationalization/icudt64l/region/brx.res" 894
"../../../Engine/Content/Internationalization/icudt64l/lang/bs.res" 895
"../../../Engine/Content/Internationalization/icudt64l/lang/bs_Cyrl.res" 896
"../../../Engine/Content/Internationalization/icudt64l/lang/bs_BA.res" 897
"../../../Engine/Content/Internationalization/icudt64l/lang/bs_Latn_BA.res" 898
"../../../Engine/Content/Internationalization/icudt64l/lang/bs_Latn.res" 899
"../../../Engine/Content/Internationalization/icudt64l/region/bs_BA.res" 900
"../../../Engine/Content/Internationalization/icudt64l/region/bs_Latn_BA.res" 901
"../../../Engine/Content/Internationalization/icudt64l/region/bs_Latn.res" 902
"../../../Engine/Content/Internationalization/icudt64l/region/bs.res" 903
"../../../Engine/Content/Internationalization/icudt64l/region/bs_Cyrl.res" 904
"../../../Engine/Content/Internationalization/icudt64l/lang/ca.res" 905
"../../../Engine/Content/Internationalization/icudt64l/region/ca.res" 906
"../../../Engine/Content/Internationalization/icudt64l/lang/ccp.res" 907
"../../../Engine/Content/Internationalization/icudt64l/region/ccp.res" 908
"../../../Engine/Content/Internationalization/icudt64l/lang/ce.res" 909
"../../../Engine/Content/Internationalization/icudt64l/region/ce.res" 910
"../../../Engine/Content/Internationalization/icudt64l/lang/ceb.res" 911
"../../../Engine/Content/Internationalization/icudt64l/region/ceb.res" 912
"../../../Engine/Content/Internationalization/icudt64l/lang/cgg.res" 913
"../../../Engine/Content/Internationalization/icudt64l/region/cgg.res" 914
"../../../Engine/Content/Internationalization/icudt64l/lang/chr.res" 915
"../../../Engine/Content/Internationalization/icudt64l/region/chr.res" 916
"../../../Engine/Content/Internationalization/icudt64l/lang/ckb.res" 917
"../../../Engine/Content/Internationalization/icudt64l/region/ckb.res" 918
"../../../Engine/Content/Internationalization/icudt64l/lang/cs.res" 919
"../../../Engine/Content/Internationalization/icudt64l/region/cs.res" 920
"../../../Engine/Content/Internationalization/icudt64l/lang/cy.res" 921
"../../../Engine/Content/Internationalization/icudt64l/region/cy.res" 922
"../../../Engine/Content/Internationalization/icudt64l/lang/da.res" 923
"../../../Engine/Content/Internationalization/icudt64l/region/da.res" 924
"../../../Engine/Content/Internationalization/icudt64l/lang/dav.res" 925
"../../../Engine/Content/Internationalization/icudt64l/region/dav.res" 926
"../../../Engine/Content/Internationalization/icudt64l/lang/de.res" 927
"../../../Engine/Content/Internationalization/icudt64l/lang/de_AT.res" 928
"../../../Engine/Content/Internationalization/icudt64l/region/de_AT.res" 929
"../../../Engine/Content/Internationalization/icudt64l/region/de.res" 930
"../../../Engine/Content/Internationalization/icudt64l/lang/de_CH.res" 931
"../../../Engine/Content/Internationalization/icudt64l/region/de_CH.res" 932
"../../../Engine/Content/Internationalization/icudt64l/lang/de_LU.res" 933
"../../../Engine/Content/Internationalization/icudt64l/lang/dje.res" 934
"../../../Engine/Content/Internationalization/icudt64l/region/dje.res" 935
"../../../Engine/Content/Internationalization/icudt64l/lang/dsb.res" 936
"../../../Engine/Content/Internationalization/icudt64l/region/dsb.res" 937
"../../../Engine/Content/Internationalization/icudt64l/lang/dua.res" 938
"../../../Engine/Content/Internationalization/icudt64l/region/dua.res" 939
"../../../Engine/Content/Internationalization/icudt64l/lang/dyo.res" 940
"../../../Engine/Content/Internationalization/icudt64l/region/dyo.res" 941
"../../../Engine/Content/Internationalization/icudt64l/lang/dz.res" 942
"../../../Engine/Content/Internationalization/icudt64l/region/dz.res" 943
"../../../Engine/Content/Internationalization/icudt64l/lang/ebu.res" 944
"../../../Engine/Content/Internationalization/icudt64l/region/ebu.res" 945
"../../../Engine/Content/Internationalization/icudt64l/lang/ee.res" 946
"../../../Engine/Content/Internationalization/icudt64l/region/ee.res" 947
"../../../Engine/Content/Internationalization/icudt64l/lang/el.res" 948
"../../../Engine/Content/Internationalization/icudt64l/region/el.res" 949
"../../../Engine/Content/Internationalization/icudt64l/lang/en_001.res" 950
"../../../Engine/Content/Internationalization/icudt64l/lang/en_150.res" 951
"../../../Engine/Content/Internationalization/icudt64l/region/en_150.res" 952
"../../../Engine/Content/Internationalization/icudt64l/lang/en_AG.res" 953
"../../../Engine/Content/Internationalization/icudt64l/region/en_AG.res" 954
"../../../Engine/Content/Internationalization/icudt64l/lang/en_AI.res" 955
"../../../Engine/Content/Internationalization/icudt64l/region/en_AI.res" 956
"../../../Engine/Content/Internationalization/icudt64l/lang/en_AT.res" 957
"../../../Engine/Content/Internationalization/icudt64l/region/en_AT.res" 958
"../../../Engine/Content/Internationalization/icudt64l/lang/en_AU.res" 959
"../../../Engine/Content/Internationalization/icudt64l/region/en_AU.res" 960
"../../../Engine/Content/Internationalization/icudt64l/lang/en_BB.res" 961
"../../../Engine/Content/Internationalization/icudt64l/region/en_BB.res" 962
"../../../Engine/Content/Internationalization/icudt64l/lang/en_BE.res" 963
"../../../Engine/Content/Internationalization/icudt64l/region/en_BE.res" 964
"../../../Engine/Content/Internationalization/icudt64l/lang/en_BM.res" 965
"../../../Engine/Content/Internationalization/icudt64l/region/en_BM.res" 966
"../../../Engine/Content/Internationalization/icudt64l/lang/en_BS.res" 967
"../../../Engine/Content/Internationalization/icudt64l/region/en_BS.res" 968
"../../../Engine/Content/Internationalization/icudt64l/lang/en_BW.res" 969
"../../../Engine/Content/Internationalization/icudt64l/region/en_BW.res" 970
"../../../Engine/Content/Internationalization/icudt64l/lang/en_BZ.res" 971
"../../../Engine/Content/Internationalization/icudt64l/region/en_BZ.res" 972
"../../../Engine/Content/Internationalization/icudt64l/lang/en_CA.res" 973
"../../../Engine/Content/Internationalization/icudt64l/region/en_CA.res" 974
"../../../Engine/Content/Internationalization/icudt64l/lang/en_CC.res" 975
"../../../Engine/Content/Internationalization/icudt64l/region/en_CC.res" 976
"../../../Engine/Content/Internationalization/icudt64l/lang/en_CH.res" 977
"../../../Engine/Content/Internationalization/icudt64l/region/en_CH.res" 978
"../../../Engine/Content/Internationalization/icudt64l/lang/en_CK.res" 979
"../../../Engine/Content/Internationalization/icudt64l/region/en_CK.res" 980
"../../../Engine/Content/Internationalization/icudt64l/lang/en_CM.res" 981
"../../../Engine/Content/Internationalization/icudt64l/region/en_CM.res" 982
"../../../Engine/Content/Internationalization/icudt64l/lang/en_CX.res" 983
"../../../Engine/Content/Internationalization/icudt64l/region/en_CX.res" 984
"../../../Engine/Content/Internationalization/icudt64l/lang/en_CY.res" 985
"../../../Engine/Content/Internationalization/icudt64l/region/en_CY.res" 986
"../../../Engine/Content/Internationalization/icudt64l/lang/en_DE.res" 987
"../../../Engine/Content/Internationalization/icudt64l/region/en_DE.res" 988
"../../../Engine/Content/Internationalization/icudt64l/lang/en_DG.res" 989
"../../../Engine/Content/Internationalization/icudt64l/region/en_DG.res" 990
"../../../Engine/Content/Internationalization/icudt64l/lang/en_DK.res" 991
"../../../Engine/Content/Internationalization/icudt64l/region/en_DK.res" 992
"../../../Engine/Content/Internationalization/icudt64l/lang/en_DM.res" 993
"../../../Engine/Content/Internationalization/icudt64l/region/en_DM.res" 994
"../../../Engine/Content/Internationalization/icudt64l/lang/en_ER.res" 995
"../../../Engine/Content/Internationalization/icudt64l/region/en_ER.res" 996
"../../../Engine/Content/Internationalization/icudt64l/lang/en_FI.res" 997
"../../../Engine/Content/Internationalization/icudt64l/region/en_FI.res" 998
"../../../Engine/Content/Internationalization/icudt64l/lang/en_FJ.res" 999
"../../../Engine/Content/Internationalization/icudt64l/region/en_FJ.res" 1000
"../../../Engine/Content/Internationalization/icudt64l/lang/en_FK.res" 1001
"../../../Engine/Content/Internationalization/icudt64l/region/en_FK.res" 1002
"../../../Engine/Content/Internationalization/icudt64l/lang/en_FM.res" 1003
"../../../Engine/Content/Internationalization/icudt64l/region/en_FM.res" 1004
"../../../Engine/Content/Internationalization/icudt64l/lang/en_GB.res" 1005
"../../../Engine/Content/Internationalization/icudt64l/region/en_GB.res" 1006
"../../../Engine/Content/Internationalization/icudt64l/lang/en_GD.res" 1007
"../../../Engine/Content/Internationalization/icudt64l/region/en_GD.res" 1008
"../../../Engine/Content/Internationalization/icudt64l/lang/en_GG.res" 1009
"../../../Engine/Content/Internationalization/icudt64l/region/en_GG.res" 1010
"../../../Engine/Content/Internationalization/icudt64l/lang/en_GH.res" 1011
"../../../Engine/Content/Internationalization/icudt64l/region/en_GH.res" 1012
"../../../Engine/Content/Internationalization/icudt64l/lang/en_GI.res" 1013
"../../../Engine/Content/Internationalization/icudt64l/region/en_GI.res" 1014
"../../../Engine/Content/Internationalization/icudt64l/lang/en_GM.res" 1015
"../../../Engine/Content/Internationalization/icudt64l/region/en_GM.res" 1016
"../../../Engine/Content/Internationalization/icudt64l/lang/en_GY.res" 1017
"../../../Engine/Content/Internationalization/icudt64l/region/en_GY.res" 1018
"../../../Engine/Content/Internationalization/icudt64l/lang/en_HK.res" 1019
"../../../Engine/Content/Internationalization/icudt64l/region/en_HK.res" 1020
"../../../Engine/Content/Internationalization/icudt64l/lang/en_IE.res" 1021
"../../../Engine/Content/Internationalization/icudt64l/region/en_IE.res" 1022
"../../../Engine/Content/Internationalization/icudt64l/lang/en_IL.res" 1023
"../../../Engine/Content/Internationalization/icudt64l/region/en_IL.res" 1024
"../../../Engine/Content/Internationalization/icudt64l/lang/en_IM.res" 1025
"../../../Engine/Content/Internationalization/icudt64l/region/en_IM.res" 1026
"../../../Engine/Content/Internationalization/icudt64l/lang/en_IN.res" 1027
"../../../Engine/Content/Internationalization/icudt64l/region/en_IN.res" 1028
"../../../Engine/Content/Internationalization/icudt64l/lang/en_IO.res" 1029
"../../../Engine/Content/Internationalization/icudt64l/region/en_IO.res" 1030
"../../../Engine/Content/Internationalization/icudt64l/lang/en_JE.res" 1031
"../../../Engine/Content/Internationalization/icudt64l/region/en_JE.res" 1032
"../../../Engine/Content/Internationalization/icudt64l/lang/en_JM.res" 1033
"../../../Engine/Content/Internationalization/icudt64l/region/en_JM.res" 1034
"../../../Engine/Content/Internationalization/icudt64l/lang/en_KE.res" 1035
"../../../Engine/Content/Internationalization/icudt64l/region/en_KE.res" 1036
"../../../Engine/Content/Internationalization/icudt64l/lang/en_KI.res" 1037
"../../../Engine/Content/Internationalization/icudt64l/region/en_KI.res" 1038
"../../../Engine/Content/Internationalization/icudt64l/lang/en_KN.res" 1039
"../../../Engine/Content/Internationalization/icudt64l/region/en_KN.res" 1040
"../../../Engine/Content/Internationalization/icudt64l/lang/en_KY.res" 1041
"../../../Engine/Content/Internationalization/icudt64l/region/en_KY.res" 1042
"../../../Engine/Content/Internationalization/icudt64l/lang/en_LC.res" 1043
"../../../Engine/Content/Internationalization/icudt64l/region/en_LC.res" 1044
"../../../Engine/Content/Internationalization/icudt64l/lang/en_LR.res" 1045
"../../../Engine/Content/Internationalization/icudt64l/region/en_LR.res" 1046
"../../../Engine/Content/Internationalization/icudt64l/lang/en_LS.res" 1047
"../../../Engine/Content/Internationalization/icudt64l/region/en_LS.res" 1048
"../../../Engine/Content/Internationalization/icudt64l/lang/en_MG.res" 1049
"../../../Engine/Content/Internationalization/icudt64l/region/en_MG.res" 1050
"../../../Engine/Content/Internationalization/icudt64l/lang/en_MO.res" 1051
"../../../Engine/Content/Internationalization/icudt64l/region/en_MO.res" 1052
"../../../Engine/Content/Internationalization/icudt64l/lang/en_MS.res" 1053
"../../../Engine/Content/Internationalization/icudt64l/region/en_MS.res" 1054
"../../../Engine/Content/Internationalization/icudt64l/lang/en_MT.res" 1055
"../../../Engine/Content/Internationalization/icudt64l/region/en_MT.res" 1056
"../../../Engine/Content/Internationalization/icudt64l/lang/en_MU.res" 1057
"../../../Engine/Content/Internationalization/icudt64l/region/en_MU.res" 1058
"../../../Engine/Content/Internationalization/icudt64l/lang/en_MW.res" 1059
"../../../Engine/Content/Internationalization/icudt64l/region/en_MW.res" 1060
"../../../Engine/Content/Internationalization/icudt64l/lang/en_MY.res" 1061
"../../../Engine/Content/Internationalization/icudt64l/region/en_MY.res" 1062
"../../../Engine/Content/Internationalization/icudt64l/lang/en_NA.res" 1063
"../../../Engine/Content/Internationalization/icudt64l/region/en_NA.res" 1064
"../../../Engine/Content/Internationalization/icudt64l/lang/en_NF.res" 1065
"../../../Engine/Content/Internationalization/icudt64l/region/en_NF.res" 1066
"../../../Engine/Content/Internationalization/icudt64l/lang/en_NG.res" 1067
"../../../Engine/Content/Internationalization/icudt64l/region/en_NG.res" 1068
"../../../Engine/Content/Internationalization/icudt64l/lang/en_NL.res" 1069
"../../../Engine/Content/Internationalization/icudt64l/region/en_NL.res" 1070
"../../../Engine/Content/Internationalization/icudt64l/lang/en_NR.res" 1071
"../../../Engine/Content/Internationalization/icudt64l/region/en_NR.res" 1072
"../../../Engine/Content/Internationalization/icudt64l/lang/en_NU.res" 1073
"../../../Engine/Content/Internationalization/icudt64l/region/en_NU.res" 1074
"../../../Engine/Content/Internationalization/icudt64l/lang/en_NZ.res" 1075
"../../../Engine/Content/Internationalization/icudt64l/region/en_NZ.res" 1076
"../../../Engine/Content/Internationalization/icudt64l/lang/en_PG.res" 1077
"../../../Engine/Content/Internationalization/icudt64l/region/en_PG.res" 1078
"../../../Engine/Content/Internationalization/icudt64l/lang/en_PH.res" 1079
"../../../Engine/Content/Internationalization/icudt64l/region/en_PH.res" 1080
"../../../Engine/Content/Internationalization/icudt64l/lang/en_PK.res" 1081
"../../../Engine/Content/Internationalization/icudt64l/region/en_PK.res" 1082
"../../../Engine/Content/Internationalization/icudt64l/lang/en_PN.res" 1083
"../../../Engine/Content/Internationalization/icudt64l/region/en_PN.res" 1084
"../../../Engine/Content/Internationalization/icudt64l/lang/en_PW.res" 1085
"../../../Engine/Content/Internationalization/icudt64l/region/en_PW.res" 1086
"../../../Engine/Content/Internationalization/icudt64l/lang/en_RW.res" 1087
"../../../Engine/Content/Internationalization/icudt64l/region/en_RW.res" 1088
"../../../Engine/Content/Internationalization/icudt64l/lang/en_SB.res" 1089
"../../../Engine/Content/Internationalization/icudt64l/region/en_SB.res" 1090
"../../../Engine/Content/Internationalization/icudt64l/lang/en_SC.res" 1091
"../../../Engine/Content/Internationalization/icudt64l/region/en_SC.res" 1092
"../../../Engine/Content/Internationalization/icudt64l/lang/en_SD.res" 1093
"../../../Engine/Content/Internationalization/icudt64l/region/en_SD.res" 1094
"../../../Engine/Content/Internationalization/icudt64l/lang/en_SE.res" 1095
"../../../Engine/Content/Internationalization/icudt64l/region/en_SE.res" 1096
"../../../Engine/Content/Internationalization/icudt64l/lang/en_SG.res" 1097
"../../../Engine/Content/Internationalization/icudt64l/region/en_SG.res" 1098
"../../../Engine/Content/Internationalization/icudt64l/lang/en_SH.res" 1099
"../../../Engine/Content/Internationalization/icudt64l/region/en_SH.res" 1100
"../../../Engine/Content/Internationalization/icudt64l/lang/en_SI.res" 1101
"../../../Engine/Content/Internationalization/icudt64l/region/en_SI.res" 1102
"../../../Engine/Content/Internationalization/icudt64l/lang/en_SL.res" 1103
"../../../Engine/Content/Internationalization/icudt64l/region/en_SL.res" 1104
"../../../Engine/Content/Internationalization/icudt64l/lang/en_SS.res" 1105
"../../../Engine/Content/Internationalization/icudt64l/region/en_SS.res" 1106
"../../../Engine/Content/Internationalization/icudt64l/lang/en_SX.res" 1107
"../../../Engine/Content/Internationalization/icudt64l/region/en_SX.res" 1108
"../../../Engine/Content/Internationalization/icudt64l/lang/en_SZ.res" 1109
"../../../Engine/Content/Internationalization/icudt64l/region/en_SZ.res" 1110
"../../../Engine/Content/Internationalization/icudt64l/lang/en_TC.res" 1111
"../../../Engine/Content/Internationalization/icudt64l/region/en_TC.res" 1112
"../../../Engine/Content/Internationalization/icudt64l/lang/en_TK.res" 1113
"../../../Engine/Content/Internationalization/icudt64l/region/en_TK.res" 1114
"../../../Engine/Content/Internationalization/icudt64l/lang/en_TO.res" 1115
"../../../Engine/Content/Internationalization/icudt64l/region/en_TO.res" 1116
"../../../Engine/Content/Internationalization/icudt64l/lang/en_TT.res" 1117
"../../../Engine/Content/Internationalization/icudt64l/region/en_TT.res" 1118
"../../../Engine/Content/Internationalization/icudt64l/lang/en_TV.res" 1119
"../../../Engine/Content/Internationalization/icudt64l/region/en_TV.res" 1120
"../../../Engine/Content/Internationalization/icudt64l/lang/en_TZ.res" 1121
"../../../Engine/Content/Internationalization/icudt64l/region/en_TZ.res" 1122
"../../../Engine/Content/Internationalization/icudt64l/lang/en_UG.res" 1123
"../../../Engine/Content/Internationalization/icudt64l/region/en_UG.res" 1124
"../../../Engine/Content/Internationalization/icudt64l/lang/en_VC.res" 1125
"../../../Engine/Content/Internationalization/icudt64l/region/en_VC.res" 1126
"../../../Engine/Content/Internationalization/icudt64l/lang/en_VG.res" 1127
"../../../Engine/Content/Internationalization/icudt64l/region/en_VG.res" 1128
"../../../Engine/Content/Internationalization/icudt64l/lang/en_VU.res" 1129
"../../../Engine/Content/Internationalization/icudt64l/region/en_VU.res" 1130
"../../../Engine/Content/Internationalization/icudt64l/lang/en_WS.res" 1131
"../../../Engine/Content/Internationalization/icudt64l/region/en_WS.res" 1132
"../../../Engine/Content/Internationalization/icudt64l/lang/en_ZA.res" 1133
"../../../Engine/Content/Internationalization/icudt64l/region/en_ZA.res" 1134
"../../../Engine/Content/Internationalization/icudt64l/lang/en_ZM.res" 1135
"../../../Engine/Content/Internationalization/icudt64l/region/en_ZM.res" 1136
"../../../Engine/Content/Internationalization/icudt64l/lang/en_ZW.res" 1137
"../../../Engine/Content/Internationalization/icudt64l/region/en_ZW.res" 1138
"../../../Engine/Content/Internationalization/icudt64l/lang/eo.res" 1139
"../../../Engine/Content/Internationalization/icudt64l/region/eo.res" 1140
"../../../Engine/Content/Internationalization/icudt64l/lang/es.res" 1141
"../../../Engine/Content/Internationalization/icudt64l/lang/es_419.res" 1142
"../../../Engine/Content/Internationalization/icudt64l/region/es_419.res" 1143
"../../../Engine/Content/Internationalization/icudt64l/region/es.res" 1144
"../../../Engine/Content/Internationalization/icudt64l/lang/es_AR.res" 1145
"../../../Engine/Content/Internationalization/icudt64l/region/es_AR.res" 1146
"../../../Engine/Content/Internationalization/icudt64l/lang/es_BO.res" 1147
"../../../Engine/Content/Internationalization/icudt64l/region/es_BO.res" 1148
"../../../Engine/Content/Internationalization/icudt64l/lang/es_BR.res" 1149
"../../../Engine/Content/Internationalization/icudt64l/region/es_BR.res" 1150
"../../../Engine/Content/Internationalization/icudt64l/lang/es_BZ.res" 1151
"../../../Engine/Content/Internationalization/icudt64l/region/es_BZ.res" 1152
"../../../Engine/Content/Internationalization/icudt64l/lang/es_CL.res" 1153
"../../../Engine/Content/Internationalization/icudt64l/region/es_CL.res" 1154
"../../../Engine/Content/Internationalization/icudt64l/lang/es_CO.res" 1155
"../../../Engine/Content/Internationalization/icudt64l/region/es_CO.res" 1156
"../../../Engine/Content/Internationalization/icudt64l/lang/es_CR.res" 1157
"../../../Engine/Content/Internationalization/icudt64l/region/es_CR.res" 1158
"../../../Engine/Content/Internationalization/icudt64l/lang/es_CU.res" 1159
"../../../Engine/Content/Internationalization/icudt64l/region/es_CU.res" 1160
"../../../Engine/Content/Internationalization/icudt64l/lang/es_DO.res" 1161
"../../../Engine/Content/Internationalization/icudt64l/region/es_DO.res" 1162
"../../../Engine/Content/Internationalization/icudt64l/lang/es_EC.res" 1163
"../../../Engine/Content/Internationalization/icudt64l/region/es_EC.res" 1164
"../../../Engine/Content/Internationalization/icudt64l/lang/es_GT.res" 1165
"../../../Engine/Content/Internationalization/icudt64l/region/es_GT.res" 1166
"../../../Engine/Content/Internationalization/icudt64l/lang/es_HN.res" 1167
"../../../Engine/Content/Internationalization/icudt64l/region/es_HN.res" 1168
"../../../Engine/Content/Internationalization/icudt64l/lang/es_MX.res" 1169
"../../../Engine/Content/Internationalization/icudt64l/region/es_MX.res" 1170
"../../../Engine/Content/Internationalization/icudt64l/lang/es_NI.res" 1171
"../../../Engine/Content/Internationalization/icudt64l/region/es_NI.res" 1172
"../../../Engine/Content/Internationalization/icudt64l/lang/es_PA.res" 1173
"../../../Engine/Content/Internationalization/icudt64l/region/es_PA.res" 1174
"../../../Engine/Content/Internationalization/icudt64l/lang/es_PE.res" 1175
"../../../Engine/Content/Internationalization/icudt64l/region/es_PE.res" 1176
"../../../Engine/Content/Internationalization/icudt64l/lang/es_PR.res" 1177
"../../../Engine/Content/Internationalization/icudt64l/region/es_PR.res" 1178
"../../../Engine/Content/Internationalization/icudt64l/lang/es_PY.res" 1179
"../../../Engine/Content/Internationalization/icudt64l/region/es_PY.res" 1180
"../../../Engine/Content/Internationalization/icudt64l/lang/es_SV.res" 1181
"../../../Engine/Content/Internationalization/icudt64l/region/es_SV.res" 1182
"../../../Engine/Content/Internationalization/icudt64l/lang/es_US.res" 1183
"../../../Engine/Content/Internationalization/icudt64l/region/es_US.res" 1184
"../../../Engine/Content/Internationalization/icudt64l/lang/es_UY.res" 1185
"../../../Engine/Content/Internationalization/icudt64l/region/es_UY.res" 1186
"../../../Engine/Content/Internationalization/icudt64l/lang/es_VE.res" 1187
"../../../Engine/Content/Internationalization/icudt64l/region/es_VE.res" 1188
"../../../Engine/Content/Internationalization/icudt64l/lang/et.res" 1189
"../../../Engine/Content/Internationalization/icudt64l/region/et.res" 1190
"../../../Engine/Content/Internationalization/icudt64l/lang/eu.res" 1191
"../../../Engine/Content/Internationalization/icudt64l/region/eu.res" 1192
"../../../Engine/Content/Internationalization/icudt64l/lang/ewo.res" 1193
"../../../Engine/Content/Internationalization/icudt64l/region/ewo.res" 1194
"../../../Engine/Content/Internationalization/icudt64l/lang/fa.res" 1195
"../../../Engine/Content/Internationalization/icudt64l/lang/fa_AF.res" 1196
"../../../Engine/Content/Internationalization/icudt64l/region/fa_AF.res" 1197
"../../../Engine/Content/Internationalization/icudt64l/region/fa.res" 1198
"../../../Engine/Content/Internationalization/icudt64l/lang/ff.res" 1199
"../../../Engine/Content/Internationalization/icudt64l/lang/ff_Latn.res" 1200
"../../../Engine/Content/Internationalization/icudt64l/region/ff.res" 1201
"../../../Engine/Content/Internationalization/icudt64l/region/ff_Latn.res" 1202
"../../../Engine/Content/Internationalization/icudt64l/lang/ff_CM.res" 1203
"../../../Engine/Content/Internationalization/icudt64l/lang/ff_Latn_CM.res" 1204
"../../../Engine/Content/Internationalization/icudt64l/region/ff_CM.res" 1205
"../../../Engine/Content/Internationalization/icudt64l/region/ff_Latn_CM.res" 1206
"../../../Engine/Content/Internationalization/icudt64l/lang/ff_GN.res" 1207
"../../../Engine/Content/Internationalization/icudt64l/lang/ff_Latn_GN.res" 1208
"../../../Engine/Content/Internationalization/icudt64l/region/ff_GN.res" 1209
"../../../Engine/Content/Internationalization/icudt64l/region/ff_Latn_GN.res" 1210
"../../../Engine/Content/Internationalization/icudt64l/lang/ff_MR.res" 1211
"../../../Engine/Content/Internationalization/icudt64l/lang/ff_Latn_MR.res" 1212
"../../../Engine/Content/Internationalization/icudt64l/region/ff_MR.res" 1213
"../../../Engine/Content/Internationalization/icudt64l/region/ff_Latn_MR.res" 1214
"../../../Engine/Content/Internationalization/icudt64l/lang/ff_SN.res" 1215
"../../../Engine/Content/Internationalization/icudt64l/lang/ff_Latn_SN.res" 1216
"../../../Engine/Content/Internationalization/icudt64l/region/ff_SN.res" 1217
"../../../Engine/Content/Internationalization/icudt64l/region/ff_Latn_SN.res" 1218
"../../../Engine/Content/Internationalization/icudt64l/lang/fi.res" 1219
"../../../Engine/Content/Internationalization/icudt64l/region/fi.res" 1220
"../../../Engine/Content/Internationalization/icudt64l/lang/fil.res" 1221
"../../../Engine/Content/Internationalization/icudt64l/lang/fil_PH.res" 1222
"../../../Engine/Content/Internationalization/icudt64l/region/fil_PH.res" 1223
"../../../Engine/Content/Internationalization/icudt64l/region/fil.res" 1224
"../../../Engine/Content/Internationalization/icudt64l/lang/fo.res" 1225
"../../../Engine/Content/Internationalization/icudt64l/region/fo.res" 1226
"../../../Engine/Content/Internationalization/icudt64l/lang/fr.res" 1227
"../../../Engine/Content/Internationalization/icudt64l/lang/fr_BE.res" 1228
"../../../Engine/Content/Internationalization/icudt64l/region/fr_BE.res" 1229
"../../../Engine/Content/Internationalization/icudt64l/region/fr.res" 1230
"../../../Engine/Content/Internationalization/icudt64l/lang/fr_CA.res" 1231
"../../../Engine/Content/Internationalization/icudt64l/region/fr_CA.res" 1232
"../../../Engine/Content/Internationalization/icudt64l/lang/fr_CH.res" 1233
"../../../Engine/Content/Internationalization/icudt64l/lang/fur.res" 1234
"../../../Engine/Content/Internationalization/icudt64l/region/fur.res" 1235
"../../../Engine/Content/Internationalization/icudt64l/lang/fy.res" 1236
"../../../Engine/Content/Internationalization/icudt64l/region/fy.res" 1237
"../../../Engine/Content/Internationalization/icudt64l/lang/ga.res" 1238
"../../../Engine/Content/Internationalization/icudt64l/region/ga.res" 1239
"../../../Engine/Content/Internationalization/icudt64l/lang/gd.res" 1240
"../../../Engine/Content/Internationalization/icudt64l/region/gd.res" 1241
"../../../Engine/Content/Internationalization/icudt64l/lang/gl.res" 1242
"../../../Engine/Content/Internationalization/icudt64l/region/gl.res" 1243
"../../../Engine/Content/Internationalization/icudt64l/lang/gsw.res" 1244
"../../../Engine/Content/Internationalization/icudt64l/region/gsw.res" 1245
"../../../Engine/Content/Internationalization/icudt64l/lang/gu.res" 1246
"../../../Engine/Content/Internationalization/icudt64l/region/gu.res" 1247
"../../../Engine/Content/Internationalization/icudt64l/lang/guz.res" 1248
"../../../Engine/Content/Internationalization/icudt64l/region/guz.res" 1249
"../../../Engine/Content/Internationalization/icudt64l/lang/gv.res" 1250
"../../../Engine/Content/Internationalization/icudt64l/region/gv.res" 1251
"../../../Engine/Content/Internationalization/icudt64l/lang/ha.res" 1252
"../../../Engine/Content/Internationalization/icudt64l/region/ha.res" 1253
"../../../Engine/Content/Internationalization/icudt64l/lang/ha_NE.res" 1254
"../../../Engine/Content/Internationalization/icudt64l/region/ha_NE.res" 1255
"../../../Engine/Content/Internationalization/icudt64l/lang/haw.res" 1256
"../../../Engine/Content/Internationalization/icudt64l/region/haw.res" 1257
"../../../Engine/Content/Internationalization/icudt64l/lang/he.res" 1258
"../../../Engine/Content/Internationalization/icudt64l/lang/he_IL.res" 1259
"../../../Engine/Content/Internationalization/icudt64l/region/he_IL.res" 1260
"../../../Engine/Content/Internationalization/icudt64l/region/he.res" 1261
"../../../Engine/Content/Internationalization/icudt64l/lang/hi.res" 1262
"../../../Engine/Content/Internationalization/icudt64l/region/hi.res" 1263
"../../../Engine/Content/Internationalization/icudt64l/lang/hr.res" 1264
"../../../Engine/Content/Internationalization/icudt64l/region/hr.res" 1265
"../../../Engine/Content/Internationalization/icudt64l/lang/hsb.res" 1266
"../../../Engine/Content/Internationalization/icudt64l/region/hsb.res" 1267
"../../../Engine/Content/Internationalization/icudt64l/lang/hu.res" 1268
"../../../Engine/Content/Internationalization/icudt64l/region/hu.res" 1269
"../../../Engine/Content/Internationalization/icudt64l/lang/hy.res" 1270
"../../../Engine/Content/Internationalization/icudt64l/region/hy.res" 1271
"../../../Engine/Content/Internationalization/icudt64l/lang/ia.res" 1272
"../../../Engine/Content/Internationalization/icudt64l/region/ia.res" 1273
"../../../Engine/Content/Internationalization/icudt64l/lang/id.res" 1274
"../../../Engine/Content/Internationalization/icudt64l/lang/id_ID.res" 1275
"../../../Engine/Content/Internationalization/icudt64l/region/id_ID.res" 1276
"../../../Engine/Content/Internationalization/icudt64l/region/id.res" 1277
"../../../Engine/Content/Internationalization/icudt64l/lang/ig.res" 1278
"../../../Engine/Content/Internationalization/icudt64l/region/ig.res" 1279
"../../../Engine/Content/Internationalization/icudt64l/lang/ii.res" 1280
"../../../Engine/Content/Internationalization/icudt64l/region/ii.res" 1281
"../../../Engine/Content/Internationalization/icudt64l/lang/is.res" 1282
"../../../Engine/Content/Internationalization/icudt64l/region/is.res" 1283
"../../../Engine/Content/Internationalization/icudt64l/lang/it.res" 1284
"../../../Engine/Content/Internationalization/icudt64l/region/it.res" 1285
"../../../Engine/Content/Internationalization/icudt64l/lang/ja.res" 1286
"../../../Engine/Content/Internationalization/icudt64l/lang/ja_JP.res" 1287
"../../../Engine/Content/Internationalization/icudt64l/region/ja_JP.res" 1288
"../../../Engine/Content/Internationalization/icudt64l/region/ja.res" 1289
"../../../Engine/Content/Internationalization/icudt64l/lang/jgo.res" 1290
"../../../Engine/Content/Internationalization/icudt64l/region/jgo.res" 1291
"../../../Engine/Content/Internationalization/icudt64l/lang/jmc.res" 1292
"../../../Engine/Content/Internationalization/icudt64l/region/jmc.res" 1293
"../../../Engine/Content/Internationalization/icudt64l/lang/jv.res" 1294
"../../../Engine/Content/Internationalization/icudt64l/region/jv.res" 1295
"../../../Engine/Content/Internationalization/icudt64l/lang/ka.res" 1296
"../../../Engine/Content/Internationalization/icudt64l/region/ka.res" 1297
"../../../Engine/Content/Internationalization/icudt64l/lang/kab.res" 1298
"../../../Engine/Content/Internationalization/icudt64l/region/kab.res" 1299
"../../../Engine/Content/Internationalization/icudt64l/lang/kam.res" 1300
"../../../Engine/Content/Internationalization/icudt64l/region/kam.res" 1301
"../../../Engine/Content/Internationalization/icudt64l/lang/kde.res" 1302
"../../../Engine/Content/Internationalization/icudt64l/region/kde.res" 1303
"../../../Engine/Content/Internationalization/icudt64l/lang/kea.res" 1304
"../../../Engine/Content/Internationalization/icudt64l/region/kea.res" 1305
"../../../Engine/Content/Internationalization/icudt64l/lang/khq.res" 1306
"../../../Engine/Content/Internationalization/icudt64l/region/khq.res" 1307
"../../../Engine/Content/Internationalization/icudt64l/lang/ki.res" 1308
"../../../Engine/Content/Internationalization/icudt64l/region/ki.res" 1309
"../../../Engine/Content/Internationalization/icudt64l/lang/kk.res" 1310
"../../../Engine/Content/Internationalization/icudt64l/region/kk.res" 1311
"../../../Engine/Content/Internationalization/icudt64l/lang/kkj.res" 1312
"../../../Engine/Content/Internationalization/icudt64l/region/kkj.res" 1313
"../../../Engine/Content/Internationalization/icudt64l/lang/kl.res" 1314
"../../../Engine/Content/Internationalization/icudt64l/region/kl.res" 1315
"../../../Engine/Content/Internationalization/icudt64l/lang/kln.res" 1316
"../../../Engine/Content/Internationalization/icudt64l/region/kln.res" 1317
"../../../Engine/Content/Internationalization/icudt64l/lang/km.res" 1318
"../../../Engine/Content/Internationalization/icudt64l/region/km.res" 1319
"../../../Engine/Content/Internationalization/icudt64l/lang/kn.res" 1320
"../../../Engine/Content/Internationalization/icudt64l/region/kn.res" 1321
"../../../Engine/Content/Internationalization/icudt64l/region/ko_KP.res" 1322
"../../../Engine/Content/Internationalization/icudt64l/lang/kok.res" 1323
"../../../Engine/Content/Internationalization/icudt64l/region/kok.res" 1324
"../../../Engine/Content/Internationalization/icudt64l/lang/ks.res" 1325
"../../../Engine/Content/Internationalization/icudt64l/region/ks.res" 1326
"../../../Engine/Content/Internationalization/icudt64l/lang/ksb.res" 1327
"../../../Engine/Content/Internationalization/icudt64l/region/ksb.res" 1328
"../../../Engine/Content/Internationalization/icudt64l/lang/ksf.res" 1329
"../../../Engine/Content/Internationalization/icudt64l/region/ksf.res" 1330
"../../../Engine/Content/Internationalization/icudt64l/lang/ksh.res" 1331
"../../../Engine/Content/Internationalization/icudt64l/region/ksh.res" 1332
"../../../Engine/Content/Internationalization/icudt64l/lang/ku.res" 1333
"../../../Engine/Content/Internationalization/icudt64l/region/ku.res" 1334
"../../../Engine/Content/Internationalization/icudt64l/lang/kw.res" 1335
"../../../Engine/Content/Internationalization/icudt64l/region/kw.res" 1336
"../../../Engine/Content/Internationalization/icudt64l/lang/ky.res" 1337
"../../../Engine/Content/Internationalization/icudt64l/region/ky.res" 1338
"../../../Engine/Content/Internationalization/icudt64l/lang/lag.res" 1339
"../../../Engine/Content/Internationalization/icudt64l/region/lag.res" 1340
"../../../Engine/Content/Internationalization/icudt64l/lang/lb.res" 1341
"../../../Engine/Content/Internationalization/icudt64l/region/lb.res" 1342
"../../../Engine/Content/Internationalization/icudt64l/lang/lg.res" 1343
"../../../Engine/Content/Internationalization/icudt64l/region/lg.res" 1344
"../../../Engine/Content/Internationalization/icudt64l/lang/lkt.res" 1345
"../../../Engine/Content/Internationalization/icudt64l/region/lkt.res" 1346
"../../../Engine/Content/Internationalization/icudt64l/lang/ln.res" 1347
"../../../Engine/Content/Internationalization/icudt64l/region/ln.res" 1348
"../../../Engine/Content/Internationalization/icudt64l/lang/lo.res" 1349
"../../../Engine/Content/Internationalization/icudt64l/region/lo.res" 1350
"../../../Engine/Content/Internationalization/icudt64l/lang/lrc.res" 1351
"../../../Engine/Content/Internationalization/icudt64l/region/lrc.res" 1352
"../../../Engine/Content/Internationalization/icudt64l/lang/lt.res" 1353
"../../../Engine/Content/Internationalization/icudt64l/region/lt.res" 1354
"../../../Engine/Content/Internationalization/icudt64l/lang/lu.res" 1355
"../../../Engine/Content/Internationalization/icudt64l/region/lu.res" 1356
"../../../Engine/Content/Internationalization/icudt64l/lang/luo.res" 1357
"../../../Engine/Content/Internationalization/icudt64l/region/luo.res" 1358
"../../../Engine/Content/Internationalization/icudt64l/lang/luy.res" 1359
"../../../Engine/Content/Internationalization/icudt64l/region/luy.res" 1360
"../../../Engine/Content/Internationalization/icudt64l/lang/lv.res" 1361
"../../../Engine/Content/Internationalization/icudt64l/region/lv.res" 1362
"../../../Engine/Content/Internationalization/icudt64l/lang/mas.res" 1363
"../../../Engine/Content/Internationalization/icudt64l/region/mas.res" 1364
"../../../Engine/Content/Internationalization/icudt64l/lang/mer.res" 1365
"../../../Engine/Content/Internationalization/icudt64l/region/mer.res" 1366
"../../../Engine/Content/Internationalization/icudt64l/lang/mfe.res" 1367
"../../../Engine/Content/Internationalization/icudt64l/region/mfe.res" 1368
"../../../Engine/Content/Internationalization/icudt64l/lang/mg.res" 1369
"../../../Engine/Content/Internationalization/icudt64l/region/mg.res" 1370
"../../../Engine/Content/Internationalization/icudt64l/lang/mgh.res" 1371
"../../../Engine/Content/Internationalization/icudt64l/region/mgh.res" 1372
"../../../Engine/Content/Internationalization/icudt64l/lang/mgo.res" 1373
"../../../Engine/Content/Internationalization/icudt64l/region/mgo.res" 1374
"../../../Engine/Content/Internationalization/icudt64l/lang/mi.res" 1375
"../../../Engine/Content/Internationalization/icudt64l/region/mi.res" 1376
"../../../Engine/Content/Internationalization/icudt64l/lang/mk.res" 1377
"../../../Engine/Content/Internationalization/icudt64l/region/mk.res" 1378
"../../../Engine/Content/Internationalization/icudt64l/lang/ml.res" 1379
"../../../Engine/Content/Internationalization/icudt64l/region/ml.res" 1380
"../../../Engine/Content/Internationalization/icudt64l/lang/mn.res" 1381
"../../../Engine/Content/Internationalization/icudt64l/region/mn.res" 1382
"../../../Engine/Content/Internationalization/icudt64l/lang/mr.res" 1383
"../../../Engine/Content/Internationalization/icudt64l/region/mr.res" 1384
"../../../Engine/Content/Internationalization/icudt64l/lang/ms.res" 1385
"../../../Engine/Content/Internationalization/icudt64l/region/ms.res" 1386
"../../../Engine/Content/Internationalization/icudt64l/lang/mt.res" 1387
"../../../Engine/Content/Internationalization/icudt64l/region/mt.res" 1388
"../../../Engine/Content/Internationalization/icudt64l/lang/mua.res" 1389
"../../../Engine/Content/Internationalization/icudt64l/region/mua.res" 1390
"../../../Engine/Content/Internationalization/icudt64l/lang/my.res" 1391
"../../../Engine/Content/Internationalization/icudt64l/region/my.res" 1392
"../../../Engine/Content/Internationalization/icudt64l/lang/mzn.res" 1393
"../../../Engine/Content/Internationalization/icudt64l/region/mzn.res" 1394
"../../../Engine/Content/Internationalization/icudt64l/lang/naq.res" 1395
"../../../Engine/Content/Internationalization/icudt64l/region/naq.res" 1396
"../../../Engine/Content/Internationalization/icudt64l/lang/nb.res" 1397
"../../../Engine/Content/Internationalization/icudt64l/lang/nb_NO.res" 1398
"../../../Engine/Content/Internationalization/icudt64l/region/nb_NO.res" 1399
"../../../Engine/Content/Internationalization/icudt64l/region/nb.res" 1400
"../../../Engine/Content/Internationalization/icudt64l/lang/nd.res" 1401
"../../../Engine/Content/Internationalization/icudt64l/region/nd.res" 1402
"../../../Engine/Content/Internationalization/icudt64l/lang/nds.res" 1403
"../../../Engine/Content/Internationalization/icudt64l/region/nds.res" 1404
"../../../Engine/Content/Internationalization/icudt64l/lang/ne.res" 1405
"../../../Engine/Content/Internationalization/icudt64l/region/ne.res" 1406
"../../../Engine/Content/Internationalization/icudt64l/lang/nl.res" 1407
"../../../Engine/Content/Internationalization/icudt64l/region/nl.res" 1408
"../../../Engine/Content/Internationalization/icudt64l/lang/nmg.res" 1409
"../../../Engine/Content/Internationalization/icudt64l/region/nmg.res" 1410
"../../../Engine/Content/Internationalization/icudt64l/lang/nn.res" 1411
"../../../Engine/Content/Internationalization/icudt64l/lang/nn_NO.res" 1412
"../../../Engine/Content/Internationalization/icudt64l/region/nn_NO.res" 1413
"../../../Engine/Content/Internationalization/icudt64l/region/nn.res" 1414
"../../../Engine/Content/Internationalization/icudt64l/lang/nnh.res" 1415
"../../../Engine/Content/Internationalization/icudt64l/region/nnh.res" 1416
"../../../Engine/Content/Internationalization/icudt64l/lang/nus.res" 1417
"../../../Engine/Content/Internationalization/icudt64l/region/nus.res" 1418
"../../../Engine/Content/Internationalization/icudt64l/lang/nyn.res" 1419
"../../../Engine/Content/Internationalization/icudt64l/region/nyn.res" 1420
"../../../Engine/Content/Internationalization/icudt64l/lang/om.res" 1421
"../../../Engine/Content/Internationalization/icudt64l/region/om.res" 1422
"../../../Engine/Content/Internationalization/icudt64l/lang/or.res" 1423
"../../../Engine/Content/Internationalization/icudt64l/region/or.res" 1424
"../../../Engine/Content/Internationalization/icudt64l/lang/os.res" 1425
"../../../Engine/Content/Internationalization/icudt64l/region/os.res" 1426
"../../../Engine/Content/Internationalization/icudt64l/lang/pa.res" 1427
"../../../Engine/Content/Internationalization/icudt64l/lang/pa_Arab.res" 1428
"../../../Engine/Content/Internationalization/icudt64l/lang/pa_PK.res" 1429
"../../../Engine/Content/Internationalization/icudt64l/lang/pa_Arab_PK.res" 1430
"../../../Engine/Content/Internationalization/icudt64l/region/pa_PK.res" 1431
"../../../Engine/Content/Internationalization/icudt64l/region/pa_Arab_PK.res" 1432
"../../../Engine/Content/Internationalization/icudt64l/region/pa_Arab.res" 1433
"../../../Engine/Content/Internationalization/icudt64l/lang/pa_Guru.res" 1434
"../../../Engine/Content/Internationalization/icudt64l/lang/pa_IN.res" 1435
"../../../Engine/Content/Internationalization/icudt64l/lang/pa_Guru_IN.res" 1436
"../../../Engine/Content/Internationalization/icudt64l/region/pa_IN.res" 1437
"../../../Engine/Content/Internationalization/icudt64l/region/pa_Guru_IN.res" 1438
"../../../Engine/Content/Internationalization/icudt64l/region/pa_Guru.res" 1439
"../../../Engine/Content/Internationalization/icudt64l/region/pa.res" 1440
"../../../Engine/Content/Internationalization/icudt64l/lang/pl.res" 1441
"../../../Engine/Content/Internationalization/icudt64l/region/pl.res" 1442
"../../../Engine/Content/Internationalization/icudt64l/lang/ps.res" 1443
"../../../Engine/Content/Internationalization/icudt64l/region/ps.res" 1444
"../../../Engine/Content/Internationalization/icudt64l/lang/ps_PK.res" 1445
"../../../Engine/Content/Internationalization/icudt64l/region/ps_PK.res" 1446
"../../../Engine/Content/Internationalization/icudt64l/lang/pt.res" 1447
"../../../Engine/Content/Internationalization/icudt64l/lang/pt_AO.res" 1448
"../../../Engine/Content/Internationalization/icudt64l/lang/pt_PT.res" 1449
"../../../Engine/Content/Internationalization/icudt64l/region/pt_AO.res" 1450
"../../../Engine/Content/Internationalization/icudt64l/region/pt_PT.res" 1451
"../../../Engine/Content/Internationalization/icudt64l/region/pt.res" 1452
"../../../Engine/Content/Internationalization/icudt64l/lang/pt_CH.res" 1453
"../../../Engine/Content/Internationalization/icudt64l/region/pt_CH.res" 1454
"../../../Engine/Content/Internationalization/icudt64l/lang/pt_CV.res" 1455
"../../../Engine/Content/Internationalization/icudt64l/region/pt_CV.res" 1456
"../../../Engine/Content/Internationalization/icudt64l/lang/pt_GQ.res" 1457
"../../../Engine/Content/Internationalization/icudt64l/region/pt_GQ.res" 1458
"../../../Engine/Content/Internationalization/icudt64l/lang/pt_GW.res" 1459
"../../../Engine/Content/Internationalization/icudt64l/region/pt_GW.res" 1460
"../../../Engine/Content/Internationalization/icudt64l/lang/pt_LU.res" 1461
"../../../Engine/Content/Internationalization/icudt64l/region/pt_LU.res" 1462
"../../../Engine/Content/Internationalization/icudt64l/lang/pt_MO.res" 1463
"../../../Engine/Content/Internationalization/icudt64l/region/pt_MO.res" 1464
"../../../Engine/Content/Internationalization/icudt64l/lang/pt_MZ.res" 1465
"../../../Engine/Content/Internationalization/icudt64l/region/pt_MZ.res" 1466
"../../../Engine/Content/Internationalization/icudt64l/lang/pt_ST.res" 1467
"../../../Engine/Content/Internationalization/icudt64l/region/pt_ST.res" 1468
"../../../Engine/Content/Internationalization/icudt64l/lang/pt_TL.res" 1469
"../../../Engine/Content/Internationalization/icudt64l/region/pt_TL.res" 1470
"../../../Engine/Content/Internationalization/icudt64l/lang/qu.res" 1471
"../../../Engine/Content/Internationalization/icudt64l/region/qu.res" 1472
"../../../Engine/Content/Internationalization/icudt64l/lang/rm.res" 1473
"../../../Engine/Content/Internationalization/icudt64l/region/rm.res" 1474
"../../../Engine/Content/Internationalization/icudt64l/lang/rn.res" 1475
"../../../Engine/Content/Internationalization/icudt64l/region/rn.res" 1476
"../../../Engine/Content/Internationalization/icudt64l/lang/ro.res" 1477
"../../../Engine/Content/Internationalization/icudt64l/lang/ro_MD.res" 1478
"../../../Engine/Content/Internationalization/icudt64l/region/ro_MD.res" 1479
"../../../Engine/Content/Internationalization/icudt64l/region/ro.res" 1480
"../../../Engine/Content/Internationalization/icudt64l/lang/rof.res" 1481
"../../../Engine/Content/Internationalization/icudt64l/region/rof.res" 1482
"../../../Engine/Content/Internationalization/icudt64l/lang/ru.res" 1483
"../../../Engine/Content/Internationalization/icudt64l/region/ru.res" 1484
"../../../Engine/Content/Internationalization/icudt64l/region/ru_UA.res" 1485
"../../../Engine/Content/Internationalization/icudt64l/lang/rw.res" 1486
"../../../Engine/Content/Internationalization/icudt64l/region/rw.res" 1487
"../../../Engine/Content/Internationalization/icudt64l/lang/rwk.res" 1488
"../../../Engine/Content/Internationalization/icudt64l/region/rwk.res" 1489
"../../../Engine/Content/Internationalization/icudt64l/lang/sah.res" 1490
"../../../Engine/Content/Internationalization/icudt64l/region/sah.res" 1491
"../../../Engine/Content/Internationalization/icudt64l/lang/saq.res" 1492
"../../../Engine/Content/Internationalization/icudt64l/region/saq.res" 1493
"../../../Engine/Content/Internationalization/icudt64l/lang/sbp.res" 1494
"../../../Engine/Content/Internationalization/icudt64l/region/sbp.res" 1495
"../../../Engine/Content/Internationalization/icudt64l/lang/sd.res" 1496
"../../../Engine/Content/Internationalization/icudt64l/region/sd.res" 1497
"../../../Engine/Content/Internationalization/icudt64l/lang/se.res" 1498
"../../../Engine/Content/Internationalization/icudt64l/lang/se_FI.res" 1499
"../../../Engine/Content/Internationalization/icudt64l/region/se_FI.res" 1500
"../../../Engine/Content/Internationalization/icudt64l/region/se.res" 1501
"../../../Engine/Content/Internationalization/icudt64l/lang/seh.res" 1502
"../../../Engine/Content/Internationalization/icudt64l/region/seh.res" 1503
"../../../Engine/Content/Internationalization/icudt64l/lang/ses.res" 1504
"../../../Engine/Content/Internationalization/icudt64l/region/ses.res" 1505
"../../../Engine/Content/Internationalization/icudt64l/lang/sg.res" 1506
"../../../Engine/Content/Internationalization/icudt64l/region/sg.res" 1507
"../../../Engine/Content/Internationalization/icudt64l/lang/shi.res" 1508
"../../../Engine/Content/Internationalization/icudt64l/lang/shi_Latn.res" 1509
"../../../Engine/Content/Internationalization/icudt64l/lang/shi_MA.res" 1510
"../../../Engine/Content/Internationalization/icudt64l/lang/shi_Tfng_MA.res" 1511
"../../../Engine/Content/Internationalization/icudt64l/lang/shi_Tfng.res" 1512
"../../../Engine/Content/Internationalization/icudt64l/region/shi_MA.res" 1513
"../../../Engine/Content/Internationalization/icudt64l/region/shi_Tfng_MA.res" 1514
"../../../Engine/Content/Internationalization/icudt64l/region/shi_Tfng.res" 1515
"../../../Engine/Content/Internationalization/icudt64l/region/shi.res" 1516
"../../../Engine/Content/Internationalization/icudt64l/region/shi_Latn.res" 1517
"../../../Engine/Content/Internationalization/icudt64l/lang/si.res" 1518
"../../../Engine/Content/Internationalization/icudt64l/region/si.res" 1519
"../../../Engine/Content/Internationalization/icudt64l/lang/sk.res" 1520
"../../../Engine/Content/Internationalization/icudt64l/region/sk.res" 1521
"../../../Engine/Content/Internationalization/icudt64l/lang/sl.res" 1522
"../../../Engine/Content/Internationalization/icudt64l/region/sl.res" 1523
"../../../Engine/Content/Internationalization/icudt64l/lang/smn.res" 1524
"../../../Engine/Content/Internationalization/icudt64l/region/smn.res" 1525
"../../../Engine/Content/Internationalization/icudt64l/lang/sn.res" 1526
"../../../Engine/Content/Internationalization/icudt64l/region/sn.res" 1527
"../../../Engine/Content/Internationalization/icudt64l/lang/so.res" 1528
"../../../Engine/Content/Internationalization/icudt64l/region/so.res" 1529
"../../../Engine/Content/Internationalization/icudt64l/lang/sq.res" 1530
"../../../Engine/Content/Internationalization/icudt64l/region/sq.res" 1531
"../../../Engine/Content/Internationalization/icudt64l/lang/sr.res" 1532
"../../../Engine/Content/Internationalization/icudt64l/lang/sr_Cyrl.res" 1533
"../../../Engine/Content/Internationalization/icudt64l/lang/sr_BA.res" 1534
"../../../Engine/Content/Internationalization/icudt64l/lang/sr_Cyrl_BA.res" 1535
"../../../Engine/Content/Internationalization/icudt64l/region/sr_BA.res" 1536
"../../../Engine/Content/Internationalization/icudt64l/region/sr_Cyrl_BA.res" 1537
"../../../Engine/Content/Internationalization/icudt64l/region/sr_Cyrl.res" 1538
"../../../Engine/Content/Internationalization/icudt64l/region/sr.res" 1539
"../../../Engine/Content/Internationalization/icudt64l/lang/sr_ME.res" 1540
"../../../Engine/Content/Internationalization/icudt64l/lang/sr_Latn_ME.res" 1541
"../../../Engine/Content/Internationalization/icudt64l/lang/sr_Latn.res" 1542
"../../../Engine/Content/Internationalization/icudt64l/region/sr_ME.res" 1543
"../../../Engine/Content/Internationalization/icudt64l/region/sr_Latn_ME.res" 1544
"../../../Engine/Content/Internationalization/icudt64l/region/sr_Latn.res" 1545
"../../../Engine/Content/Internationalization/icudt64l/lang/sr_Cyrl_ME.res" 1546
"../../../Engine/Content/Internationalization/icudt64l/region/sr_Cyrl_ME.res" 1547
"../../../Engine/Content/Internationalization/icudt64l/lang/sr_RS.res" 1548
"../../../Engine/Content/Internationalization/icudt64l/lang/sr_Cyrl_RS.res" 1549
"../../../Engine/Content/Internationalization/icudt64l/region/sr_RS.res" 1550
"../../../Engine/Content/Internationalization/icudt64l/region/sr_Cyrl_RS.res" 1551
"../../../Engine/Content/Internationalization/icudt64l/lang/sr_XK.res" 1552
"../../../Engine/Content/Internationalization/icudt64l/lang/sr_Cyrl_XK.res" 1553
"../../../Engine/Content/Internationalization/icudt64l/region/sr_XK.res" 1554
"../../../Engine/Content/Internationalization/icudt64l/region/sr_Cyrl_XK.res" 1555
"../../../Engine/Content/Internationalization/icudt64l/lang/sr_Latn_BA.res" 1556
"../../../Engine/Content/Internationalization/icudt64l/region/sr_Latn_BA.res" 1557
"../../../Engine/Content/Internationalization/icudt64l/lang/sr_Latn_RS.res" 1558
"../../../Engine/Content/Internationalization/icudt64l/region/sr_Latn_RS.res" 1559
"../../../Engine/Content/Internationalization/icudt64l/lang/sr_Latn_XK.res" 1560
"../../../Engine/Content/Internationalization/icudt64l/region/sr_Latn_XK.res" 1561
"../../../Engine/Content/Internationalization/icudt64l/lang/sv.res" 1562
"../../../Engine/Content/Internationalization/icudt64l/region/sv.res" 1563
"../../../Engine/Content/Internationalization/icudt64l/lang/sv_FI.res" 1564
"../../../Engine/Content/Internationalization/icudt64l/lang/sw.res" 1565
"../../../Engine/Content/Internationalization/icudt64l/lang/sw_CD.res" 1566
"../../../Engine/Content/Internationalization/icudt64l/region/sw_CD.res" 1567
"../../../Engine/Content/Internationalization/icudt64l/region/sw.res" 1568
"../../../Engine/Content/Internationalization/icudt64l/lang/sw_KE.res" 1569
"../../../Engine/Content/Internationalization/icudt64l/region/sw_KE.res" 1570
"../../../Engine/Content/Internationalization/icudt64l/lang/ta.res" 1571
"../../../Engine/Content/Internationalization/icudt64l/region/ta.res" 1572
"../../../Engine/Content/Internationalization/icudt64l/lang/te.res" 1573
"../../../Engine/Content/Internationalization/icudt64l/region/te.res" 1574
"../../../Engine/Content/Internationalization/icudt64l/lang/teo.res" 1575
"../../../Engine/Content/Internationalization/icudt64l/region/teo.res" 1576
"../../../Engine/Content/Internationalization/icudt64l/lang/tg.res" 1577
"../../../Engine/Content/Internationalization/icudt64l/region/tg.res" 1578
"../../../Engine/Content/Internationalization/icudt64l/lang/th.res" 1579
"../../../Engine/Content/Internationalization/icudt64l/lang/th_TH.res" 1580
"../../../Engine/Content/Internationalization/icudt64l/region/th_TH.res" 1581
"../../../Engine/Content/Internationalization/icudt64l/region/th.res" 1582
"../../../Engine/Content/Internationalization/icudt64l/lang/ti.res" 1583
"../../../Engine/Content/Internationalization/icudt64l/region/ti.res" 1584
"../../../Engine/Content/Internationalization/icudt64l/lang/tk.res" 1585
"../../../Engine/Content/Internationalization/icudt64l/region/tk.res" 1586
"../../../Engine/Content/Internationalization/icudt64l/lang/to.res" 1587
"../../../Engine/Content/Internationalization/icudt64l/region/to.res" 1588
"../../../Engine/Content/Internationalization/icudt64l/lang/tr.res" 1589
"../../../Engine/Content/Internationalization/icudt64l/region/tr.res" 1590
"../../../Engine/Content/Internationalization/icudt64l/lang/tt.res" 1591
"../../../Engine/Content/Internationalization/icudt64l/region/tt.res" 1592
"../../../Engine/Content/Internationalization/icudt64l/lang/twq.res" 1593
"../../../Engine/Content/Internationalization/icudt64l/region/twq.res" 1594
"../../../Engine/Content/Internationalization/icudt64l/lang/tzm.res" 1595
"../../../Engine/Content/Internationalization/icudt64l/region/tzm.res" 1596
"../../../Engine/Content/Internationalization/icudt64l/lang/ug.res" 1597
"../../../Engine/Content/Internationalization/icudt64l/region/ug.res" 1598
"../../../Engine/Content/Internationalization/icudt64l/lang/uk.res" 1599
"../../../Engine/Content/Internationalization/icudt64l/region/uk.res" 1600
"../../../Engine/Content/Internationalization/icudt64l/lang/ur.res" 1601
"../../../Engine/Content/Internationalization/icudt64l/lang/ur_IN.res" 1602
"../../../Engine/Content/Internationalization/icudt64l/region/ur_IN.res" 1603
"../../../Engine/Content/Internationalization/icudt64l/region/ur.res" 1604
"../../../Engine/Content/Internationalization/icudt64l/lang/uz.res" 1605
"../../../Engine/Content/Internationalization/icudt64l/lang/uz_Arab.res" 1606
"../../../Engine/Content/Internationalization/icudt64l/lang/uz_AF.res" 1607
"../../../Engine/Content/Internationalization/icudt64l/lang/uz_Arab_AF.res" 1608
"../../../Engine/Content/Internationalization/icudt64l/region/uz_AF.res" 1609
"../../../Engine/Content/Internationalization/icudt64l/region/uz_Arab_AF.res" 1610
"../../../Engine/Content/Internationalization/icudt64l/region/uz_Arab.res" 1611
"../../../Engine/Content/Internationalization/icudt64l/lang/uz_Cyrl.res" 1612
"../../../Engine/Content/Internationalization/icudt64l/lang/uz_UZ.res" 1613
"../../../Engine/Content/Internationalization/icudt64l/lang/uz_Latn_UZ.res" 1614
"../../../Engine/Content/Internationalization/icudt64l/lang/uz_Latn.res" 1615
"../../../Engine/Content/Internationalization/icudt64l/region/uz_UZ.res" 1616
"../../../Engine/Content/Internationalization/icudt64l/region/uz_Latn_UZ.res" 1617
"../../../Engine/Content/Internationalization/icudt64l/region/uz_Latn.res" 1618
"../../../Engine/Content/Internationalization/icudt64l/region/uz.res" 1619
"../../../Engine/Content/Internationalization/icudt64l/region/uz_Cyrl.res" 1620
"../../../Engine/Content/Internationalization/icudt64l/lang/vai.res" 1621
"../../../Engine/Content/Internationalization/icudt64l/lang/vai_Latn.res" 1622
"../../../Engine/Content/Internationalization/icudt64l/lang/vai_LR.res" 1623
"../../../Engine/Content/Internationalization/icudt64l/lang/vai_Vaii_LR.res" 1624
"../../../Engine/Content/Internationalization/icudt64l/lang/vai_Vaii.res" 1625
"../../../Engine/Content/Internationalization/icudt64l/region/vai_LR.res" 1626
"../../../Engine/Content/Internationalization/icudt64l/region/vai_Vaii_LR.res" 1627
"../../../Engine/Content/Internationalization/icudt64l/region/vai_Vaii.res" 1628
"../../../Engine/Content/Internationalization/icudt64l/region/vai.res" 1629
"../../../Engine/Content/Internationalization/icudt64l/region/vai_Latn.res" 1630
"../../../Engine/Content/Internationalization/icudt64l/lang/vi.res" 1631
"../../../Engine/Content/Internationalization/icudt64l/region/vi.res" 1632
"../../../Engine/Content/Internationalization/icudt64l/lang/vun.res" 1633
"../../../Engine/Content/Internationalization/icudt64l/region/vun.res" 1634
"../../../Engine/Content/Internationalization/icudt64l/lang/wae.res" 1635
"../../../Engine/Content/Internationalization/icudt64l/region/wae.res" 1636
"../../../Engine/Content/Internationalization/icudt64l/lang/wo.res" 1637
"../../../Engine/Content/Internationalization/icudt64l/region/wo.res" 1638
"../../../Engine/Content/Internationalization/icudt64l/lang/xh.res" 1639
"../../../Engine/Content/Internationalization/icudt64l/region/xh.res" 1640
"../../../Engine/Content/Internationalization/icudt64l/lang/xog.res" 1641
"../../../Engine/Content/Internationalization/icudt64l/region/xog.res" 1642
"../../../Engine/Content/Internationalization/icudt64l/lang/yav.res" 1643
"../../../Engine/Content/Internationalization/icudt64l/region/yav.res" 1644
"../../../Engine/Content/Internationalization/icudt64l/lang/yi.res" 1645
"../../../Engine/Content/Internationalization/icudt64l/region/yi.res" 1646
"../../../Engine/Content/Internationalization/icudt64l/lang/yo.res" 1647
"../../../Engine/Content/Internationalization/icudt64l/lang/yo_BJ.res" 1648
"../../../Engine/Content/Internationalization/icudt64l/region/yo_BJ.res" 1649
"../../../Engine/Content/Internationalization/icudt64l/region/yo.res" 1650
"../../../Engine/Content/Internationalization/icudt64l/lang/yue.res" 1651
"../../../Engine/Content/Internationalization/icudt64l/lang/yue_Hans.res" 1652
"../../../Engine/Content/Internationalization/icudt64l/lang/yue_CN.res" 1653
"../../../Engine/Content/Internationalization/icudt64l/lang/yue_Hans_CN.res" 1654
"../../../Engine/Content/Internationalization/icudt64l/region/yue_CN.res" 1655
"../../../Engine/Content/Internationalization/icudt64l/region/yue_Hans_CN.res" 1656
"../../../Engine/Content/Internationalization/icudt64l/region/yue_Hans.res" 1657
"../../../Engine/Content/Internationalization/icudt64l/lang/yue_Hant.res" 1658
"../../../Engine/Content/Internationalization/icudt64l/lang/yue_HK.res" 1659
"../../../Engine/Content/Internationalization/icudt64l/lang/yue_Hant_HK.res" 1660
"../../../Engine/Content/Internationalization/icudt64l/region/yue_HK.res" 1661
"../../../Engine/Content/Internationalization/icudt64l/region/yue_Hant_HK.res" 1662
"../../../Engine/Content/Internationalization/icudt64l/region/yue_Hant.res" 1663
"../../../Engine/Content/Internationalization/icudt64l/region/yue.res" 1664
"../../../Engine/Content/Internationalization/icudt64l/lang/zgh.res" 1665
"../../../Engine/Content/Internationalization/icudt64l/region/zgh.res" 1666
"../../../Engine/Content/Internationalization/icudt64l/lang/zh.res" 1667
"../../../Engine/Content/Internationalization/icudt64l/lang/zh_Hans.res" 1668
"../../../Engine/Content/Internationalization/icudt64l/lang/zh_CN.res" 1669
"../../../Engine/Content/Internationalization/icudt64l/lang/zh_Hans_CN.res" 1670
"../../../Engine/Content/Internationalization/icudt64l/region/zh_CN.res" 1671
"../../../Engine/Content/Internationalization/icudt64l/region/zh_Hans_CN.res" 1672
"../../../Engine/Content/Internationalization/icudt64l/region/zh_Hans.res" 1673
"../../../Engine/Content/Internationalization/icudt64l/region/zh.res" 1674
"../../../Engine/Content/Internationalization/icudt64l/lang/zh_HK.res" 1675
"../../../Engine/Content/Internationalization/icudt64l/lang/zh_Hant_HK.res" 1676
"../../../Engine/Content/Internationalization/icudt64l/lang/zh_Hant.res" 1677
"../../../Engine/Content/Internationalization/icudt64l/region/zh_HK.res" 1678
"../../../Engine/Content/Internationalization/icudt64l/region/zh_Hant_HK.res" 1679
"../../../Engine/Content/Internationalization/icudt64l/region/zh_Hant.res" 1680
"../../../Engine/Content/Internationalization/icudt64l/lang/zh_MO.res" 1681
"../../../Engine/Content/Internationalization/icudt64l/lang/zh_Hant_MO.res" 1682
"../../../Engine/Content/Internationalization/icudt64l/region/zh_MO.res" 1683
"../../../Engine/Content/Internationalization/icudt64l/region/zh_Hant_MO.res" 1684
"../../../Engine/Content/Internationalization/icudt64l/lang/zh_SG.res" 1685
"../../../Engine/Content/Internationalization/icudt64l/lang/zh_Hans_SG.res" 1686
"../../../Engine/Content/Internationalization/icudt64l/region/zh_SG.res" 1687
"../../../Engine/Content/Internationalization/icudt64l/region/zh_Hans_SG.res" 1688
"../../../Engine/Content/Internationalization/icudt64l/lang/zh_TW.res" 1689
"../../../Engine/Content/Internationalization/icudt64l/lang/zh_Hant_TW.res" 1690
"../../../Engine/Content/Internationalization/icudt64l/region/zh_TW.res" 1691
"../../../Engine/Content/Internationalization/icudt64l/region/zh_Hant_TW.res" 1692
"../../../Engine/Content/Internationalization/icudt64l/lang/zu.res" 1693
"../../../Engine/Content/Internationalization/icudt64l/region/zu.res" 1694
"../../../Engine/Content/Internationalization/icudt64l/lang/no.res" 1695
"../../../Engine/Content/Internationalization/icudt64l/lang/tl.res" 1696
"../../../Engine/Config/Android/DataDrivenPlatformInfo.ini" 1697
"../../../Engine/Config/HoloLens/DataDrivenPlatformInfo.ini" 1698
"../../../Engine/Config/IOS/DataDrivenPlatformInfo.ini" 1699
"../../../Engine/Config/Linux/DataDrivenPlatformInfo.ini" 1700
"../../../Engine/Config/LinuxArm64/DataDrivenPlatformInfo.ini" 1701
"../../../Engine/Config/Mac/DataDrivenPlatformInfo.ini" 1702
"../../../Engine/Config/TVOS/DataDrivenPlatformInfo.ini" 1703
"../../../Engine/Config/Unix/DataDrivenPlatformInfo.ini" 1704
"../../../Engine/Config/VulkanPC/DataDrivenPlatformInfo.ini" 1705
"../../../Engine/Config/Windows/DataDrivenPlatformInfo.ini" 1706
"../../../Engine/DerivedDataCache/TestData/0/TestData_4kb.dat" 1707
"../../../Engine/DerivedDataCache/TestData/1/TestData_4kb.dat" 1708
"../../../Engine/DerivedDataCache/TestData/0/TestData_8kb.dat" 1709
"../../../Engine/DerivedDataCache/TestData/1/TestData_8kb.dat" 1710
"../../../Engine/DerivedDataCache/TestData/0/TestData_16kb.dat" 1711
"../../../Engine/DerivedDataCache/TestData/1/TestData_16kb.dat" 1712
"../../../Engine/DerivedDataCache/TestData/0/TestData_64kb.dat" 1713
"../../../Engine/DerivedDataCache/TestData/1/TestData_64kb.dat" 1714
"../../../Engine/DerivedDataCache/TestData/0/TestData_128kb.dat" 1715
"../../../Engine/DerivedDataCache/TestData/1/TestData_128kb.dat" 1716
"../../../Engine/DerivedDataCache/TestData/0/TestData_256kb.dat" 1717
"../../../Engine/DerivedDataCache/TestData/1/TestData_256kb.dat" 1718
"../../../Engine/Plugins/FX/Niagara/Shaders/Private/NiagaraSpriteVertexFactory.ush" 1719
"../../../Engine/Shaders/Private/VertexFactoryCommon.ush" 1720
"../../../Engine/Shaders/Private/Common.ush" 1721
"../../../Engine/Shaders/Public/Platform.ush" 1722
"../../../Engine/Shaders/Public/FP16Math.ush" 1723
"../../../Engine/Shaders/Public/Platform/D3D/D3DCommon.ush" 1724
"../../../Engine/Shaders/Public/BindlessResources.ush" 1725
"../../../Engine/Shaders/Public/ShaderVersion.ush" 1726
"../../../Engine/Shaders/Private/GeneratedUniformBufferTypes.ush" 1727
"../../../Engine/Shaders/Private/Nanite/NanitePackedNaniteView.ush" 1728
"../../../Engine/Shaders/Private/HairStrands/HairStrandsVisibilityCommonStruct.ush" 1729
"../../../Engine/Shaders/Private/HairStrands/HairStrandsVoxelPageCommonStruct.ush" 1730
"../../../Engine/Shaders/Private/HairStrands/HairStrandsDeepShadowCommonStruct.ush" 1731
"../../../Engine/Shaders/Private/CommonViewUniformBuffer.ush" 1732
"../../../Engine/Shaders/Private/LargeWorldCoordinates.ush" 1733
"../../../Engine/Shaders/Private/LWCOperations.ush" 1734
"../../../Engine/Shaders/Private/InstancedStereo.ush" 1735
"../../../Engine/Shaders/Private/Definitions.usf" 1736
"../../../Engine/Shaders/Private/AssertionMacros.ush" 1737
"../../../Engine/Shaders/Private/FastMath.ush" 1738
"../../../Engine/Shaders/Private/FastMathThirdParty.ush" 1739
"../../../Engine/Shaders/Private/Random.ush" 1740
"../../../Engine/Shaders/Private/SceneData.ush" 1741
"../../../Engine/Shaders/Private/OctahedralCommon.ush" 1742
"../../../Engine/Shaders/Shared/LightSceneData.h" 1743
"../../../Engine/Shaders/Shared/HLSLTypeAliases.h" 1744
"../../../Engine/Shaders/Private/ParticleVertexFactoryCommon.ush" 1745
"../../../Engine/Plugins/FX/Niagara/Shaders/Private/NiagaraVFCommon.usf" 1746
"../../../Engine/Plugins/FX/Niagara/Shaders/Private/NiagaraVFParticleAccess.usf" 1747
"../../../Engine/Plugins/FX/Niagara/Shaders/Private/NiagaraParticleAccess.ush" 1748
"../../../Engine/Shaders/Private/VertexFactoryDefaultInterface.ush" 1749
"../../../Engine/Plugins/FX/Niagara/Shaders/Private/NiagaraRibbonVertexFactory.ush" 1750
"../../../Engine/Plugins/FX/Niagara/Shaders/Private/NiagaraMeshVertexFactory.ush" 1751
"../../../Engine/Plugins/FX/Niagara/Shaders/Private/NiagaraCommon.ush" 1752
"../../../Engine/Plugins/FX/Niagara/Shaders/Private/NiagaraMeshParticleUtils.ush" 1753
"../../../Engine/Shaders/Private/RayTracing/RayTracingCommon.ush" 1754
"../../../Engine/Shaders/Private/ShadingCommon.ush" 1755
"../../../Engine/Shaders/Shared/RayTracingDefinitions.h" 1756
"../../../Engine/Shaders/Shared/RayTracingPayloadType.h" 1757
"../../../Engine/Shaders/Shared/HLSLStaticAssert.h" 1758
"../../../Engine/Shaders/Private/RayTracing/RayTracingRayCone.ush" 1759
"../../../Engine/Shaders/Private/Strata/Strata.ush" 1760
"../../../Engine/Shaders/Private/ShadingEnergyConservation.ush" 1761
"../../../Engine/Shaders/Private/ShadingEnergyConservationTemplate.ush" 1762
"../../../Engine/Shaders/Private/BRDF.ush" 1763
"../../../Engine/Shaders/Private/ColorSpace.ush" 1764
"../../../Engine/Shaders/Private/DeferredShadingCommon.ush" 1765
"../../../Engine/Shaders/Private/LightAccumulator.ush" 1766
"../../../Engine/Shaders/Private/SceneTexturesCommon.ush" 1767
"../../../Engine/Shaders/Private/MonteCarlo.ush" 1768
"../../../Engine/Shaders/Private/GBufferHelpers.ush" 1769
"../../../Engine/Shaders/Private/SceneTextureParameters.ush" 1770
"D:/Unreal/LostWaves/Intermediate/ShaderAutogen/PCD3D_SM5/AutogenShaderHeaders.ush" 1771
"../../../Engine/Shaders/Private/ParticipatingMediaCommon.ush" 1772
"../../../Engine/Shaders/Private/ThinFilmBSDF.ush" 1773
"../../../Engine/Shaders/Private/MortonCode.ush" 1774
"../../../Engine/Shaders/Private/SubsurfaceProfileCommon.ush" 1775
"../../../Engine/Shaders/Private/BurleyNormalizedSSSCommon.ush" 1776
"../../../Engine/Shaders/Private/GammaCorrectionCommon.ush" 1777
"../../../Engine/Shaders/Shared/StrataDefinitions.h" 1778
"../../../Engine/Shaders/Private/Strata/StrataStatisticalOperators.ush" 1779
"../../../Engine/Shaders/Private/RayTracing/RayTracingCommonMetal.ush" 1780
"../../../Engine/Shaders/Private/PositionReconstructionCommon.ush" 1781
"../../../Engine/Shaders/Private/RayTracing/RayTracingHitGroupCommon.ush" 1782
"../../../Engine/Shaders/Shared/RayTracingBuiltInResources.h" 1783
"../../../Engine/Shaders/Private/VectorFieldVisualizationVertexFactory.ush" 1784
"../../../Engine/Shaders/Private/Nanite/NaniteVertexFactory.ush" 1785
"../../../Engine/Shaders/Private/LightmapData.ush" 1786
"../../../Engine/Shaders/Private/Nanite/NaniteDataDecode.ush" 1787
"../../../Engine/Shaders/Private/BitPacking.ush" 1788
"../../../Engine/Shaders/Private/BitStreamReaderImplementation.ush" 1789
"../../../Engine/Shaders/Shared/NaniteDefinitions.h" 1790
"../../../Engine/Shaders/Private/Nanite/NaniteAttributeDecode.ush" 1791
"../../../Engine/Shaders/Private/ParticleSpriteVertexFactory.ush" 1792
"../../../Engine/Shaders/Private/ParticleGPUSpriteVertexFactory.ush" 1793
"../../../Engine/Shaders/Private/ParticleBeamTrailVertexFactory.ush" 1794
"../../../Engine/Shaders/Private/MeshParticleVertexFactory.ush" 1795
"../../../Engine/Shaders/Private/LocalVertexFactory.ush" 1796
"../../../Engine/Shaders/Private/LocalVertexFactoryCommon.ush" 1797
"../../../Engine/Shaders/Private/GpuSkinCommon.ush" 1798
"../../../Engine/Shaders/Private/GpuSkinVertexFactory.ush" 1799
"../../../Engine/Shaders/Private/GeometryCollectionVertexFactory.ush" 1800
"../../../Engine/Shaders/Private/GeometryCacheVertexFactory.ush" 1801
"../../../Engine/Shaders/Private/LandscapeVertexFactory.ush" 1802
"../../../Engine/Plugins/Enterprise/GLTFExporter/Shaders/Private/SimpleTexture2DPS.usf" 1803
"../../../Engine/Shaders/Private/SimpleElementNormalMapPixelShader.usf" 1804
"../../../Engine/Plugins/FX/Niagara/Shaders/Private/NiagaraFillIntBuffer.usf" 1805
"../../../Engine/Plugins/FX/Niagara/Shaders/Private/NiagaraComputeFreeIDs.usf" 1806
"../../../Engine/Plugins/FX/Niagara/Shaders/Private/NiagaraInitFreeIDBuffer.usf" 1807
"../../../Engine/Plugins/FX/Niagara/Shaders/Private/NiagaraEmitterInstanceShader.usf" 1808
"../../../Engine/Plugins/FX/Niagara/Shaders/Private/NiagaraShaderVersion.ush" 1809
"../../../Engine/Shaders/Private/DistanceField/GlobalDistanceFieldShared.ush" 1810
"../../../Engine/Plugins/FX/Niagara/Shaders/Private/NiagaraPhysicsCommon.ush" 1811
"../../../Engine/Plugins/FX/Niagara/Shaders/Private/Ribbons/NiagaraRibbonGenerateIndices.usf" 1812
"../../../Engine/Plugins/FX/Niagara/Shaders/Private/Ribbons/NiagaraRibbonCommon.ush" 1813
"../../../Engine/Plugins/FX/Niagara/Shaders/Private/Ribbons/NiagaraRibbonInitializeIndices.usf" 1814
"../../../Engine/Plugins/FX/Niagara/Shaders/Private/Ribbons/NiagaraRibbonRibbonUVParamCalculation.usf" 1815
"../../../Engine/Plugins/FX/Niagara/Shaders/Private/Ribbons/NiagaraRibbonVertexReductionFinalization.usf" 1816
"../../../Engine/Plugins/FX/Niagara/Shaders/Private/Ribbons/NiagaraRibbonVertexReductionPropagation.usf" 1817
"../../../Engine/Plugins/FX/Niagara/Shaders/Private/Ribbons/NiagaraRibbonVertexReductionInitialization.usf" 1818
"../../../Engine/Plugins/FX/Niagara/Shaders/Private/Ribbons/NiagaraRibbonSortParticles.usf" 1819
"../../../Engine/Plugins/FX/Niagara/Shaders/Private/NiagaraUpdateMeshGPUSceneInstances.usf" 1820
"../../../Engine/Shaders/Private/ComputeShaderUtils.ush" 1821
"../../../Engine/Shaders/Private/GPUScene/GPUSceneWriter.ush" 1822
"../../../Engine/Plugins/FX/Niagara/Shaders/Private/NiagaraGenerateMips.usf" 1823
"../../../Engine/Plugins/FX/Niagara/Shaders/Private/NiagaraDebugDraw.usf" 1824
"../../../Engine/Plugins/FX/Niagara/Shaders/Private/NiagaraDebugDraw.ush" 1825
"../../../Engine/Plugins/FX/Niagara/Shaders/Private/NiagaraVisualizeTexture.usf" 1826
"../../../Engine/Plugins/FX/Niagara/Shaders/Private/NiagaraClearCounts.usf" 1827
"../../../Engine/Plugins/FX/Niagara/Shaders/Private/NiagaraBatchedElements.usf" 1828
"../../../Engine/Plugins/FX/Niagara/Shaders/Private/NiagaraRayTracingShaders.usf" 1829
"../../../Engine/Plugins/FX/Niagara/Shaders/Private/NiagaraAsyncGpuTraceCommon.ush" 1830
"../../../Engine/Shaders/Private/HashTable.ush" 1831
"../../../Engine/Shaders/Private/Hash.ush" 1832
"../../../Engine/Shaders/Private/RayTracing/VFXTraceRay.ush" 1833
"../../../Engine/Plugins/FX/Niagara/Shaders/Private/NiagaraRayMarchingShaders.usf" 1834
"../../../Engine/Plugins/FX/Niagara/Shaders/Private/NiagaraRayTraceCollisionGroupShaders.usf" 1835
"../../../Engine/Plugins/FX/Niagara/Shaders/Private/NiagaraAsyncGpuTraceUtils.usf" 1836
"../../../Engine/Plugins/FX/Niagara/Shaders/Private/NiagaraSortKeyGen.usf" 1837
"../../../Engine/Plugins/FX/Niagara/Shaders/Private/NiagaraGPURayTracingTransforms.usf" 1838
"../../../Engine/Plugins/FX/Niagara/Shaders/Private/NiagaraDrawIndirectArgsGen.usf" 1839
"../../../Engine/Plugins/FX/Niagara/Shaders/Private/NiagaraDispatchIndirectArgsGen.usf" 1840
"../../../Engine/Plugins/Media/WmfMedia/Shaders/Private/MediaHardwareVideoDecoding.usf" 1841
"../../../Engine/Shaders/Private/ColorUtils.ush" 1842
"../../../Engine/Plugins/Media/ImgMedia/Shaders/Private/ExrSwizzler.usf" 1843
"../../../Engine/Shaders/Private/SlateElementPixelShader.usf" 1844
"../../../Engine/Shaders/Private/SlateShaderCommon.ush" 1845
"../../../Engine/Shaders/Private/MaterialTemplate.ush" 1846
"../../../Engine/Shaders/Private/EyeAdaptationCommon.ush" 1847
"../../../Engine/Shaders/Private/SobolRandom.ush" 1848
"../../../Engine/Shaders/Private/DepthOfFieldCommon.ush" 1849
"../../../Engine/Shaders/Private/CircleDOFCommon.ush" 1850
"../../../Engine/Shaders/Private/PhysicsFieldSampler.ush" 1851
"../../../Engine/Shaders/Private/PhysicsFieldShared.ush" 1852
"../../../Engine/Shaders/Private/HairShadingCommon.ush" 1853
"../../../Engine/Shaders/Private/HairStrands/HairCardsAttributeCommon.ush" 1854
"../../../Engine/Shaders/Private/HairStrands/HairStrandsVertexFactoryCommon.ush" 1855
"../../../Engine/Shaders/Shared/HairStrandsDefinitions.h" 1856
"../../../Engine/Shaders/Private/HairStrands/HairStrandsAttributeCommon.ush" 1857
"../../../Engine/Shaders/Private/SpeedTreeCommon.ush" 1858
"../../../Engine/Shaders/Private/VirtualTextureCommon.ush" 1859
"../../../Engine/Shaders/Private/MaterialTexture.ush" 1860
"../../../Engine/Shaders/Private/MinMaterialTexCoords.ush" 1861
"../../../Engine/Shaders/Private/SkyAtmosphereCommon.ush" 1862
"../../../Engine/Shaders/Private/SingleLayerWaterCommon.ush" 1863
"../../../Engine/Shaders/Private/TextureSampling.ush" 1864
"../../../Engine/Shaders/Private/PaniniProjection.ush" 1865
"../../../Engine/Shaders/Private/DBufferNormalReprojection.ush" 1866
"../../../Engine/Shaders/Private/Strata/StrataTree.ush" 1867
"../../../Engine/Shaders/Private/Strata/StrataEvaluation.ush" 1868
"../../../Engine/Shaders/Private/SHCommon.ush" 1869
"../../../Engine/Shaders/Private/ShadingModels.ush" 1870
"../../../Engine/Shaders/Private/CapsuleLight.ush" 1871
"../../../Engine/Shaders/Private/RectLight.ush" 1872
"../../../Engine/Shaders/Private/LightData.ush" 1873
"../../../Engine/Shaders/Private/AreaLightCommon.ush" 1874
"../../../Engine/Shaders/Private/TransmissionCommon.ush" 1875
"../../../Engine/Shaders/Private/HairBsdf.ush" 1876
"../../../Engine/Shaders/Private/MobileGGX.ush" 1877
"../../../Engine/Shaders/Private/ShadingModelsSampling.ush" 1878
"../../../Engine/Shaders/Private/HairStrands/HairBsdfSample.ush" 1879
"../../../Engine/Shaders/Private/HairStrands/HairStrandsCommon.ush" 1880
"../../../Engine/Shaders/Private/HairStrands/HairStrandsDeepTransmittanceCommon.ush" 1881
"../../../Engine/Shaders/Private/HairStrands/HairStrandsDeepTransmittanceDualScattering.ush" 1882
"../../../Engine/Shaders/Private/HairStrands/HairStrandsEnvironmentLightingCommon.ush" 1883
"../../../Engine/Shaders/Private/Strata/StrataLegacyConversion.ush" 1884
"../../../Engine/Shaders/Private/DBufferDecalShared.ush" 1885
"../../../Engine/Shaders/Private/CompositeUIPixelShader.usf" 1886
"../../../Engine/Shaders/Private/TonemapCommon.ush" 1887
"../../../Engine/Shaders/Private/ACES.ush" 1888
"../../../Engine/Shaders/Private/ColorDeficiency.ush" 1889
"../../../Engine/Shaders/Private/SlateMaskingShader.usf" 1890
"../../../Engine/Shaders/Private/SlatePostProcessColorDeficiencyPixelShader.usf" 1891
"../../../Engine/Shaders/Private/SlatePostProcessPixelShader.usf" 1892
"../../../Engine/Shaders/Private/SlateVertexShader.usf" 1893
"../../../Engine/Shaders/Private/TranslucentLightingShaders.usf" 1894
"../../../Engine/Shaders/Private/ShadowProjectionCommon.ush" 1895
"../../../Engine/Shaders/Private/CubemapCommon.ush" 1896
"../../../Engine/Shaders/Private/VectorFieldCompositeShaders.usf" 1897
"../../../Engine/Shaders/Private/UpdateTextureShaders.usf" 1898
"../../../Engine/Shaders/Private/StereoLayerShader.usf" 1899
"../../../Engine/Shaders/Private/MorphTargets.usf" 1900
"../../../Engine/Shaders/Private/SimpleElementColorChannelMaskPixelShader.usf" 1901
"../../../Engine/Shaders/Private/SimpleElementHitProxyPixelShader.usf" 1902
"../../../Engine/Shaders/Private/SimpleElementPixelShader.usf" 1903
"../../../Engine/Shaders/Private/IESLightProfilesCommon.ush" 1904
"../../../Engine/Shaders/Private/SimpleElementVertexShader.usf" 1905
"../../../Engine/Shaders/Private/ScreenPixelShaderOES.usf" 1906
"../../../Engine/Shaders/Private/ScreenVertexShader.usf" 1907
"../../../Engine/Shaders/Private/ScreenPixelShader.usf" 1908
"../../../Engine/Shaders/Private/SSProfilePreIntegratedMobile.usf" 1909
"../../../Engine/Shaders/Private/Nanite/NaniteClusterCulling.usf" 1910
"../../../Engine/Shaders/Private/Nanite/NaniteCulling.ush" 1911
"../../../Engine/Shaders/Private/Nanite/NaniteHierarchyTraversalCommon.ush" 1912
"../../../Engine/Shaders/Private/Nanite/NaniteHierarchyTraversal.ush" 1913
"../../../Engine/Shaders/Private/WaveOpUtil.ush" 1914
"../../../Engine/Shaders/Private/VirtualShadowMaps/VirtualShadowMapPageOverlap.ush" 1915
"../../../Engine/Shaders/Private/Nanite/NaniteHZBCull.ush" 1916
"../../../Engine/Shaders/Private/VirtualShadowMaps/VirtualShadowMapPageAccessCommon.ush" 1917
"../../../Engine/Shaders/Shared/VirtualShadowMapDefinitions.h" 1918
"../../../Engine/Shaders/Private/VirtualShadowMaps/VirtualShadowMapStaticCaching.ush" 1919
"../../../Engine/Shaders/Private/Nanite/NaniteCullingCommon.ush" 1920
"../../../Engine/Shaders/Private/GPUMessaging.ush" 1921
"../../../Engine/Shaders/Private/Nanite/NaniteTranscode.usf" 1922
"../../../Engine/Shaders/Private/VolumetricLightmapStreaming.usf" 1923
"../../../Engine/Shaders/Private/PhysicsFieldReset.usf" 1924
"../../../Engine/Shaders/Private/PhysicsFieldBuilder.usf" 1925
"../../../Engine/Shaders/Private/PhysicsFieldEval.ush" 1926
"../../../Engine/Shaders/Private/ParticleSortKeyGen.usf" 1927
"../../../Engine/Shaders/Private/ParticleBoundsShader.usf" 1928
"../../../Engine/Shaders/Private/ParticleSimVisualizeShader.usf" 1929
"../../../Engine/Shaders/Private/ParticleInjectionShader.usf" 1930
"../../../Engine/Shaders/Private/ParticleSimulationShader.usf" 1931
"../../../Engine/Shaders/Private/ParticleCurveInjectionShader.usf" 1932
"../../../Engine/Shaders/Private/CopyUIntBuffer.usf" 1933
"../../../Engine/Shaders/Private/RadixSortShaders.usf" 1934
"../../../Engine/Shaders/Private/RecomputeTangentsPerVertexPass.usf" 1935
"../../../Engine/Shaders/Private/RecomputeTangentsCommon.ush" 1936
"../../../Engine/Shaders/Private/RecomputeTangentsPerTrianglePass.usf" 1937
"../../../Engine/Shaders/Private/GpuSkinCacheComputeShader.usf" 1938
"../../../Engine/Shaders/Private/HeightFieldAtlasManagement.usf" 1939
"../../../Engine/Shaders/Private/LandscapePhysicalMaterial.usf" 1940
"../../../Engine/Shaders/Private/LandscapeGrassWeight.usf" 1941
"../../../Engine/Shaders/Private/Landscape/LandscapeLayersWeightmapsPS.usf" 1942
"../../../Engine/Shaders/Private/Landscape/LandscapeLayersHeightmapsPS.usf" 1943
"../../../Engine/Shaders/Private/Landscape/LandscapeCommon.ush" 1944
"../../../Engine/Shaders/Private/LandscapeLayersCS.usf" 1945
"../../../Engine/Shaders/Private/LandscapeLayersPS.usf" 1946
"../../../Engine/Shaders/Private/LandscapeLayersVS.usf" 1947
"../../../Engine/Shaders/Private/Landscape/LandscapeMergeHeightmapsPS.usf" 1948
"../../../Engine/Shaders/Private/WideCustomResolveShaders.usf" 1949
"../../../Engine/Shaders/Private/WideCustomResolve_Wide.ush" 1950
"../../../Engine/Shaders/Private/WideCustomResolve_Wider.ush" 1951
"../../../Engine/Shaders/Private/WideCustomResolve_Widest.ush" 1952
"../../../Engine/Shaders/Private/PageTableUpdate.usf" 1953
"../../../Engine/Shaders/Private/VirtualTextureCompress.usf" 1954
"../../../Engine/Shaders/Private/BlockCompressionCommon.ush" 1955
"../../../Engine/Shaders/Private/BCCompressionCommon.ush" 1956
"../../../Engine/Shaders/Private/ETCCompressionCommon.ush" 1957
"../../../Engine/Shaders/Private/VirtualTextureMaterial.usf" 1958
"../../../Engine/Shaders/Private/PixelShaderOutputCommon.ush" 1959
"../../../Engine/Shaders/Private/ShaderOutputCommon.ush" 1960
"../../../Engine/Shaders/Private/VolumetricRenderTarget.usf" 1961
"../../../Engine/Shaders/Private/VolumetricFogVoxelization.usf" 1962
"../../../Engine/Shaders/Private/VolumetricCloudMaterialPixelCommon.ush" 1963
"../../../Engine/Shaders/Private/VolumetricFogLightFunction.usf" 1964
"../../../Engine/Shaders/Private/LightFunctionCommon.ush" 1965
"../../../Engine/Shaders/Private/VolumetricFog.usf" 1966
"../../../Engine/Shaders/Private/DeferredLightingCommon.ush" 1967
"../../../Engine/Shaders/Private/DynamicLightingCommon.ush" 1968
"../../../Engine/Shaders/Private/CapsuleLightIntegrate.ush" 1969
"../../../Engine/Shaders/Private/CapsuleLightSampling.ush" 1970
"../../../Engine/Shaders/Private/RectLightIntegrate.ush" 1971
"../../../Engine/Shaders/Private/LightGridCommon.ush" 1972
"../../../Engine/Shaders/Private/HeightFogCommon.ush" 1973
"../../../Engine/Shaders/Private/DistanceFieldAOShared.ush" 1974
"../../../Engine/Shaders/Private/VolumeLightingCommon.ush" 1975
"../../../Engine/Shaders/Private/ShadowFilteringCommon.ush" 1976
"../../../Engine/Shaders/Private/PixelQuadMessagePassing.ush" 1977
"../../../Engine/Shaders/Private/VolumeLightingCommonSampling.ush" 1978
"../../../Engine/Shaders/Private/VolumetricLightmapShared.ush" 1979
"../../../Engine/Shaders/Private/ForwardShadowingCommon.ush" 1980
"../../../Engine/Shaders/Private/LightDataUniforms.ush" 1981
"../../../Engine/Shaders/Private/Lumen/LumenTranslucencyVolumeShared.ush" 1982
"../../../Engine/Shaders/Private/Lumen/LumenRadianceCacheInterpolation.ush" 1983
"../../../Engine/Shaders/Private/VirtualShadowMaps/VirtualShadowMapProjectionCommon.ush" 1984
"../../../Engine/Shaders/Private/VirtualShadowMaps/VirtualShadowMapProjectionStructs.ush" 1985
"../../../Engine/Shaders/Private/VolumetricCloudCommon.ush" 1986
"../../../Engine/Shaders/Private/VolumetricCloud.usf" 1987
"../../../Engine/Shaders/Private/ColorMap.ush" 1988
"../../../Engine/Shaders/Private/ShaderPrint.ush" 1989
"../../../Engine/Shaders/Private/ShaderPrintCommon.ush" 1990
"../../../Engine/Shaders/Private/MiniFontCommon.ush" 1991
"../../../Engine/Shaders/Private/ReflectionEnvironmentShared.ush" 1992
"../../../Engine/Shaders/Private/BlueNoise.ush" 1993
"../../../Engine/Shaders/Private/VisualizeVolumetricLightmap.usf" 1994
"../../../Engine/Shaders/Private/VirtualShadowMaps/VirtualShadowMapProjectionComposite.usf" 1995
"../../../Engine/Shaders/Private/LightShaderParameters.ush" 1996
"../../../Engine/Shaders/Private/VirtualShadowMaps/VirtualShadowMapMaskBitsCommon.ush" 1997
"../../../Engine/Shaders/Private/VirtualShadowMaps/VirtualShadowMapProjection.usf" 1998
"../../../Engine/Shaders/Private/HairStrands/HairStrandsVisibilityCommon.ush" 1999
"../../../Engine/Shaders/Private/Visualization.ush" 2000
"../../../Engine/Shaders/Private/VirtualShadowMaps/VirtualShadowMapProjectionFilter.ush" 2001
"../../../Engine/Shaders/Private/VirtualShadowMaps/VirtualShadowMapProjectionDirectional.ush" 2002
"../../../Engine/Shaders/Private/PathTracing/Utilities/PathTracingRandomSequence.ush" 2003
"../../../Engine/Shaders/Private/VirtualShadowMaps/VirtualShadowMapSMRTCommon.ush" 2004
"../../../Engine/Shaders/Private/VirtualShadowMaps/VirtualShadowMapSMRTTemplate.ush" 2005
"../../../Engine/Shaders/Private/VirtualShadowMaps/VirtualShadowMapProjectionSpot.ush" 2006
"../../../Engine/Shaders/Private/VirtualShadowMaps/VirtualShadowMapTransmissionCommon.ush" 2007
"../../../Engine/Shaders/Private/HairStrands/HairStrandsVoxelPageCommon.ush" 2008
"../../../Engine/Shaders/Private/HairStrands/HairStrandsVoxelPageTraversal.ush" 2009
"../../../Engine/Shaders/Private/VirtualShadowMaps/VirtualShadowMapCacheManagement.usf" 2010
"../../../Engine/Shaders/Private/VirtualShadowMaps/VirtualShadowMapPageCacheCommon.ush" 2011
"../../../Engine/Shaders/Private/ScreenSpaceDenoise/SSDDefinitions.ush" 2012
"../../../Engine/Shaders/Private/InstanceCulling/InstanceCullingLoadBalancer.ush" 2013
"../../../Engine/Shaders/Private/VirtualShadowMaps/VirtualShadowMapCopyStats.usf" 2014
"../../../Engine/Shaders/Private/VirtualShadowMaps/VirtualShadowMapPageManagement.usf" 2015
"../../../Engine/Shaders/Shared/SingleLayerWaterDefinitions.h" 2016
"../../../Engine/Shaders/Private/HairStrands/HairStrandsTileCommon.ush" 2017
"../../../Engine/Shaders/Private/ReductionCommon.ush" 2018
"../../../Engine/Shaders/Private/VirtualShadowMaps/VirtualShadowMapStats.ush" 2019
"../../../Engine/Shaders/Private/VirtualShadowMaps/VirtualShadowMapBuildPerPageDrawCommands.usf" 2020
"../../../Engine/Shaders/Private/InstanceCulling/InstanceCullingCommon.ush" 2021
"../../../Engine/Shaders/Private/VirtualShadowMaps/VirtualShadowMapPrintStats.usf" 2022
"../../../Engine/Shaders/Private/VirtualShadowMaps/VirtualShadowMapDebug.usf" 2023
"../../../Engine/Shaders/Private/VelocityShader.usf" 2024
"../../../Engine/Shaders/Private/VelocityCommon.ush" 2025
"../../../Engine/Shaders/Private/VariableRateShading/VRSShadingRatePreview.usf" 2026
"../../../Engine/Shaders/Private/VariableRateShading/VRSShadingRateCommon.ush" 2027
"../../../Engine/Shaders/Private/VariableRateShading/VRSShadingRateCombine.usf" 2028
"../../../Engine/Shaders/Private/VariableRateShading/FixedFoveationVariableRateShading.usf" 2029
"../../../Engine/Shaders/Private/VariableRateShading/VRSShadingRateReproject.usf" 2030
"../../../Engine/Shaders/Private/VariableRateShading/VRSShadingRateCalculate.usf" 2031
"../../../Engine/Shaders/Private/TranslucencyUpsampling.usf" 2032
"../../../Engine/Shaders/Private/ScreenPass.ush" 2033
"../../../Engine/Shaders/Private/ComposeSeparateTranslucency.usf" 2034
"../../../Engine/Shaders/Private/SeparateTranslucency.ush" 2035
"../../../Engine/Shaders/Private/TranslucentLightInjectionShaders.usf" 2036
"../../../Engine/Shaders/Private/TranslucentShadowDepthShaders.usf" 2037
"../../../Engine/Shaders/Private/ShadowDepthCommon.ush" 2038
"../../../Engine/Shaders/Private/RayTracing/RayTracingTest.usf" 2039
"../../../Engine/Shaders/Private/PostProcessSubsurfaceTile.usf" 2040
"../../../Engine/Shaders/Private/Strata/StrataVisualize.usf" 2041
"../../../Engine/Shaders/Private/Strata/StrataTile.ush" 2042
"../../../Engine/Shaders/Private/SkyLightingDiffuseShared.ush" 2043
"../../../Engine/Shaders/Private/SkyLightingShared.ush" 2044
"../../../Engine/Shaders/Private/ClearCoatCommon.ush" 2045
"../../../Engine/Shaders/Private/ReflectionEnvironmentComposite.ush" 2046
"../../../Engine/Shaders/Private/Strata/StrataLightingCommon.ush" 2047
"../../../Engine/Shaders/Private/Strata/StrataRoughRefraction.usf" 2048
"../../../Engine/Shaders/Private/PathTracing/Material/PathTracingFresnel.ush" 2049
"../../../Engine/Shaders/Private/PathTracing/Material/PathTracingGlossy.ush" 2050
"../../../Engine/Shaders/Private/Strata/StrataTile.usf" 2051
"../../../Engine/Shaders/Private/Strata/StrataMaterialClassification.usf" 2052
"../../../Engine/Shaders/Private/Strata/StrataDBuffer.usf" 2053
"../../../Engine/Shaders/Private/SparseVolumeTexture/VisualizeSparseVolumeTexture.usf" 2054
"../../../Engine/Shaders/Private/SkyAtmosphere.usf" 2055
"../../../Engine/Shaders/Private/CopyDepthTexture.usf" 2056
"../../../Engine/Shaders/Private/SingleLayerWaterComposite.usf" 2057
"../../../Engine/Shaders/Private/ShadowProjectionVertexShader.usf" 2058
"../../../Engine/Shaders/Private/ShadowProjectionPixelShader.usf" 2059
"../../../Engine/Shaders/Private/ShadowPercentageCloserFiltering.ush" 2060
"../../../Engine/Shaders/Private/TransmissionThickness.ush" 2061
"../../../Engine/Shaders/Private/CopyShadowMaps.usf" 2062
"../../../Engine/Shaders/Private/ShadowDepthPixelShader.usf" 2063
"../../../Engine/Shaders/Private/ShadowDepthVertexShader.usf" 2064
"../../../Engine/Shaders/Private/ShadingEnergyConservationTable.usf" 2065
"../../../Engine/Shaders/Shared/PathTracingDefinitions.h" 2066
"../../../Engine/Shaders/Private/ShadingFurnaceTest.usf" 2067
"../../../Engine/Shaders/Private/Strata/StrataDeferredLighting.ush" 2068
"../../../Engine/Shaders/Private/ShaderPrintDraw.usf" 2069
"../../../Engine/Shaders/Private/ShaderPrintDrawPrimitive.usf" 2070
"../../../Engine/Shaders/Private/SSRT/SSRTDiffuseIndirect.usf" 2071
"../../../Engine/Shaders/Private/SSRT/SSRTRayCast.ush" 2072
"../../../Engine/Shaders/Private/SSRT/SSRTTileClassificationBuffer.ush" 2073
"../../../Engine/Shaders/Private/SSRT/SSRTReflections.usf" 2074
"../../../Engine/Shaders/Private/ScreenSpaceDenoise/SSDPublic.ush" 2075
"../../../Engine/Shaders/Private/SSRT/SSRTTileClassification.usf" 2076
"../../../Engine/Shaders/Private/SSRT/SSRTPrevFrameReduction.usf" 2077
"../../../Engine/Shaders/Private/ScreenSpaceDenoise/SSDComposeHarmonics.usf" 2078
"../../../Engine/Shaders/Private/ScreenSpaceDenoise/SSDPublicHarmonics.ush" 2079
"../../../Engine/Shaders/Private/ScreenSpaceDenoise/SSDSignalFramework.ush" 2080
"../../../Engine/Shaders/Private/ScreenSpaceDenoise/SSDCommon.ush" 2081
"../../../Engine/Shaders/Private/SphericalGaussian.ush" 2082
"../../../Engine/Shaders/Public/WaveBroadcastIntrinsics.ush" 2083
"../../../Engine/Shaders/Private/ScreenSpaceDenoise/SSDMetadata.ush" 2084
"../../../Engine/Shaders/Private/ScreenSpaceDenoise/SSDSignalCore.ush" 2085
"../../../Engine/Shaders/Private/ScreenSpaceDenoise/DenoisingCommon.ush" 2086
"../../../Engine/Shaders/Private/ScreenSpaceDenoise/SSDSignalArray.ush" 2087
"../../../Engine/Shaders/Private/ScreenSpaceDenoise/SSDSignalBufferEncoding.ush" 2088
"../../../Engine/Shaders/Private/ScreenSpaceDenoise/SSDPublicBufferEncoding.ush" 2089
"../../../Engine/Shaders/Private/Lumen/LumenBufferEncoding.ush" 2090
"../../../Engine/Shaders/Private/ScreenSpaceDenoise/SSDTemporalAccumulation.usf" 2091
"../../../Engine/Shaders/Private/ScreenSpaceDenoise/SSDSpatialKernel.ush" 2092
"../../../Engine/Shaders/Private/ScreenSpaceDenoise/SSDSignalAccumulatorArray.ush" 2093
"../../../Engine/Shaders/Private/ScreenSpaceDenoise/SSDSignalAccumulator.ush" 2094
"../../../Engine/Shaders/Private/ScreenSpaceDenoise/SSDSignalCompression.ush" 2095
"../../../Engine/Shaders/Private/ScreenSpaceDenoise/SSDSpatialAccumulation.usf" 2096
"../../../Engine/Shaders/Private/ScreenSpaceDenoise/SSDInjest.usf" 2097
"../../../Engine/Shaders/Private/ScreenSpaceDenoise/SSDCompressMetadata.usf" 2098
"../../../Engine/Shaders/Private/DownsampleDepthPixelShader.usf" 2099
"../../../Engine/Shaders/Private/ScreenPass.usf" 2100
"../../../Engine/Shaders/Private/HZB.usf" 2101
"../../../Engine/Shaders/Private/OcclusionFeedbackShaders.usf" 2102
"../../../Engine/Shaders/Private/HZBOcclusion.usf" 2103
"../../../Engine/Shaders/Private/OcclusionQueryPixelShader.usf" 2104
"../../../Engine/Shaders/Private/OcclusionQueryVertexShader.usf" 2105
"../../../Engine/Shaders/Private/HitProxyPixelShader.usf" 2106
"../../../Engine/Shaders/Private/HitProxyVertexShader.usf" 2107
"../../../Engine/Shaders/Private/SceneCapturePixelShader.usf" 2108
"../../../Engine/Shaders/Private/RTWriteMaskDecode.usf" 2109
"../../../Engine/Shaders/Private/ReflectionEnvironmentShaders.usf" 2110
"../../../Engine/Shaders/Private/RectLightAtlas.usf" 2111
"../../../Engine/Shaders/Private/RayTracing/TraceRayInlineStatistics.usf" 2112
"../../../Engine/Shaders/Private/RayTracing/TraceRayInlineCommon.ush" 2113
"../../../Engine/Shaders/Private/RayTracing/VisualizeSkyLightMipTreePS.usf" 2114
"../../../Engine/Shaders/Private/RayTracing/MipTreeCommon.ush" 2115
"../../../Engine/Shaders/Private/RayTracing/CompositeSkyLightPS.usf" 2116
"../../../Engine/Shaders/Private/RayTracing/GenerateSkyLightVisibilityRaysCS.usf" 2117
"../../../Engine/Shaders/Private/RayTracing/RayTracingSkyLightCommon.ush" 2118
"../../../Engine/Shaders/Private/RayTracing/SkyLightVisibilityRaysData.ush" 2119
"../../../Engine/Shaders/Private/Raytracing/RaytracingSkylightRGS.usf" 2120
"../../../Engine/Shaders/Private/HairStrands/HairStrandsRaytracing.ush" 2121
"../../../Engine/Shaders/Private/Raytracing/RayTracingSkyLightEvaluation.ush" 2122
"../../../Engine/Shaders/Private/Raytracing/RayTracingDeferredShadingCommon.ush" 2123
"../../../Engine/Shaders/Private/RayTracing/RayTracingOcclusionRGS.usf" 2124
"../../../Engine/Shaders/Private/RayTracing/RayTracingDirectionalLight.ush" 2125
"../../../Engine/Shaders/Private/RayTracing/RayTracingRectLight.ush" 2126
"../../../Engine/Shaders/Private/RayTracing/RayTracingSphereLight.ush" 2127
"../../../Engine/Shaders/Private/RayTracing/RayTracingCapsuleLight.ush" 2128
"../../../Engine/Shaders/Private/RayTracing/SplitImaginaryReflectionGBufferCS.usf" 2129
"../../../Engine/Shaders/Private/RayTracing/RayTracingReflectionsCommon.ush" 2130
"../../../Engine/Shaders/Private/RayTracing/RayTracingReflections.usf" 2131
"../../../Engine/Shaders/Private/RayTracing/RayTracingLightingCommon.ush" 2132
"../../../Engine/Shaders/Private/RayTracing/RayTracingLightCullingCommon.ush" 2133
"../../../Engine/Shaders/Private/RayTracing/RayTracingReflectionEnvironment.ush" 2134
"../../../Engine/Shaders/Private/RayTracing/RayTracingPrimaryRays.usf" 2135
"../../../Engine/Shaders/Private/RayTracing/RayTracingMaterialDefaultHitShaders.usf" 2136
"../../../Engine/Shaders/Private/RayTracing/RayTracingMaterialHitShaders.usf" 2137
"../../../Engine/Shaders/Private/RayTracing/RayTracingCalcInterpolants.ush" 2138
"../../../Engine/Shaders/Private/LightmapCommon.ush" 2139
"../../../Engine/Shaders/Private/Lumen/LumenHardwareRayTracingPayloadCommon.ush" 2140
"../../../Engine/Shaders/Private/Strata/StrataExport.ush" 2141
"../../../Engine/Shaders/Private/RayTracing/RayTracingLightingMS.usf" 2142
"../../../Engine/Shaders/Private/RayTracing/RayTracingLightFunctionCommon.ush" 2143
"../../../Engine/Shaders/Private/RayTracing/GenerateCulledLightListCS.usf" 2144
"../../../Engine/Shaders/Private/Raytracing/RayTracingInstanceBufferUtil.usf" 2145
"../../../Engine/Shaders/Private/RayTracing/RayTracingFinalGatherRGS.usf" 2146
"../../../Engine/Shaders/Private/RayTracing/RayTracingGatherPoints.ush" 2147
"../../../Engine/Shaders/Private/PathTracing/Light/PathTracingLightSampling.ush" 2148
"../../../Engine/Shaders/Private/PathTracing/Light/PathTracingLightCommon.ush" 2149
"../../../Engine/Shaders/Shared/RayTracingTypes.h" 2150
"../../../Engine/Shaders/Private/PathTracing/Light/PathTracingDirectionalLight.ush" 2151
"../../../Engine/Shaders/Private/PathTracing/Light/PathTracingPointLight.ush" 2152
"../../../Engine/Shaders/Private/PathTracing/Light/PathTracingCapsuleLight.ush" 2153
"../../../Engine/Shaders/Private/PathTracing/Light/PathTracingRectLight.ush" 2154
"../../../Engine/Shaders/Private/PathTracing/Light/PathTracingSkyLight.ush" 2155
"../../../Engine/Shaders/Private/PathTracing/Light/PathTracingSpotLight.ush" 2156
"../../../Engine/Shaders/Private/RayTracing/RayTracingCreateGatherPointsRGS.usf" 2157
"../../../Engine/Shaders/Private/RayTracing/RayTracingGlobalIlluminationRGS.usf" 2158
"../../../Engine/Shaders/Private/RayTracing/RayTracingDynamicMesh.usf" 2159
"../../../Engine/Shaders/Private/RayTracing/RayTracingDeferredReflections.usf" 2160
"../../../Engine/Shaders/Private/RayTracing/RayTracingDeferredMaterials.ush" 2161
"../../../Engine/Shaders/Shared/ThirdParty/AMD/ags_shader_intrinsics_dx12.h" 2162
"../../../Engine/Shaders/Private/RayTracing/RayTracingDeferredReflections.ush" 2163
"../../../Engine/Shaders/Private/RayTracing/RayTracingReflectionResolve.usf" 2164
"../../../Engine/Shaders/Private/RayTracing/RayTracingReflectionsGenerateRaysCS.usf" 2165
"../../../Engine/Shaders/Private/RayTracing/MaterialSort.usf" 2166
"../../../Engine/Shaders/Private/RayTracing/RayTracingDeferredMaterials.usf" 2167
"../../../Engine/Shaders/Private/RayTracing/RayTracingDefaultDecalHitShader.usf" 2168
"../../../Engine/Shaders/Private/RayTracing/RayTracingDecalMaterialShader.usf" 2169
"../../../Engine/Shaders/Private/RayTracing/RayTracingBuildDecalGrid.usf" 2170
"../../../Engine/Shaders/Private/RayTracing/RayTracingDebugInstanceOverlap.usf" 2171
"../../../Engine/Shaders/Private/RayTracing/RayTracingDebugPicking.usf" 2172
"../../../Engine/Shaders/Private/RayTracing/RayTracingDebugUtils.ush" 2173
"../../../Engine/Shaders/Shared/RayTracingDebugTypes.h" 2174
"../../../Engine/Shaders/Private/RayTracing/RayTracingDebugTraversal.usf" 2175
"../../../Engine/Shaders/Private/Nanite/NaniteRayTrace.ush" 2176
"../../../Engine/Shaders/Shared/ThirdParty/RayTriangleIntersection.h" 2177
"../../../Engine/Shaders/Shared/RayTracingDebugDefinitions.h" 2178
"../../../Engine/Shaders/Private/RayTracing/TraceRayInline.ush" 2179
"../../../Engine/Shaders/Private/RayTracing/TraceRayInlineVulkan.ush" 2180
"../../../Engine/Shaders/Private/RayTracing/TraceRayInlineMetal.ush" 2181
"../../../Engine/Shaders/Private/RayTracing/RayTracingDebugMS.usf" 2182
"../../../Engine/Shaders/Private/RayTracing/RayTracingDebugCHS.usf" 2183
"../../../Engine/Shaders/Private/RayTracing/RayTracingDebug.usf" 2184
"../../../Engine/Shaders/Private/RayTracing/RayTracingBuiltInShaders.usf" 2185
"../../../Engine/Shaders/Private/RayTracing/RayTracingBarycentrics.usf" 2186
"../../../Engine/Shaders/Private/RayTracing/RayTracingAmbientOcclusionRGS.usf" 2187
"../../../Engine/Shaders/Private/VisualizeShadingModels.usf" 2188
"../../../Engine/Shaders/Private/PostProcessCommon.ush" 2189
"../../../Engine/Shaders/Private/MotionBlur/VisualizeMotionVectors.usf" 2190
"../../../Engine/Shaders/Private/TemporalSuperResolution/TSRDebugHistory.usf" 2191
"../../../Engine/Shaders/Private/TemporalSuperResolution/TSRCommon.ush" 2192
"../../../Engine/Shaders/Public/DualPixelVectorization.ush" 2193
"../../../Engine/Shaders/Private/TemporalSuperResolution/TSRResolveHistory.usf" 2194
"../../../Engine/Shaders/Private/TemporalSuperResolution/TSRUpdateHistory.usf" 2195
"../../../Engine/Shaders/Private/TemporalSuperResolution/TSRFilterAntiAliasing.usf" 2196
"../../../Engine/Shaders/Private/TemporalSuperResolution/TSRSpatialAntiAliasing.usf" 2197
"../../../Engine/Shaders/Private/TemporalSuperResolution/TSRRejectShading.usf" 2198
"../../../Engine/Shaders/Public/LaneVectorization.ush" 2199
"../../../Engine/Shaders/Private/TemporalSuperResolution/TSRCompareTranslucency.usf" 2200
"../../../Engine/Shaders/Private/TemporalSuperResolution/TSRDecimateHistory.usf" 2201
"../../../Engine/Shaders/Private/TemporalSuperResolution/TSRDilateVelocity.usf" 2202
"../../../Engine/Shaders/Private/MotionBlur/MotionBlurVelocityFlatten.ush" 2203
"../../../Engine/Shaders/Private/MotionBlur/MotionBlurCommon.ush" 2204
"../../../Engine/Shaders/Private/TemporalSuperResolution/TSRForwardScatterDepth.usf" 2205
"../../../Engine/Shaders/Private/TemporalSuperResolution/TSRClearPrevTextures.usf" 2206
"../../../Engine/Shaders/Private/TemporalSuperResolution/TSRComputeMoireLuma.usf" 2207
"../../../Engine/Shaders/Private/TemporalAA.usf" 2208
"../../../Engine/Shaders/Private/FilterPixelShader.usf" 2209
"../../../Engine/Shaders/Private/FilterVertexShader.usf" 2210
"../../../Engine/Shaders/Private/PostProcessVisualizeBuffer.usf" 2211
"../../../Engine/Shaders/Private/PostProcessVisualizeLocalExposure.usf" 2212
"../../../Engine/Shaders/Private/PostProcessHistogramCommon.ush" 2213
"../../../Engine/Shaders/Private/PostProcessVisualizeLevelInstance.usf" 2214
"../../../Engine/Shaders/Private/PostProcessVisualizeHDR.usf" 2215
"../../../Engine/Shaders/Private/ShaderComplexityApplyPixelShader.usf" 2216
"../../../Engine/Shaders/Private/QuadOverdraw.ush" 2217
"../../../Engine/Shaders/Private/PostProcessUpscale.usf" 2218
"../../../Engine/Shaders/Private/PostProcessTonemap.usf" 2219
"../../../Engine/Shaders/Private/PostProcessing/FilmGrainPackConstants.usf" 2220
"../../../Engine/Shaders/Private/PostProcessing/FilmGrainReduce.usf" 2221
"../../../Engine/Shaders/Private/PostProcessTestImage.usf" 2222
"../../../Engine/Shaders/Private/PostProcessSubsurface.usf" 2223
"../../../Engine/Shaders/Private/SeparableSSS.ush" 2224
"../../../Engine/Shaders/Private/SubsurfaceBurleyNormalized.ush" 2225
"../../../Engine/Shaders/Private/PostProcessSelectionOutline.usf" 2226
"../../../Engine/Shaders/Private/PostProcessPixelProjectedReflectionMobile.usf" 2227
"../../../Engine/Shaders/Private/MotionBlur/MotionBlurVisualize.usf" 2228
"../../../Engine/Shaders/Private/MotionBlur/MotionBlurApply.usf" 2229
"../../../Engine/Shaders/Private/MotionBlur/MotionBlurFilterTileClassify.usf" 2230
"../../../Engine/Shaders/Private/MotionBlur/MotionBlurTileScatter.usf" 2231
"../../../Engine/Shaders/Private/MotionBlur/MotionBlurTileGather.usf" 2232
"../../../Engine/Shaders/Private/MotionBlur/MotionBlurVelocityFlatten.usf" 2233
"../../../Engine/Shaders/Private/PostProcessMobile.usf" 2234
"../../../Engine/Shaders/Private/PostProcessMitchellNetravali.usf" 2235
"../../../Engine/Shaders/Private/PostProcessMaterialShaders.usf" 2236
"../../../Engine/Shaders/Private/PostProcessLocalExposure.usf" 2237
"../../../Engine/Shaders/Private/PostProcessLensFlares.usf" 2238
"../../../Engine/Shaders/Private/PostProcessHMD.usf" 2239
"../../../Engine/Shaders/Private/Histogram.usf" 2240
"../../../Engine/Shaders/Private/PostProcessHistogramReduce.usf" 2241
"../../../Engine/Shaders/Private/PostProcessHistogram.usf" 2242
"../../../Engine/Shaders/Private/PostProcessGBufferHints.usf" 2243
"../../../Engine/Shaders/Private/Bloom/BloomFinalizeApplyConstants.usf" 2244
"../../../Engine/Shaders/Private/Bloom/BloomCommon.ush" 2245
"../../../Engine/Shaders/Private/Bloom/BloomResizeKernel.usf" 2246
"../../../Engine/Shaders/Private/Bloom/BloomClampKernel.usf" 2247
"../../../Engine/Shaders/Private/Bloom/BloomPackKernelConstants.usf" 2248
"../../../Engine/Shaders/Private/Bloom/BloomSumScatterDispersionEnergy.usf" 2249
"../../../Engine/Shaders/Private/Bloom/BloomReduceKernelSurvey.usf" 2250
"../../../Engine/Shaders/Private/Bloom/BloomSurveyKernelCenterEnergy.usf" 2251
"../../../Engine/Shaders/Private/Bloom/BloomSurveyMaxScatterDispersion.usf" 2252
"../../../Engine/Shaders/Private/Bloom/BloomFindKernelCenter.usf" 2253
"../../../Engine/Shaders/Private/PostProcessEyeAdaptation.usf" 2254
"../../../Engine/Shaders/Private/PostProcessDownsample.usf" 2255
"../../../Engine/Shaders/Private/PostProcessDOF.usf" 2256
"../../../Engine/Shaders/Private/PostProcessDeviceEncodingOnly.usf" 2257
"../../../Engine/Shaders/Private/PostProcessCompositeEditorPrimitives.usf" 2258
"../../../Engine/Shaders/Private/PostProcessCombineLUTs.usf" 2259
"../../../Engine/Shaders/Private/PostProcessVisualizeDOF.usf" 2260
"../../../Engine/Shaders/Private/PostProcessBloom.usf" 2261
"../../../Engine/Shaders/Private/PostProcessAmbientOcclusionMobile.usf" 2262
"../../../Engine/Shaders/Private/PostProcessAmbientOcclusionCommon.ush" 2263
"../../../Engine/Shaders/Private/FXAAShader.usf" 2264
"../../../Engine/Shaders/Private/Fxaa3_11.ush" 2265
"../../../Engine/Shaders/Private/DiaphragmDOF/DOFRecombine.usf" 2266
"../../../Engine/Shaders/Private/DiaphragmDOF/DOFCommon.ush" 2267
"../../../Engine/Shaders/Private/DiaphragmDOF/DOFHybridScatterPixelShader.usf" 2268
"../../../Engine/Shaders/Private/DiaphragmDOF/DOFHybridScatterCommon.ush" 2269
"../../../Engine/Shaders/Private/DiaphragmDOF/DOFHybridScatterVertexShader.usf" 2270
"../../../Engine/Shaders/Private/DiaphragmDOF/DOFPostfiltering.usf" 2271
"../../../Engine/Shaders/Private/DiaphragmDOF/DOFGatherTileSuggest.ush" 2272
"../../../Engine/Shaders/Private/DiaphragmDOF/DOFCocTileCommon.ush" 2273
"../../../Engine/Shaders/Private/DiaphragmDOF/DOFGatherPass.usf" 2274
"../../../Engine/Shaders/Private/DiaphragmDOF/DOFGatherCommon.ush" 2275
"../../../Engine/Shaders/Private/DiaphragmDOF/DOFGatherAccumulator.ush" 2276
"../../../Engine/Shaders/Private/DiaphragmDOF/DOFGatherKernel.ush" 2277
"../../../Engine/Shaders/Private/DiaphragmDOF/DOFBokehLUT.usf" 2278
"../../../Engine/Shaders/Private/DiaphragmDOF/DOFHybridScatterCompilation.usf" 2279
"../../../Engine/Shaders/Private/DiaphragmDOF/DOFReduce.usf" 2280
"../../../Engine/Shaders/Private/DiaphragmDOF/DOFDownsample.ush" 2281
"../../../Engine/Shaders/Private/DiaphragmDOF/DOFHybridScatterCompilation.ush" 2282
"../../../Engine/Shaders/Private/DiaphragmDOF/DOFDownsample.usf" 2283
"../../../Engine/Shaders/Private/DiaphragmDOF/DOFCocTileDilate.usf" 2284
"../../../Engine/Shaders/Private/DiaphragmDOF/DOFCocTileFlatten.usf" 2285
"../../../Engine/Shaders/Private/DiaphragmDOF/DOFSetup.usf" 2286
"../../../Engine/Shaders/Private/PlanarReflectionShaders.usf" 2287
"../../../Engine/Shaders/Private/PlanarReflectionShared.ush" 2288
"../../../Engine/Shaders/Private/PhysicsFieldVisualizer.usf" 2289
"../../../Engine/Shaders/Private/PathTracing/PathTracingSpatialTemporalDenoising.usf" 2290
"../../../Engine/Shaders/Private/ColorDifference.ush" 2291
"../../../Engine/Shaders/Private/PathTracing/PathTracingCompositingPixelShader.usf" 2292
"../../../Engine/Shaders/Private/PathTracing/PathTracingDefaultHitShader.usf" 2293
"../../../Engine/Shaders/Private/PathTracing/PathTracingCommon.ush" 2294
"../../../Engine/Shaders/Private/PathTracing/Material/PathTracingMaterialCommon.ush" 2295
"../../../Engine/Shaders/Private/PathTracing/PathTracingMaterialHitShader.usf" 2296
"../../../Engine/Shaders/Private/PathTracing/PathTracingShaderUtils.ush" 2297
"../../../Engine/Shaders/Private/PathTracing/Material/PathTracingThinGlass.ush" 2298
"../../../Engine/Shaders/Private/PathTracing/Material/PathTracingEnergyConservation.ush" 2299
"../../../Engine/Shaders/Private/PathTracing/PathTracingLightingMissShader.usf" 2300
"../../../Engine/Shaders/Private/PathTracing/PathTracingMissShader.usf" 2301
"../../../Engine/Shaders/Private/PathTracing/PathTracingBuildAtmosphereLUT.usf" 2302
"../../../Engine/Shaders/Private/PathTracing/Volume/PathTracingAtmosphereCommon.ush" 2303
"../../../Engine/Shaders/Private/PathTracing/PathTracingSwizzleScanlines.usf" 2304
"../../../Engine/Shaders/Private/PathTracing/PathTracingInitExtinctionCoefficient.usf" 2305
"../../../Engine/Shaders/Private/PathTracing/PathTracing.usf" 2306
"../../../Engine/Shaders/Private/PathTracing/PathTracingCore.ush" 2307
"../../../Engine/Shaders/Private/RayTracing/RayTracingDecalGrid.ush" 2308
"../../../Engine/Shaders/Private/PathTracing/Utilities/PathTracingRIS.ush" 2309
"../../../Engine/Shaders/Private/PathTracing/Light/PathTracingLightGrid.ush" 2310
"../../../Engine/Shaders/Private/PathTracing/Material/PathTracingMaterialSampling.ush" 2311
"../../../Engine/Shaders/Private/PathTracing/Material/PathTracingLambert.ush" 2312
"../../../Engine/Shaders/Private/PathTracing/Material/PathTracingSolidGlass.ush" 2313
"../../../Engine/Shaders/Private/PathTracing/Material/PathTracingDefaultLit.ush" 2314
"../../../Engine/Shaders/Private/PathTracing/Material/PathTracingClearCoat.ush" 2315
"../../../Engine/Shaders/Private/PathTracing/Material/PathTracingTwoSidedFoliage.ush" 2316
"../../../Engine/Shaders/Private/PathTracing/Material/PathTracingCloth.ush" 2317
"../../../Engine/Shaders/Private/PathTracing/Material/PathTracingSubsurfaceProfile.ush" 2318
"../../../Engine/Shaders/Private/PathTracing/Material/PathTracingEye.ush" 2319
"../../../Engine/Shaders/Private/PathTracing/Material/PathTracingHair.ush" 2320
"../../../Engine/Shaders/Private/PathTracing/Material/PathTracingMedium.ush" 2321
"../../../Engine/Shaders/Private/PathTracing/Volume/PathTracingVolume.ush" 2322
"../../../Engine/Shaders/Private/PathTracing/Volume/PathTracingVolumeCommon.ush" 2323
"../../../Engine/Shaders/Private/PathTracing/Volume/PathTracingAtmosphere.ush" 2324
"../../../Engine/Shaders/Private/DoubleWordMath.ush" 2325
"../../../Engine/Shaders/Private/PathTracing/Volume/PathTracingFog.ush" 2326
"../../../Engine/Shaders/Private/PathTracing/Volume/PathTracingVolumeSampling.ush" 2327
"../../../Engine/Shaders/Private/PathTracing/PathTracingBuildLightGrid.usf" 2328
"../../../Engine/Shaders/Private/PathTracing/PathTracingSkylightMISCompensation.usf" 2329
"../../../Engine/Shaders/Private/PathTracing/PathTracingSkylightPrepare.usf" 2330
"../../../Engine/Shaders/Private/OIT/OITSorting.usf" 2331
"../../../Engine/Shaders/Private/OITCombine.usf" 2332
"../../../Engine/Shaders/Private/OITCommon.ush" 2333
"../../../Engine/Shaders/Private/Nanite/NaniteDebugViews.usf" 2334
"../../../Engine/Shaders/Private/Nanite/NaniteDepthDecode.usf" 2335
"../../../Engine/Shaders/Private/HTileEncoding.ush" 2336
"../../../Engine/Shaders/Private/Nanite/NaniteMaterialComplexity.usf" 2337
"../../../Engine/Shaders/Private/Nanite/NaniteVisualize.usf" 2338
"../../../Engine/Shaders/Private/Nanite/NaniteStreamOut.usf" 2339
"../../../Engine/Shaders/Private/Nanite/NaniteMaterialCulling.usf" 2340
"../../../Engine/Shaders/Private/Nanite/NaniteDepthExport.usf" 2341
"../../../Engine/Shaders/Private/Nanite/NaniteExportGBuffer.usf" 2342
"../../../Engine/Shaders/Private/Nanite/NaniteRasterizer.usf" 2343
"../../../Engine/Shaders/Private/Nanite/NaniteRasterizationCommon.ush" 2344
"../../../Engine/Shaders/Private/Nanite/NaniteRasterizer.ush" 2345
"../../../Engine/Shaders/Private/Nanite/NaniteWritePixel.ush" 2346
"../../../Engine/Shaders/Private/Nanite/NaniteTessellation.ush" 2347
"../../../Engine/Shaders/Private/WorkDistribution.ush" 2348
"../../../Engine/Shaders/Private/Nanite/NaniteRasterBinning.usf" 2349
"../../../Engine/Shaders/Private/Nanite/NaniteInstanceCulling.usf" 2350
"../../../Engine/Shaders/Private/Nanite/NaniteImposter.ush" 2351
"../../../Engine/Shaders/Private/Nanite/NanitePrimitiveFilter.usf" 2352
"../../../Engine/Shaders/Private/Nanite/NaniteRasterClear.usf" 2353
"../../../Engine/Shaders/Private/Nanite/NanitePrintStats.usf" 2354
"../../../Engine/Shaders/Private/Nanite/NaniteEmitShadow.usf" 2355
"../../../Engine/Shaders/Private/MobileDeferredUtils.usf" 2356
"../../../Engine/Shaders/Private/MobileFog.usf" 2357
"../../../Engine/Shaders/Private/DistortApplyScreenPS.usf" 2358
"../../../Engine/Shaders/Private/MobileDeferredShading.usf" 2359
"../../../Engine/Shaders/Private/MobileLightingCommon.ush" 2360
"../../../Engine/Shaders/Private/MobileBasePassPixelShader.usf" 2361
"../../../Engine/Shaders/Private/MobileBasePassCommon.ush" 2362
"../../../Engine/Shaders/Private/BasePassCommon.ush" 2363
"../../../Engine/Shaders/Private/ShadingModelsMaterial.ush" 2364
"../../../Engine/Shaders/Private/ThinTranslucentCommon.ush" 2365
"../../../Engine/Shaders/Private/SingleLayerWaterShading.ush" 2366
"../../../Engine/Shaders/Private/DistortionCommon.ush" 2367
"../../../Engine/Shaders/Private/Strata/StrataMobileForwardLighting.ush" 2368
"../../../Engine/Shaders/Private/MobileBasePassVertexShader.usf" 2369
"../../../Engine/Shaders/Private/Lumen/LumenVisualizeRadianceCache.usf" 2370
"../../../Engine/Shaders/Private/Lumen/LumenRadianceCacheCommon.ush" 2371
"../../../Engine/Shaders/Private/Lumen/LumenVisualizeHardwareRayTracing.usf" 2372
"../../../Engine/Shaders/Private/Lumen/LumenCardCommon.ush" 2373
"../../../Engine/Shaders/Private/Lumen/LumenTracingCommon.ush" 2374
"../../../Engine/Shaders/Private/DistanceField/GlobalDistanceFieldUtils.ush" 2375
"../../../Engine/Shaders/Private/DistanceField/GlobalDistanceFieldObjectGrid.ush" 2376
"../../../Engine/Shaders/Private/DistanceFieldLightingShared.ush" 2377
"../../../Engine/Shaders/Private/Lumen/SurfaceCache/LumenSurfaceCacheSampling.ush" 2378
"../../../Engine/Shaders/Private/Lumen/SurfaceCache/LumenSurfaceCache.ush" 2379
"../../../Engine/Shaders/Private/Lumen/LumenVisualize.ush" 2380
"../../../Engine/Shaders/Private/Lumen/LumenHardwareRayTracingCommon.ush" 2381
"../../../Engine/Shaders/Private/Lumen/LumenHardwareRayTracingPipelineCommon.ush" 2382
"../../../Engine/Shaders/Private/Lumen/LumenHardwareRayTracingPlatformCommon.ush" 2383
"../../../Engine/Shaders/Private/Lumen/LumenHairTracing.ush" 2384
"../../../Engine/Shaders/Private/Lumen/LumenFog.ush" 2385
"../../../Engine/Shaders/Private/Lumen/LumenVisualize.usf" 2386
"../../../Engine/Shaders/Private/Lumen/LumenVisualizeTraces.ush" 2387
"../../../Engine/Shaders/Private/Lumen/LumenTranslucencyVolumeLighting.usf" 2388
"../../../Engine/Shaders/Private/Lumen/LumenRadianceCacheMarkCommon.ush" 2389
"../../../Engine/Shaders/Private/Lumen/LumenTranslucencyVolumeLightingShared.ush" 2390
"../../../Engine/Shaders/Private/Lumen/LumenScreenProbeCommon.ush" 2391
"../../../Engine/Shaders/Private/Lumen/LumenTranslucencyVolumeHardwareRayTracing.usf" 2392
"../../../Engine/Shaders/Private/Lumen/LumenTranslucencyRadianceCacheMarkShaders.usf" 2393
"../../../Engine/Shaders/Private/Lumen/SurfaceCache/LumenSurfaceCacheFeedback.usf" 2394
"../../../Engine/Shaders/Private/Lumen/SurfaceCache/LumenSurfaceCache.usf" 2395
"../../../Engine/Shaders/Private/Lumen/LumenShortRangeAOHardwareRayTracing.usf" 2396
"../../../Engine/Shaders/Private/Lumen/LumenMaterial.ush" 2397
"../../../Engine/Shaders/Private/Lumen/LumenScreenSpaceBentNormal.usf" 2398
"../../../Engine/Shaders/Private/Lumen/LumenScreenTracing.ush" 2399
"../../../Engine/Shaders/Private/Lumen/LumenScreenProbeTracing.usf" 2400
"../../../Engine/Shaders/Private/Lumen/LumenScreenProbeTracingCommon.ush" 2401
"../../../Engine/Shaders/Private/Lumen/LumenScreenProbeImportanceSampling.usf" 2402
"../../../Engine/Shaders/Private/Lumen/LumenScreenProbeImportanceSamplingShared.ush" 2403
"../../../Engine/Shaders/Private/Lumen/LumenScreenProbeHardwareRayTracing.usf" 2404
"../../../Engine/Shaders/Private/Lumen/LumenScreenProbeGather.usf" 2405
"../../../Engine/Shaders/Private/Lumen/LumenScreenSpaceBentNormal.ush" 2406
"../../../Engine/Shaders/Private/Lumen/LumenReflectionsCombine.ush" 2407
"../../../Engine/Shaders/Private/Lumen/LumenScreenProbeLightSampling.usf" 2408
"../../../Engine/Shaders/Private/Lumen/LumenScreenProbeFiltering.usf" 2409
"../../../Engine/Shaders/Private/Lumen/LumenSceneLighting.usf" 2410
"../../../Engine/Shaders/Private/Lumen/LumenCardTile.ush" 2411
"../../../Engine/Shaders/Private/Lumen/LumenSceneLighting.ush" 2412
"../../../Engine/Shaders/Private/Lumen/Radiosity/LumenRadiosity.ush" 2413
"../../../Engine/Shaders/Private/Lumen/LumenCardPixelShader.usf" 2414
"../../../Engine/Shaders/Private/Lumen/LumenCardVertexShader.usf" 2415
"../../../Engine/Shaders/Private/Lumen/LumenSceneLightingDebug.usf" 2416
"../../../Engine/Shaders/Private/Lumen/LumenSceneDirectLightingHardwareRayTracing.usf" 2417
"../../../Engine/Shaders/Private/Lumen/LumenReflectionCommon.ush" 2418
"../../../Engine/Shaders/Private/Lumen/LumenSceneDirectLighting.ush" 2419
"../../../Engine/Shaders/Private/Lumen/LumenSceneDirectLightingSoftwareRayTracing.usf" 2420
"../../../Engine/Shaders/Private/DistanceFieldShadowingShared.ush" 2421
"../../../Engine/Shaders/Private/Lumen/LumenSceneDirectLightingPerLightShadowCommon.ush" 2422
"../../../Engine/Shaders/Private/Lumen/LumenSceneDirectLightingShadowMask.usf" 2423
"../../../Engine/Shaders/Private/Lumen/LumenSceneDirectLighting.usf" 2424
"../../../Engine/Shaders/Private/Lumen/LumenSceneDirectLightingCulling.usf" 2425
"../../../Engine/Shaders/Private/Lumen/LumenReflectionTracing.usf" 2426
"../../../Engine/Shaders/Private/Lumen/LumenReflections.usf" 2427
"../../../Engine/Shaders/Private/Lumen/LumenReflectionHardwareRayTracing.usf" 2428
"../../../Engine/Shaders/Private/Lumen/Radiosity/LumenVisualizeRadiosityProbes.usf" 2429
"../../../Engine/Shaders/Private/Lumen/Radiosity/LumenRadiosity.usf" 2430
"../../../Engine/Shaders/Private/RayTracing/RayGenUtils.ush" 2431
"../../../Engine/Shaders/Private/Lumen/Radiosity/LumenRadiosityHardwareRayTracing.usf" 2432
"../../../Engine/Shaders/Private/Lumen/Radiosity/LumenRadiosityCulling.usf" 2433
"../../../Engine/Shaders/Private/Lumen/LumenRadianceCacheHardwareRayTracing.usf" 2434
"../../../Engine/Shaders/Private/Lumen/LumenRadianceCacheTracingCommon.ush" 2435
"../../../Engine/Shaders/Private/Lumen/LumenRadianceCache.usf" 2436
"../../../Engine/Shaders/Private/Lumen/LumenRadianceCacheUpdate.ush" 2437
"../../../Engine/Shaders/Private/Lumen/LumenRadianceCacheDebug.usf" 2438
"../../../Engine/Shaders/Private/Lumen/LumenRadianceCacheUpdate.usf" 2439
"../../../Engine/Shaders/Private/Lumen/LumenMeshSDFCulling.usf" 2440
"../../../Engine/Shaders/Private/HybridIndirectLighting.ush" 2441
"../../../Engine/Shaders/Private/MeshDistanceFieldCommon.ush" 2442
"../../../Engine/Shaders/Private/Lumen/LumenIrradianceFieldGather.usf" 2443
"../../../Engine/Shaders/Private/Lumen/LumenHardwareRayTracingMaterials.usf" 2444
"../../../Engine/Shaders/Private/Lumen/LumenHardwareRayTracingPipeline.usf" 2445
"../../../Engine/Shaders/Private/Lumen/LumenFrontLayerTranslucency.usf" 2446
"../../../Engine/Shaders/Private/LightShaftShader.usf" 2447
"../../../Engine/Shaders/Private/StationaryLightOverlapShaders.usf" 2448
"../../../Engine/Shaders/Private/DeferredLightPixelShaders.usf" 2449
"../../../Engine/Shaders/Private/HairStrands/HairStrandsVisibilityUtils.ush" 2450
"../../../Engine/Shaders/Private/DeferredLightVertexShaders.usf" 2451
"../../../Engine/Shaders/Private/LightMapDensityShader.usf" 2452
"../../../Engine/Shaders/Private/LightGridInjection.usf" 2453
"../../../Engine/Shaders/Private/LightFunctionPixelShader.usf" 2454
"../../../Engine/Shaders/Private/LightFunctionVertexShader.usf" 2455
"../../../Engine/Shaders/Private/InstanceCulling/BuildInstanceDrawCommands.usf" 2456
"../../../Engine/Shaders/Private/InstanceCulling/InstanceCompactionCommon.ush" 2457
"../../../Engine/Shaders/Private/InstanceCulling/CompactVisibleInstances.usf" 2458
"../../../Engine/Shaders/Private/ThreadGroupPrefixSum.ush" 2459
"../../../Engine/Shaders/Private/ReflectionEnvironmentPixelShader.usf" 2460
"../../../Engine/Shaders/Private/Strata/StrataEnvironmentLighting.ush" 2461
"../../../Engine/Shaders/Private/AmbientCubemapComposite.usf" 2462
"../../../Engine/Shaders/Private/DiffuseIndirectComposite.usf" 2463
"../../../Engine/Shaders/Private/IESAtlas.usf" 2464
"../../../Engine/Shaders/Private/HeterogeneousVolumes/HeterogeneousVolumesSparseVoxelPipeline.usf" 2465
"../../../Engine/Shaders/Private/HeterogeneousVolumes/HeterogeneousVolumesSparseVoxelUtils.ush" 2466
"../../../Engine/Shaders/Private/HeterogeneousVolumes/HeterogeneousVolumesSparseVoxelUniformBufferUtils.ush" 2467
"../../../Engine/Shaders/Private/HeterogeneousVolumes/HeterogeneousVolumesPreshadingPipeline.usf" 2468
"../../../Engine/Shaders/Private/HeterogeneousVolumes/HeterogeneousVolumesTracingUtils.ush" 2469
"../../../Engine/Shaders/Private/HeterogeneousVolumes/HeterogeneousVolumesLightingUtils.ush" 2470
"../../../Engine/Shaders/Private/HeterogeneousVolumes/HeterogeneousVolumesRayMarchingUtils.ush" 2471
"../../../Engine/Shaders/Private/HeterogeneousVolumes/HeterogeneousVolumesTransmittanceVolumeUtils.ush" 2472
"../../../Engine/Shaders/Private/HeterogeneousVolumes/HeterogeneousVolumesMaterialBakingPipeline.usf" 2473
"../../../Engine/Shaders/Private/HeterogeneousVolumes/HeterogeneousVolumesLiveShadingUtils.ush" 2474
"../../../Engine/Shaders/Private/HeterogeneousVolumes/HeterogeneousVolumesLiveShadingPipeline.usf" 2475
"../../../Engine/Shaders/Private/HeterogeneousVolumes/HeterogeneousVolumesHardwareRayTracing.usf" 2476
"../../../Engine/Shaders/Private/HeterogeneousVolumes/HeterogeneousVolumesComposite.usf" 2477
"../../../Engine/Shaders/Private/HdrCustomResolveShaders.usf" 2478
"../../../Engine/Shaders/Private/HairStrands/HairStrandsVoxelMip.usf" 2479
"../../../Engine/Shaders/Private/HairStrands/HairStrandsVoxelRasterCompute.usf" 2480
"../../../Engine/Shaders/Private/HairStrands/HairStrandsClusterCommon.ush" 2481
"../../../Engine/Shaders/Private/HairStrands/HairStrandsVoxelPageAllocation.usf" 2482
"../../../Engine/Shaders/Private/Matrices.ush" 2483
"../../../Engine/Shaders/Private/HairStrands/HairStrandsAABBCommon.ush" 2484
"../../../Engine/Shaders/Private/HairStrands/HairStrandsVoxelOpaque.usf" 2485
"../../../Engine/Shaders/Private/HairStrands/HairStrandsRaytracingGeometry.usf" 2486
"../../../Engine/Shaders/Private/HairStrands/HairStrandsHitProxy.usf" 2487
"../../../Engine/Shaders/Private/HairStrands/HairStrandsVisibilityRasterComputeNaive.usf" 2488
"../../../Engine/Shaders/Private/HairStrands/HairStrandsVisibilityRasterHW.usf" 2489
"../../../Engine/Shaders/Private/HairStrands/HairStrandsVisibilityRasterCompute.usf" 2490
"../../../Engine/Shaders/Private/HairStrands/HairStrandsVisibilityRasterClassification.usf" 2491
"../../../Engine/Shaders/Private/HairStrands/HairStrandsCoverage.usf" 2492
"../../../Engine/Shaders/Private/HairStrands/HairStrandsVisibilityDepthPS.usf" 2493
"../../../Engine/Shaders/Private/HairStrands/HairStrandsVisibilityTransmittanceDepthPS.usf" 2494
"../../../Engine/Shaders/Private/HairStrands/HairStrandsVisibilityFillOpaqueDepthPS.usf" 2495
"../../../Engine/Shaders/Private/HairStrands/HairStrandsVisibilityCompactionComputeRaster.usf" 2496
"../../../Engine/Shaders/Private/HairStrands/HairStrandsVisibilityCompaction.usf" 2497
"../../../Engine/Shaders/Private/HairStrands/HairStrandsVisibilityCopyIndirectArg.usf" 2498
"../../../Engine/Shaders/Private/HairStrands/HairStrandsVisibilityClearPS.usf" 2499
"../../../Engine/Shaders/Private/HairStrands/HairStrandsVisibilityPS.usf" 2500
"../../../Engine/Shaders/Private/HairStrands/HairStrandsVisibilityVS.usf" 2501
"../../../Engine/Shaders/Private/HairStrands/HairStrandsVelocity.usf" 2502
"../../../Engine/Shaders/Private/HairStrands/HairStrandsVisibilityComputeSampleCoverage.usf" 2503
"../../../Engine/Shaders/Private/HairStrands/HairStrandsMaterialPS.usf" 2504
"../../../Engine/Shaders/Private/HairStrands/HairStrandsMaterialCommon.ush" 2505
"../../../Engine/Shaders/Private/HairStrands/HairStrandsMaterialVS.usf" 2506
"../../../Engine/Shaders/Private/HairStrands/HairStrandsLightSample.usf" 2507
"../../../Engine/Shaders/Private/HairStrands/HairStrandsDeepShadowMask.usf" 2508
"../../../Engine/Shaders/Private/HairStrands/HairStrandsDeepShadowCommon.ush" 2509
"../../../Engine/Shaders/Private/HairStrands/HairStrandsDeepTransmittanceMask.usf" 2510
"../../../Engine/Shaders/Private/HairStrands/HairStrandsVisibilityTile.usf" 2511
"../../../Engine/Shaders/Private/HairStrands/HairStrandsDeepShadowPS.usf" 2512
"../../../Engine/Shaders/Private/HairStrands/HairStrandsDeepShadowVS.usf" 2513
"../../../Engine/Shaders/Private/HairStrands/HairStrandsLUT.usf" 2514
"../../../Engine/Shaders/Private/HairStrands/HairStrandsForwardRaster.usf" 2515
"../../../Engine/Shaders/Private/HairStrands/HairStrandsForwardCulling.usf" 2516
"../../../Engine/Shaders/Private/HairStrands/HairStrandsEnvironmentLighting.usf" 2517
"../../../Engine/Shaders/Private/HairStrands/HairStrandsDebugCommonStruct.ush" 2518
"../../../Engine/Shaders/Private/HairStrands/HairStrandsEnvironmentAO.usf" 2519
"../../../Engine/Shaders/Private/HairStrands/HairStrandsDeepShadowAllocation.usf" 2520
"../../../Engine/Shaders/Private/HairStrands/HairStrandsVoxelDepthInjection.usf" 2521
"../../../Engine/Shaders/Private/HairStrands/HairStrandsClusterCulling.usf" 2522
"../../../Engine/Shaders/Private/HairStrands/HairStrandsDebug.usf" 2523
"../../../Engine/Shaders/Private/HairStrands/HairStrandsMeshProjectionCommon.ush" 2524
"../../../Engine/Shaders/Private/HairStrands/HairStrandsVoxelPageRayMarching.usf" 2525
"../../../Engine/Shaders/Private/HairStrands/HairStrandsGBufferWrite.usf" 2526
"../../../Engine/Shaders/Private/HairStrands/HairStrandsGBufferCommon.ush" 2527
"../../../Engine/Shaders/Private/HairStrands/HairStrandsVisibilityComposeSubPixelPS.usf" 2528
"../../../Engine/Shaders/Private/HairStrands/HairStrandsAABB.usf" 2529
"../../../Engine/Shaders/Private/GPUScene/GPUSceneDataManagement.usf" 2530
"../../../Engine/Shaders/Private/GPUSceneDebugRender.usf" 2531
"../../../Engine/Shaders/Private/GPUFastFourierTransform.usf" 2532
"../../../Engine/Shaders/Private/GPUFastFourierTransform2DCore.ush" 2533
"../../../Engine/Shaders/Private/GPUFastFourierTransformCore.ush" 2534
"../../../Engine/Shaders/Private/GPUBenchmark.usf" 2535
"../../../Engine/Shaders/Private/DistanceField/GlobalDistanceFieldDebug.usf" 2536
"../../../Engine/Shaders/Private/DistanceField/GlobalDistanceFieldMip.usf" 2537
"../../../Engine/Shaders/Private/DistanceField/GlobalDistanceField.usf" 2538
"../../../Engine/Shaders/Private/DistanceField/GlobalDistanceFieldUpdate.ush" 2539
"../../../Engine/Shaders/Private/DistanceField/GlobalDistanceFieldCompositeObjects.usf" 2540
"../../../Engine/Shaders/Private/DistanceField/GlobalDistanceFieldHeightfields.usf" 2541
"../../../Engine/Shaders/Private/HeightfieldLightingShared.ush" 2542
"../../../Engine/Shaders/Private/GenerateConservativeDepth.usf" 2543
"../../../Engine/Shaders/Private/HeightFogPixelShader.usf" 2544
"../../../Engine/Shaders/Private/HeightFogVertexShader.usf" 2545
"../../../Engine/Shaders/Private/DistortFiltering.usf" 2546
"../../../Engine/Shaders/Private/DistortAccumulatePS.usf" 2547
"../../../Engine/Shaders/Private/DistortAccumulateVS.usf" 2548
"../../../Engine/Shaders/Private/DistanceFieldVisualization.usf" 2549
"../../../Engine/Shaders/Private/DistanceFieldStreaming.usf" 2550
"../../../Engine/Shaders/Private/DistanceFieldShadowing.usf" 2551
"../../../Engine/Shaders/Private/DistanceFieldScreenGridLighting.usf" 2552
"../../../Engine/Shaders/Private/DistanceFieldObjectCulling.usf" 2553
"../../../Engine/Shaders/Private/DistanceFieldLightingPost.usf" 2554
"../../../Engine/Shaders/Private/DitheredTransitionStencil.usf" 2555
"../../../Engine/Shaders/Private/DepthOnlyPixelShader.usf" 2556
"../../../Engine/Shaders/Private/DepthOnlyVertexShader.usf" 2557
"../../../Engine/Shaders/Private/PositionOnlyDepthVertexShader.usf" 2558
"../../../Engine/Shaders/Private/DeferredDecal.usf" 2559
"../../../Engine/Shaders/Private/DecalCommon.ush" 2560
"../../../Engine/Shaders/Private/DebugViewModeVertexShader.usf" 2561
"../../../Engine/Shaders/Private/DebugViewModeCommon.ush" 2562
"../../../Engine/Shaders/Private/DebugViewModePixelShader.usf" 2563
"../../../Engine/Shaders/Private/DebugProbes.usf" 2564
"../../../Engine/Shaders/Private/MeshDecals.usf" 2565
"../../../Engine/Shaders/Private/PostProcessAmbientOcclusion.usf" 2566
"../../../Engine/Shaders/Private/ClusteredDeferredShadingPixelShader.usf" 2567
"../../../Engine/Shaders/Private/ClusteredDeferredShadingVertexShader.usf" 2568
"../../../Engine/Shaders/Private/CapsuleShadowShaders.usf" 2569
"../../../Engine/Shaders/Private/BasePassPixelShader.usf" 2570
"../../../Engine/Shaders/Private/ForwardLightingCommon.ush" 2571
"../../../Engine/Shaders/Private/Strata/StrataForwardLighting.ush" 2572
"../../../Engine/Shaders/Private/ComputeShaderOutputCommon.ush" 2573
"../../../Engine/Shaders/Private/BasePassVertexShader.usf" 2574
"../../../Engine/Shaders/Private/BasePassVertexCommon.ush" 2575
"../../../Engine/Shaders/Private/AnisotropyPassShader.usf" 2576
"../../../Engine/Shaders/Private/SimpleElementVolumeTexturePreviewPixelShader.usf" 2577
"../../../Engine/Shaders/Private/SimpleElementTexture2DPreviewPixelShader.usf" 2578
"../../../Engine/Shaders/Private/meshpaintdilatepixelshader.usf" 2579
"../../../Engine/Shaders/Private/meshpaintdilatevertexshader.usf" 2580
"../../../Engine/Shaders/Private/MeshPaintPixelShader.usf" 2581
"../../../Engine/Shaders/Private/MeshPaintVertexShader.usf" 2582
"../../../Engine/Shaders/Private/Tools/VisualizeTexture.usf" 2583
"../../../Engine/Shaders/Private/ByteBuffer.usf" 2584
"../../../Engine/Shaders/Private/ResolveVertexShader.usf" 2585
"../../../Engine/Shaders/Private/ResolvePixelShader.usf" 2586
"../../../Engine/Shaders/Private/Tools/SetupIndirectArgs.usf" 2587
"../../../Engine/Shaders/Private/Tools/ClearUAV.usf" 2588
"../../../Engine/Shaders/Private/ClearReplacementShaders.usf" 2589
"../../../Engine/Shaders/Private/Tools/DrawTexture.usf" 2590
"../../../Engine/Shaders/Private/RayTracing/RayTracingValidation.usf" 2591
"../../../Engine/Shaders/Private/RenderGraphUtilities.usf" 2592
"../../../Engine/Shaders/Private/OneColorShader.usf" 2593
"../../../Engine/Shaders/Private/OculusShaders.usf" 2594
"../../../Engine/Shaders/Private/MediaShaders.usf" 2595
"../../../Engine/Shaders/Private/GPUMessaging.usf" 2596
"../../../Engine/Shaders/Private/NullPixelShader.usf" 2597
"../../../Engine/Shaders/Private/ComputeGenerateMips.usf" 2598
"../../../Engine/Shaders/Private/Tools/DumpTexture.usf" 2599
"../../../Engine/Shaders/Private/CopyTextureShaders.usf" 2600
"../../../Engine/Shaders/Private/Tools/FullscreenVertexShader.usf" 2601
"../../../Engine/Shaders/Private/RayTracing/RayTracingDispatchDesc.usf" 2602
"../../../Engine/Shaders/Private/Bink.usf" 2603
"../../../../Unreal/LostWaves/Intermediate/ShaderAutogen/PCD3D_SM5/AutogenShaderHeaders.ush" 2604
"D:/UnrealEngine-5.2.1-release/Engine/Plugins/2D/Paper2D/Content/DummySprite.uasset" 2605
"D:/UnrealEngine-5.2.1-release/Engine/Plugins/Animation/ControlRig/Content/StandardFunctionLibrary/StandardFunctionLibrary.uasset" 2606
"D:/UnrealEngine-5.2.1-release/Engine/Plugins/Animation/ControlRigSpline/Content/SplineFunctionLibrary/SplineFunctionLibrary.uasset" 2607
"D:/Unreal/LostWaves/Content/Characters/Mannequin_UE4/Rigs/RTG_UE4Manny_UE5Manny.uasset" 2608
"D:/Unreal/LostWaves/Content/Characters/Mannequin_UE4/Rigs/IK_UE4_Mannequin.uasset" 2609
"D:/Unreal/LostWaves/Content/Characters/Mannequin_UE4/Rigs/RTG_UE5Manny_UE4Manny.uasset" 2610
"D:/UnrealEngine-5.2.1-release/Engine/Plugins/2D/Paper2D/Content/Tutorial/Paper2D/TutorialAssets/TutorialSprite.uasset" 2611
"D:/UnrealEngine-5.2.1-release/Engine/Plugins/2D/Paper2D/Content/Tutorial/Paper2D/TutorialAssets/TutorialFlipBook.uasset" 2612
"D:/Unreal/LostWaves/Content/Characters/Mannequins/Rigs/IK_Mannequin.uasset" 2613
"D:/Unreal/LostWaves/Content/Characters/Mannequins/Rigs/RTG_Mannequin.uasset" 2614
"D:/Unreal/LostWaves/Content/Characters/Mannequins/Rigs/CR_Mannequin_Procedural.uasset" 2615
"D:/Unreal/LostWaves/Content/Characters/Mannequins/Rigs/CR_Mannequin_Body.uasset" 2616
"D:/Unreal/LostWaves/Content/Characters/Mannequins/Rigs/CR_Mannequin_BasicFootIK.uasset" 2617
"../../../Engine/Content/EditorResources/S_Actor.uasset" 2618
"../../../Engine/DerivedDataCache/Buckets/BulkDataList/a1/66/d2859cebdecbf20b55337ac3c48d149ba079.udd" 2619
"../../../../Unreal/LostWaves/Intermediate/ShaderAutogen/PCD3D_ES3_1/AutogenShaderHeaders.ush" 2620
"../../../Engine/Content/EditorResources/S_BoxReflectionCapture.uasset" 2621
"../../../Engine/DerivedDataCache/Buckets/BulkDataList/eb/1d/c0b74c51513e972b0f48720299475bb369c4.udd" 2622
"../../../Engine/Content/EngineResources/DefaultTexture.uasset" 2623
"../../../Engine/DerivedDataCache/Buckets/BulkDataList/db/6e/3957024c3729d804957e0f9e2caff9e68da9.udd" 2624
"../../../Engine/Content/EngineResources/DefaultTextureCube.uasset" 2625
"../../../Engine/DerivedDataCache/Buckets/BulkDataList/2f/ff/5674bf6bc9fdd95062c35cda14ce99889fee.udd" 2626
"../../../Engine/Content/EngineResources/DefaultVolumeTexture.uasset" 2627
"../../../Engine/Content/EngineResources/DefaultVolumeTexture2D.uasset" 2628
"../../../Engine/DerivedDataCache/Buckets/BulkDataList/ee/df/b33ae2e04ffcab30e1fbf5a7cee0fad87cee.udd" 2629
"../../../Engine/DerivedDataCache/Buckets/BulkDataList/c9/74/6b51bb898ac7eeed578334ba403566c2c6da.udd" 2630
"../../../Engine/Content/EngineFonts/RobotoDistanceField.uasset" 2631
"../../../Engine/DerivedDataCache/Buckets/BulkDataList/7f/04/d4f32bf5e444f8226ade8e9dbf9dbd0afcca.udd" 2632
"../../../Engine/Content/EngineMaterials/DefaultTextMaterialOpaque.uasset" 2633
"../../../Engine/Content/Functions/Engine_MaterialFunctions01/Shading/PowerToRoughness.uasset" 2634
"../../../Engine/Content/Functions/Engine_MaterialFunctions01/Shading/ConvertFromDiffSpec.uasset" 2635
"../../../Engine/Content/EngineMaterials/WorldGridMaterial.uasset" 2636
"../../../Engine/Content/Functions/Engine_MaterialFunctions01/Opacity/CameraDepthFade.uasset" 2637
"../../../Engine/Content/EngineMaterials/T_Default_Material_Grid_M.uasset" 2638
"../../../Engine/Content/EngineMaterials/T_Default_Material_Grid_N.uasset" 2639
"../../../Engine/Content/EngineMaterials/DefaultDeferredDecalMaterial.uasset" 2640
"../../../Engine/Content/EngineMaterials/DefaultDiffuse.uasset" 2641
"../../../Engine/Content/EngineMaterials/DefaultLightFunctionMaterial.uasset" 2642
"../../../Engine/Content/EngineMaterials/DefaultPostProcessMaterial.uasset" 2643
"../../../Engine/Content/Functions/Engine_MaterialFunctions02/Utility/BreakOutFloat2Components.uasset" 2644
"../../../Engine/DerivedDataCache/Buckets/BulkDataList/99/83/6defcda4b92170903ba7f1269ddef10d7915.udd" 2645
"../../../Engine/DerivedDataCache/Buckets/BulkDataList/2c/e8/d9b2de216aff96bafa770c1746b54cbbb27d.udd" 2646
"../../../Engine/DerivedDataCache/Buckets/BulkDataList/06/34/9caedcb36bda69a7d286783ed16d05c9c3b4.udd" 2647
"../../../Engine/Content/EditorResources/S_Trigger.uasset" 2648
"../../../Engine/DerivedDataCache/Buckets/BulkDataList/71/3c/00ca0460b9def545fd9b5a251c0c40e9a22a.udd" 2649
"../../../Engine/Content/EditorResources/S_TriggerBox.uasset" 2650
"../../../Engine/DerivedDataCache/Buckets/BulkDataList/dc/51/c0ef9eb45b2fb890920b9f34e277af2c225f.udd" 2651
"../../../Engine/Content/EditorResources/S_TriggerCapsule.uasset" 2652
"../../../Engine/DerivedDataCache/Buckets/BulkDataList/48/b0/0cc857cd208d0e3faf253046de899694d6d2.udd" 2653
"../../../Engine/Content/EditorResources/S_TriggerSphere.uasset" 2654
"../../../Engine/DerivedDataCache/Buckets/BulkDataList/34/df/a421e3b60906dfd466daa9a5ad71140ceae3.udd" 2655
"../../../Engine/Content/EngineDamageTypes/DmgTypeBP_Environmental.uasset" 2656
"../../../Engine/Content/EngineSky/VolumetricClouds/m_SimpleVolumetricCloud_Inst.uasset" 2657
"../../../Engine/Content/EngineSky/VolumetricClouds/m_SimpleVolumetricCloud.uasset" 2658
"../../../Engine/Content/Functions/Engine_MaterialFunctions02/Utility/MakeFloat2.uasset" 2659
"../../../Engine/Content/EngineSky/VolumetricClouds/CloudGradientTexture.uasset" 2660
"../../../Engine/Content/EngineSky/VolumetricClouds/CloudWeatherTexture.uasset" 2661
"../../../Engine/Content/EngineSky/VolumetricClouds/T_VolumeNoiseErosion32.uasset" 2662
"../../../Engine/Content/EngineSky/VolumetricClouds/T_NoiseErosion.uasset" 2663
"../../../Engine/Content/EngineSky/VolumetricClouds/T_VolumeNoiseShape64.uasset" 2664
"../../../Engine/Content/EngineSky/VolumetricClouds/T_NoiseShape64.uasset" 2665
"../../../Engine/DerivedDataCache/Buckets/BulkDataList/9c/bf/38ab5a2ba6d9187f545d473344208bdae464.udd" 2666
"../../../Engine/DerivedDataCache/Buckets/BulkDataList/48/87/8b6ceee8f3141d14eba23a474e86aba5561a.udd" 2667
"../../../Engine/DerivedDataCache/Buckets/BulkDataList/b2/eb/56110df3eb4b84e86f94bb13be9a6c21a250.udd" 2668
"../../../Engine/DerivedDataCache/Buckets/BulkDataList/03/22/3542f0e7c20ed3d792ec75c5497d8f99c18e.udd" 2669
"../../../Engine/DerivedDataCache/Buckets/BulkDataList/4a/fd/74de75385982ea83fcd32b1ed5b6b981a5ec.udd" 2670
"../../../Engine/DerivedDataCache/Buckets/BulkDataList/a9/92/9e79ca0967d9baa15271d36768ce8337d05d.udd" 2671
"../../../Engine/Content/EngineMeshes/Sphere.uasset" 2672
"../../../Engine/DerivedDataCache/Buckets/StaticMesh/75/74/9424a497bbb81c602a446b4adae1748dd9bf.udd" 2673
"../../../Engine/DerivedDataCache/Buckets/LegacyDIST/75/e8/c9014322544db570d6db986da996dd1156cb.udd" 2674
"../../../Engine/DerivedDataCache/Buckets/LegacyCARD/08/f4/36096f331ed9e26211cb46d5220796114c72.udd" 2675
"../../../Engine/DerivedDataCache/Buckets/StaticMesh/56/86/4b851ef058b4f312007108f0efa3f9caad76.udd" 2676
"../../../Engine/DerivedDataCache/Buckets/LegacyDIST/e2/ae/2afa755ff7e9429963f5e52c3b75c8a48fa6.udd" 2677
"../../../Engine/DerivedDataCache/Buckets/LegacyCARD/7a/67/0103309eb61fb439d741408be411ed9e217b.udd" 2678
"../../../Engine/DerivedDataCache/Buckets/LegacyNavCollision/1a/ea/6b0e8fab9d1212ee8db58df061bb0b14406b.udd" 2679
"../../../Engine/Content/EngineResources/WhiteSquareTexture.uasset" 2680
"../../../Engine/DerivedDataCache/Buckets/BulkDataList/5f/6b/cfdaa9369003ea40e6e189629a79b7fdb0d8.udd" 2681
"../../../Engine/Content/EngineResources/GradientTexture0.uasset" 2682
"../../../Engine/DerivedDataCache/Buckets/BulkDataList/55/2a/ce630683f68001e35375dcf147fe753cf6cd.udd" 2683
"../../../Engine/Content/EngineResources/Black.uasset" 2684
"../../../Engine/DerivedDataCache/Buckets/BulkDataList/ad/4a/e1368f1cc55d1e3807a55ec48feec1568f23.udd" 2685
"../../../Engine/Content/EngineMaterials/Widget3DPassThrough_Translucent.uasset" 2686
"../../../Engine/Content/EngineMaterials/Widget3DPassThrough.uasset" 2687
"../../../Engine/Content/EngineMaterials/Widget3DPassThrough_Translucent_OneSided.uasset" 2688
"../../../Engine/Content/EngineMaterials/Widget3DPassThrough_Opaque.uasset" 2689
"../../../Engine/Content/EngineMaterials/Widget3DPassThrough_Opaque_OneSided.uasset" 2690
"../../../Engine/Content/EngineMaterials/Widget3DPassThrough_Masked.uasset" 2691
"../../../Engine/Content/EngineMaterials/Widget3DPassThrough_Masked_OneSided.uasset" 2692
"../../../Engine/Content/VREditor/TransformGizmo/PlaneTranslationHandle.uasset" 2693
"../../../Engine/Content/VREditor/TransformGizmo/TransformGizmoMaterial.uasset" 2694
"../../../Engine/Content/VREditor/LaserPointer/VR_LaserPower_01.uasset" 2695
"../../../Engine/Content/VREditor/TransformGizmo/TranslucentTransformGizmoMaterial.uasset" 2696
"../../../Engine/DerivedDataCache/Buckets/BulkDataList/eb/7d/0113ca31a8dc11934c548c5e6d444a2523bd.udd" 2697
"../../../Engine/DerivedDataCache/Buckets/StaticMesh/c3/2e/ca22e5b675a3931dd5fee8a4017925460d2f.udd" 2698
"../../../Engine/DerivedDataCache/Buckets/LegacyDIST/43/90/e4690d7dc30b3d108bd36ff08d84d45b1214.udd" 2699
"../../../Engine/DerivedDataCache/Buckets/LegacyCARD/20/c4/31c9a5090b9610daae7ad5e315d68eb69577.udd" 2700
"../../../Engine/DerivedDataCache/Buckets/StaticMesh/d2/4b/65c33361560aa3febaf93e3b0143ea53c174.udd" 2701
"../../../Engine/DerivedDataCache/Buckets/LegacyDIST/85/87/78487ef4ac4d1aa7111f1c1171ab97468e28.udd" 2702
"../../../Engine/DerivedDataCache/Buckets/LegacyNavCollision/a5/a9/e859872195bb12a1731d1e828ac4619999b2.udd" 2703
"../../../Engine/Content/VREditor/TransformGizmo/BoundingBoxCorner.uasset" 2704
"../../../Engine/DerivedDataCache/Buckets/StaticMesh/94/2d/e66edd304ade013f758d306bcb6503344e7e.udd" 2705
"../../../Engine/DerivedDataCache/Buckets/LegacyDIST/24/86/2be1e45d0b380bbbf8617658a8950a42af18.udd" 2706
"../../../Engine/DerivedDataCache/Buckets/LegacyCARD/cc/6c/354c3bc55bb57f6af9ec811f7971d46a09bd.udd" 2707
"../../../Engine/DerivedDataCache/Buckets/StaticMesh/15/11/d729a202ad273f36192711332b1e85722b4f.udd" 2708
"../../../Engine/DerivedDataCache/Buckets/LegacyDIST/05/9e/86bad435f6f8bde71663546035c5cbc62c51.udd" 2709
"../../../Engine/DerivedDataCache/Buckets/LegacyNavCollision/82/64/40ee2748f271c22e891287ab7afb175efe65.udd" 2710
"../../../Engine/Content/VREditor/TransformGizmo/BoundingBoxEdge.uasset" 2711
"../../../Engine/DerivedDataCache/Buckets/StaticMesh/06/45/850f797b260a7c6521cc126f961e4663760a.udd" 2712
"../../../Engine/DerivedDataCache/Buckets/LegacyDIST/1c/15/fb47c31633879826d968372ce0867ce9d96f.udd" 2713
"../../../Engine/DerivedDataCache/Buckets/LegacyCARD/e1/7b/dc41136f46a001824b5adfb5df841870c4f2.udd" 2714
"../../../Engine/DerivedDataCache/Buckets/StaticMesh/88/0f/ba88afc455d9d2e0a4e23fd9a913b97b7f1d.udd" 2715
"../../../Engine/DerivedDataCache/Buckets/LegacyDIST/88/13/4504ac0c7e37a482fb1bd5bd0b4bf8e2ce8b.udd" 2716
"../../../Engine/DerivedDataCache/Buckets/LegacyNavCollision/1f/9b/6b5d732b2d0d39253be7b958b456e45586b6.udd" 2717
"../../../Engine/Content/VREditor/TransformGizmo/SM_Sequencer_Node.uasset" 2718
"../../../Engine/Content/VREditor/TransformGizmo/Main.uasset" 2719
"../../../Engine/Content/VREditor/TransformGizmo/Xray.uasset" 2720
"../../../Engine/DerivedDataCache/Buckets/StaticMesh/43/89/e445f9371367eeb33c9171572f1cb5c5177c.udd" 2721
"../../../Engine/DerivedDataCache/Buckets/LegacyDIST/bd/13/602f7b941f4c951debe5f129ca3038179cee.udd" 2722
"../../../Engine/DerivedDataCache/Buckets/LegacyCARD/6d/f5/f5557a4efdd584e9d5bcabbccfa2aeb62a52.udd" 2723
"../../../Engine/DerivedDataCache/Buckets/StaticMesh/6e/0f/ec898f597eabefaea7b78ac4111219d08a1c.udd" 2724
"../../../Engine/DerivedDataCache/Buckets/LegacyDIST/b0/75/6febd93a5eca937f2183b81585c86cdd4155.udd" 2725
"../../../Engine/DerivedDataCache/Buckets/LegacyCARD/cb/7a/dfb4e710ef1f8207f7fca07a363038c3c31e.udd" 2726
"../../../Engine/DerivedDataCache/Buckets/LegacyNavCollision/fc/26/5bce3de5a54fa70650c3a7492d146ef3d229.udd" 2727
"../../../Engine/Content/EditorMeshes/Camera/SM_CraneRig_Base.uasset" 2728
"../../../Engine/Content/EditorMaterials/Camera/MI_CineMat_Rig.uasset" 2729
"../../../Engine/Content/EditorMaterials/Camera/CineMat.uasset" 2730
"../../../Engine/DerivedDataCache/Buckets/StaticMesh/fc/36/0e28c0a9fcd4dc4055f13f57b77810af79c4.udd" 2731
"../../../Engine/DerivedDataCache/Buckets/LegacyDIST/59/32/77499f29fd2eca8a72dad5fc45818d198699.udd" 2732
"../../../Engine/DerivedDataCache/Buckets/LegacyCARD/39/23/0fe5a57d257435ff90f0c29312841a1f1e20.udd" 2733
"../../../Engine/DerivedDataCache/Buckets/StaticMesh/9f/92/d51405485d3c96c31354cc7355c46e5aa265.udd" 2734
"../../../Engine/DerivedDataCache/Buckets/LegacyDIST/a6/25/8b5993ed355586ab427cf82216e76bf0cb10.udd" 2735
"../../../Engine/DerivedDataCache/Buckets/LegacyNavCollision/94/03/2def227349006901e4080fc37cd9648b9bfb.udd" 2736
"../../../Engine/Content/EditorMeshes/Camera/SM_CraneRig_Arm.uasset" 2737
"../../../Engine/DerivedDataCache/Buckets/StaticMesh/63/72/b44c685a963a0e333c3a6612cd8e5f155ff3.udd" 2738
"../../../Engine/DerivedDataCache/Buckets/LegacyDIST/44/4e/b80726477d7f0813b8707ca5481660f7e4a4.udd" 2739
"../../../Engine/DerivedDataCache/Buckets/LegacyCARD/26/10/52d9ff27a6b4680ca00dbb31be9242fda80f.udd" 2740
"../../../Engine/DerivedDataCache/Buckets/StaticMesh/db/71/3e9152edf773f5219fc000fb3daa7a295c08.udd" 2741
"../../../Engine/DerivedDataCache/Buckets/LegacyDIST/6b/e4/22a1e196812cbb6d52cd3560bea86b8f2c8c.udd" 2742
"../../../Engine/DerivedDataCache/Buckets/LegacyCARD/a9/55/5bf82a507ee5750b62f7f9cc3f05ce054c68.udd" 2743
"../../../Engine/DerivedDataCache/Buckets/LegacyNavCollision/a1/b9/2d97b7dd00a69cef9a81ef80f6a81f6acfa5.udd" 2744
"../../../Engine/Content/EditorMeshes/Camera/SM_CraneRig_Mount.uasset" 2745
"../../../Engine/DerivedDataCache/Buckets/StaticMesh/98/11/8fd52adb464fa7e2d916efadc68a3b7cf4c5.udd" 2746
"../../../Engine/DerivedDataCache/Buckets/LegacyDIST/44/11/d23d85e33fe55bb80f25a3372fc29e16bbb3.udd" 2747
"../../../Engine/DerivedDataCache/Buckets/LegacyCARD/7b/d1/029d23e5fe5c4293f1a6445234b089443b14.udd" 2748
"../../../Engine/DerivedDataCache/Buckets/StaticMesh/b7/4d/6ba64841be11ed78fa5c7f60a5642b50276e.udd" 2749
"../../../Engine/DerivedDataCache/Buckets/LegacyDIST/3f/18/1663a29e8ce2618b68e89afee8003f9abb36.udd" 2750
"../../../Engine/DerivedDataCache/Buckets/LegacyCARD/aa/57/98599fd4ee2e4751576cae65ca3380d48b2f.udd" 2751
"../../../Engine/DerivedDataCache/Buckets/LegacyNavCollision/49/86/2e0f9c40d6b08d20ffa70d197ccbb4429384.udd" 2752
"../../../Engine/Content/EditorMeshes/Camera/SM_CraneRig_Body.uasset" 2753
"../../../Engine/DerivedDataCache/Buckets/StaticMesh/1d/3a/1947881189ab78b5f512e7bb133576757f4e.udd" 2754
"../../../Engine/DerivedDataCache/Buckets/LegacyDIST/b3/2b/039c411bd6485303cf15b8ac29743458e3bf.udd" 2755
"../../../Engine/DerivedDataCache/Buckets/LegacyCARD/8d/c8/fbb09cdc6d303f7ac4acdf6cedf406274990.udd" 2756
"../../../Engine/DerivedDataCache/Buckets/StaticMesh/19/42/c80af348e30ced3167bb1f8b8310dcb1ebe0.udd" 2757
"../../../Engine/DerivedDataCache/Buckets/LegacyDIST/a0/1d/61cfc883082cffc3612dd1bb22adeecbcadd.udd" 2758
"../../../Engine/DerivedDataCache/Buckets/LegacyCARD/35/ad/6157119418991e437979d8a15c15a5d5f7d0.udd" 2759
"../../../Engine/DerivedDataCache/Buckets/LegacyNavCollision/25/50/e5c6aed3c3ccca568fc2adaa25b119b268e8.udd" 2760
"../../../Engine/Content/EditorMeshes/Camera/SM_RailRig_Track.uasset" 2761
"../../../Engine/DerivedDataCache/Buckets/StaticMesh/a4/ec/be9961f73479ffc07c70aee080a3e932d8c4.udd" 2762
"../../../Engine/DerivedDataCache/Buckets/LegacyDIST/9a/cb/011aef93c083a8f5167418bef7bb0ef858f9.udd" 2763
"../../../Engine/DerivedDataCache/Buckets/LegacyCARD/35/87/448bf469efd48a674b4e1e9a55786a7508cb.udd" 2764
"../../../Engine/DerivedDataCache/Buckets/StaticMesh/9f/77/4ce6090a15d286cd27d1f313ae6ecf06ca47.udd" 2765
"../../../Engine/DerivedDataCache/Buckets/LegacyDIST/21/e4/bbd711a307bee6deb060907865614eabac0b.udd" 2766
"../../../Engine/DerivedDataCache/Buckets/LegacyCARD/6f/36/7fea853c813ce7784d604071deb6ccfd0e3b.udd" 2767
"../../../Engine/DerivedDataCache/Buckets/LegacyNavCollision/4e/86/10a7040483ea926facaaf45bbd4cbbd250c1.udd" 2768
"../../../Engine/Content/EditorMeshes/Camera/SM_RailRig_Mount.uasset" 2769
"../../../Engine/DerivedDataCache/Buckets/StaticMesh/0a/22/aa194303f93ff4c618dd39fb4d9d0c1fc01a.udd" 2770
"../../../Engine/DerivedDataCache/Buckets/LegacyDIST/62/e5/119194ee49211424ade9c4898d0fd8b79d54.udd" 2771
"../../../Engine/DerivedDataCache/Buckets/LegacyCARD/21/fc/40ae62de50e06f83fa78811f9afb08525b4b.udd" 2772
"../../../Engine/DerivedDataCache/Buckets/StaticMesh/bc/44/70806cc69ea2cb5bcd407fc1f7e77865fa02.udd" 2773
"../../../Engine/DerivedDataCache/Buckets/LegacyDIST/56/f2/3dde8f388f7353feea62cbda3c0864836aa7.udd" 2774
"../../../Engine/DerivedDataCache/Buckets/LegacyCARD/84/ce/fb65d3e321e10ed9122e11c60448b2eb672f.udd" 2775
"../../../Engine/DerivedDataCache/Buckets/LegacyNavCollision/c5/15/23df974b1221c1aeb2efb34ec32648744761.udd" 2776
"../../../Engine/Content/ArtTools/RenderToTexture/Meshes/S_1_Unit_Plane.uasset" 2777
"../../../Engine/DerivedDataCache/Buckets/StaticMesh/1c/35/65c00b790a0980b8cb5ee3d7486270eee427.udd" 2778
"../../../Engine/DerivedDataCache/Buckets/LegacyDIST/97/b1/1340efbf4142498304f3d1fb0eb01ae89d39.udd" 2779
"../../../Engine/DerivedDataCache/Buckets/LegacyCARD/f0/1f/a1161da2485b195569be92d36b43a247fbd7.udd" 2780
"../../../Engine/DerivedDataCache/Buckets/StaticMesh/44/f8/c8f113858f9c38bb8c091a2e016973a9db7f.udd" 2781
"../../../Engine/DerivedDataCache/Buckets/LegacyDIST/f8/38/231779aa090f98c9bfc7ff319faf0d7bf3fc.udd" 2782
"../../../Engine/DerivedDataCache/Buckets/LegacyNavCollision/cc/00/16de74ba12fdd6493be377c3b65b94aca157.udd" 2783
"../../../Engine/Content/EngineDebugMaterials/M_SimpleUnlitTranslucent.uasset" 2784
"../../../Engine/Content/EngineFonts/Roboto.uasset" 2785
"../../../Engine/Content/EngineFonts/Faces/DroidSansFallback.uasset" 2786
"../../../Engine/Content/EngineFonts/Faces/RobotoBold.uasset" 2787
"../../../Engine/Content/EngineFonts/Faces/RobotoBoldItalic.uasset" 2788
"../../../Engine/Content/EngineFonts/Faces/RobotoItalic.uasset" 2789
"../../../Engine/Content/EngineFonts/Faces/RobotoLight.uasset" 2790
"../../../Engine/Content/EngineFonts/Faces/RobotoRegular.uasset" 2791
"../../../Engine/Content/EditorMaterials/ParticleSystems/PSysThumbnail_NoImage.uasset" 2792
"../../../Engine/DerivedDataCache/Buckets/BulkDataList/02/95/eb84a905824e15de5990c41ff16458056c93.udd" 2793
"../../../Engine/Content/EditorMaterials/ParticleSystems/PSysThumbnail_OOD.uasset" 2794
"../../../Engine/DerivedDataCache/Buckets/BulkDataList/5f/92/2a731c89f6f5569350f22d162950abe66f0a.udd" 2795
"../../../Engine/Content/EditorLandscapeResources/SplineEditorMesh.uasset" 2796
"../../../Engine/Content/EditorLandscapeResources/SplineEditorMeshMat.uasset" 2797
"../../../Engine/DerivedDataCache/Buckets/StaticMesh/cc/f5/705873fab89dcedb9bb706b0b93c73a8926c.udd" 2798
"../../../Engine/DerivedDataCache/Buckets/LegacyDIST/91/61/3e238b268e8689867e7eedb334664becb56c.udd" 2799
"../../../Engine/DerivedDataCache/Buckets/LegacyCARD/21/ed/5ae3bc68d1f2594fba9ddc462eb9f7d272ec.udd" 2800
"../../../Engine/DerivedDataCache/Buckets/StaticMesh/c3/09/76f94b1e9e37dbb8d7b413339df2fcd7eb4d.udd" 2801
"../../../Engine/DerivedDataCache/Buckets/LegacyDIST/ea/c7/9740f4b1a460eddde71b73d9606bba74edfb.udd" 2802
"../../../Engine/DerivedDataCache/Buckets/LegacyCARD/6f/ee/fa32b1911528c1adea5d6c14943f69eb90d7.udd" 2803
"../../../Engine/DerivedDataCache/Buckets/LegacyNavCollision/d0/3b/f60d3db406d4408cb4603c1f86b3df9be012.udd" 2804
"../../../Engine/Content/EditorLandscapeResources/DataLayer.uasset" 2805
"../../../Engine/Content/EditorResources/S_Solver.uasset" 2806
"../../../Engine/DerivedDataCache/Buckets/BulkDataList/81/19/6d061ff967114ab8be6267274697b8edc0a1.udd" 2807
"../../../Engine/Content/EngineDebugMaterials/VolumeToRender.uasset" 2808
"../../../Engine/DerivedDataCache/Buckets/BulkDataList/18/52/6408aee6ba1b11b59dfe521bc363329561dc.udd" 2809
"../../../Engine/Content/EngineDebugMaterials/M_VolumeRenderSphereTracePP.uasset" 2810
"../../../Engine/Content/Functions/Engine_MaterialFunctions02/Utility/CameraDirectionVector.uasset" 2811
"../../../Engine/Content/Internationalization/icudt64l/coll/ucadata.icu" 2812
"../../../Engine/Content/Internationalization/icudt64l/coll/en.res" 2813
"../../../Engine/Content/Internationalization/icudt64l/coll/root.res" 2814
"../../../Engine/Content/Animation/DefaultAnimBoneCompressionSettings.uasset" 2815
"../../../Engine/Content/Animation/DefaultRecorderBoneCompression.uasset" 2816
"../../../Engine/Content/Animation/DefaultAnimCurveCompressionSettings.uasset" 2817
"../../Plugins/Animation/ControlRig/Content/Controls/ControlRigXRayMaterial.uasset" 2818
"../../Plugins/Animation/ControlRig/Content/Controls/DefaultGizmoLibraryNormalized.uasset" 2819
"../../Plugins/Animation/ControlRig/Content/M_Manip.uasset" 2820
"../../../Engine/Content/Functions/Engine_MaterialFunctions02/WorldPositionOffset/CameraOffset.uasset" 2821
"../../Plugins/2D/Paper2D/Content/MaskedUnlitSpriteMaterial.uasset" 2822
"../../Plugins/2D/Paper2D/Content/DefaultSpriteMaterial.uasset" 2823
"../../Plugins/2D/Paper2D/Content/PlaceholderTextures/DummySpriteTexture.uasset" 2824
"../../../Engine/DerivedDataCache/Buckets/BulkDataList/d1/a6/b612e208f1ef78fab7dc8d4ea3afd6e06e07.udd" 2825
"../../Plugins/2D/Paper2D/Content/OpaqueUnlitSpriteMaterial.uasset" 2826
"../../Plugins/2D/Paper2D/Content/DefaultPaperTerrainMaterial.uasset" 2827
"../../Plugins/2D/Paper2D/Content/DummySprite.uasset" 2828
"../../../../Unreal/LostWaves/Content/ThirdPerson/Blueprints/BP_ThirdPersonCharacter.uasset" 2829
"../../../../Unreal/LostWaves/Content/Characters/Mannequins/Animations/ABP_Quinn.uasset" 2830
"../../../../Unreal/LostWaves/Content/Characters/Mannequins/Animations/ABP_Manny.uasset" 2831
"../../../../Unreal/LostWaves/Content/Characters/Mannequins/Animations/Manny/MM_Fall_Loop.uasset" 2832
"../../../../Unreal/LostWaves/Content/Characters/Mannequins/Meshes/SK_Mannequin.uasset" 2833
"../../../../Unreal/LostWaves/Content/Characters/Mannequins/Animations/Manny/MM_Idle.uasset" 2834
"../../../../Unreal/LostWaves/Content/Characters/Mannequins/Animations/Manny/MM_Jump.uasset" 2835
"../../../../Unreal/LostWaves/Content/Characters/Mannequins/Animations/Manny/MM_Land.uasset" 2836
"../../../../Unreal/LostWaves/Content/Characters/Mannequins/Animations/Manny/BS_MM_WalkRun.uasset" 2837
"../../../../Unreal/LostWaves/Content/Characters/Mannequins/Animations/Manny/MM_Run_Fwd.uasset" 2838
"../../../../Unreal/LostWaves/Content/Characters/Mannequins/Animations/Manny/MM_Walk_Fwd.uasset" 2839
"../../../../Unreal/LostWaves/Content/Characters/Mannequins/Animations/Manny/MM_Walk_InPlace.uasset" 2840
"../../../../Unreal/LostWaves/Content/Characters/Mannequins/Rigs/CR_Mannequin_BasicFootIK.uasset" 2841
"../../Plugins/Animation/ControlRig/Content/Controls/DefaultGizmoLibrary.uasset" 2842
"../../../../Unreal/LostWaves/Content/Characters/Mannequins/Animations/Quinn/MF_Idle.uasset" 2843
"../../../../Unreal/LostWaves/Content/Characters/Mannequins/Animations/Quinn/BS_MF_Unarmed_WalkRun.uasset" 2844
"../../../../Unreal/LostWaves/Content/Characters/Mannequins/Animations/Quinn/MF_Run_Fwd.uasset" 2845
"../../../../Unreal/LostWaves/Content/Characters/Mannequins/Animations/Quinn/MF_Walk_Fwd.uasset" 2846
"../../../../Unreal/LostWaves/Content/ThirdPerson/Input/Actions/IA_Jump.uasset" 2847
"../../../../Unreal/LostWaves/Content/ThirdPerson/Input/Actions/IA_Look.uasset" 2848
"../../../../Unreal/LostWaves/Content/ThirdPerson/Input/Actions/IA_Move.uasset" 2849
"../../../../Unreal/LostWaves/Content/ThirdPerson/Input/IMC_Default.uasset" 2850
"../../../../Unreal/LostWaves/Content/Characters/Mannequins/Meshes/SKM_Quinn_Simple.uasset" 2851
"../../../../Unreal/LostWaves/Content/Characters/Mannequins/Materials/Instances/Quinn/MI_Quinn_01.uasset" 2852
"../../../../Unreal/LostWaves/Content/Characters/Mannequins/Materials/M_Mannequin.uasset" 2853
"../../../../Unreal/LostWaves/Content/Characters/Mannequins/Materials/Functions/MF_Diffraction.uasset" 2854
"../../../../Unreal/LostWaves/Content/Characters/Mannequins/Materials/Functions/ChromaticCurve.uasset" 2855
"../../../../Unreal/LostWaves/Content/Characters/Mannequins/Materials/Functions/CA_Mannequin.uasset" 2856
"../../../../Unreal/LostWaves/Content/Characters/Mannequins/Materials/Functions/MF_logo3layers.uasset" 2857
"../../../Engine/Content/Functions/Engine_MaterialFunctions01/Texturing/ScaleUVsByCenter.uasset" 2858
"../../../../Unreal/LostWaves/Content/Characters/Mannequins/Textures/Shared/T_UE_Logo_M.uasset" 2859
"../../../../Unreal/LostWaves/Content/Characters/Mannequins/Materials/Functions/ML_BaseColorFallOff.uasset" 2860
"../../../../Unreal/LostWaves/Content/Characters/Mannequins/Textures/Manny/T_Manny_01_ASAOPMASK_MSK.uasset" 2861
"../../../../Unreal/LostWaves/Content/Characters/Mannequins/Textures/Manny/T_Manny_01_BN.uasset" 2862
"../../../../Unreal/LostWaves/Content/Characters/Mannequins/Textures/Manny/T_Manny_01_CCRCCPlastic_MSK.uasset" 2863
"../../../../Unreal/LostWaves/Content/Characters/Mannequins/Textures/Manny/T_Manny_01_D.uasset" 2864
"../../../../Unreal/LostWaves/Content/Characters/Mannequins/Textures/Manny/T_Manny_01_MSR_MSK.uasset" 2865
"../../../../Unreal/LostWaves/Content/Characters/Mannequins/Textures/Manny/T_Manny_01_N.uasset" 2866
"../../../../Unreal/LostWaves/Content/Characters/Mannequins/Textures/Manny/T_Manny_01_Tan.uasset" 2867
"../../../../Unreal/LostWaves/Content/Characters/Mannequins/Textures/Quinn/T_Quinn_01_ASAOMASK_MSK.uasset" 2868
"../../../../Unreal/LostWaves/Content/Characters/Mannequins/Textures/Quinn/T_Quinn_01_CCRCCPlastic_MSK.uasset" 2869
"../../../../Unreal/LostWaves/Content/Characters/Mannequins/Textures/Quinn/T_Quinn_01ID_BN.uasset" 2870
"../../../../Unreal/LostWaves/Content/Characters/Mannequins/Textures/Quinn/T_Quinn_01ID_D.uasset" 2871
"../../../../Unreal/LostWaves/Content/Characters/Mannequins/Textures/Quinn/T_Quinn_01ID_MSR_MSK.uasset" 2872
"../../../../Unreal/LostWaves/Content/Characters/Mannequins/Textures/Quinn/T_Quinn_01ID_N.uasset" 2873
"../../../../Unreal/LostWaves/Content/Characters/Mannequins/Textures/Quinn/T_Quinn_01ID_Tan.uasset" 2874
"../../../../Unreal/LostWaves/Content/Characters/Mannequins/Materials/Instances/Quinn/MI_Quinn_02.uasset" 2875
"../../../../Unreal/LostWaves/Content/Characters/Mannequins/Textures/Quinn/T_Quinn_02_ASAOMASK_MSK.uasset" 2876
"../../../../Unreal/LostWaves/Content/Characters/Mannequins/Textures/Quinn/T_Quinn_02_CCRCCPlastic_MSK.uasset" 2877
"../../../../Unreal/LostWaves/Content/Characters/Mannequins/Textures/Quinn/T_Quinn_02ID_BN.uasset" 2878
"../../../../Unreal/LostWaves/Content/Characters/Mannequins/Textures/Quinn/T_Quinn_02ID_D.uasset" 2879
"../../../../Unreal/LostWaves/Content/Characters/Mannequins/Textures/Quinn/T_Quinn_02ID_MSR_MSK.uasset" 2880
"../../../../Unreal/LostWaves/Content/Characters/Mannequins/Textures/Quinn/T_Quinn_02ID_N.uasset" 2881
"../../../../Unreal/LostWaves/Content/Characters/Mannequins/Textures/Quinn/T_Quinn_02ID_Tan.uasset" 2882
"../../../../Unreal/LostWaves/Content/Characters/Mannequins/Rigs/PA_Mannequin.uasset" 2883
"../../../Engine/DerivedDataCache/Buckets/BulkDataList/62/b0/16b52e7648068b4c83b110b92315d8e44726.udd" 2884
"../../../Engine/DerivedDataCache/Buckets/BulkDataList/e1/a7/b7576015d205b956f3d081985f193632f2a8.udd" 2885
"../../../Engine/DerivedDataCache/Buckets/BulkDataList/29/f9/cd1f32969dd3dc193821002de67b745180bf.udd" 2886
"../../../Engine/DerivedDataCache/Buckets/BulkDataList/45/56/0cf732e29c4da607c854929323954a7c205f.udd" 2887
"../../../Engine/DerivedDataCache/Buckets/BulkDataList/b8/27/7eae711ad052b0c4dc366cfd5d8cd763e09c.udd" 2888
"../../../Engine/DerivedDataCache/Buckets/BulkDataList/61/eb/db9cf4ae359a1f301d70ad63ae1502718ff3.udd" 2889
"../../../Engine/DerivedDataCache/Buckets/BulkDataList/0d/5e/ee787f3a623d79170a67c634fb54e5d5d4ea.udd" 2890
"../../../Engine/DerivedDataCache/Buckets/BulkDataList/89/5b/5e1272dbdc0ee54252995eb47116db7bda65.udd" 2891
"../../../Engine/DerivedDataCache/Buckets/BulkDataList/98/69/dbcda78c29436b4c52a2ee250336d3d92294.udd" 2892
"../../../Engine/DerivedDataCache/Buckets/BulkDataList/3b/25/3a815f61d217efb578baae188af1ea089e3b.udd" 2893
"../../../Engine/DerivedDataCache/Buckets/BulkDataList/ff/92/c61756ba1ec2f6d82d0ecbe344c41a30c2b3.udd" 2894
"../../../Engine/DerivedDataCache/Buckets/BulkDataList/63/3f/02296ab8930091dde273036f2a0626b1c23c.udd" 2895
"../../../Engine/DerivedDataCache/Buckets/BulkDataList/ba/d0/3d297e6d2c97ced994b14ec6f6a26e711e1b.udd" 2896
"../../../Engine/DerivedDataCache/Buckets/BulkDataList/dd/34/5f5672e2c291d310d424f8bb4efb472770e2.udd" 2897
"../../../Engine/DerivedDataCache/Buckets/BulkDataList/5c/95/f2e8c767a8fd375dc8cb0abfeef3e50b8b37.udd" 2898
"../../../Engine/DerivedDataCache/Buckets/BulkDataList/79/df/3094f4018c4a0202ee4054741b64b71e29c3.udd" 2899
"../../../Engine/DerivedDataCache/Buckets/BulkDataList/df/fc/456f20bf63384d65d81138f4faec13690ef9.udd" 2900
"../../../Engine/DerivedDataCache/Buckets/BulkDataList/ad/41/a4bd848c03d5ab00deed4ef1467822965ccf.udd" 2901
"../../../Engine/DerivedDataCache/Buckets/BulkDataList/78/58/5271efc7e08b8e0db35ca43da8938a8456e5.udd" 2902
"../../../Engine/DerivedDataCache/Buckets/BulkDataList/1a/b5/6c53953bb3e7a61d1907a4bdf2c20d3b2390.udd" 2903
"../../../Engine/DerivedDataCache/Buckets/BulkDataList/af/96/1b37f4cb6980b1ec279ec61c49ba4ca7d630.udd" 2904
"../../../Engine/DerivedDataCache/Buckets/BulkDataList/3a/c3/21194fb611bf65a3c9c3ca91d6f5cc454676.udd" 2905
"../../../Engine/DerivedDataCache/Buckets/BulkDataList/d4/41/853fcd71a735d3546ba38ad20deeb39c8322.udd" 2906
"../../../Engine/DerivedDataCache/Buckets/AnimationSequence/00/63/5eac909f1e4e1e870cba355630e3fdd6aacf.udd" 2907
"../../../Engine/DerivedDataCache/Buckets/AnimationSequence/dc/19/d842cc6928e69f429836e52ca5a9aff1bd18.udd" 2908
"../../../Engine/DerivedDataCache/Buckets/AnimationSequence/5f/50/781929b6d8a9dddd3c28691b42b568be708d.udd" 2909
"../../../Engine/DerivedDataCache/Buckets/AnimationSequence/b6/e4/88ecc4eb30730e21f4d5885026bb0c44b48c.udd" 2910
"../../../Engine/DerivedDataCache/Buckets/AnimationSequence/42/a8/ca6a69714b90c5572d4fa3828ca49dd447ba.udd" 2911
"../../../Engine/DerivedDataCache/Buckets/AnimationSequence/c4/d2/a66c57252f54e5dd3d20ca2ed9f6a94c201e.udd" 2912
"../../../Engine/DerivedDataCache/Buckets/AnimationSequence/a1/0c/1c0ce015f366a605c6060b80a6a82e8071d9.udd" 2913
"../../../Engine/DerivedDataCache/Buckets/AnimationSequence/e1/81/b9ea6d424fbb72d13f5f8644ecfed153080f.udd" 2914
"../../../Engine/DerivedDataCache/Buckets/AnimationSequence/35/99/18c41cd6e667476b5d900819251904358ed6.udd" 2915
"../../../Engine/DerivedDataCache/Buckets/AnimationSequence/0a/8d/8ae6595206416c1c4bb9cabef5c2d3144407.udd" 2916
"../../../Engine/DerivedDataCache/Buckets/LegacySKELETALMESH/0e/5e/09382e3e545bc2b37ae559dfce64a717476a.udd" 2917
"../../../Engine/DerivedDataCache/Content/6e/1d/f1a6d665eae3e435590a2e32513732b4d993.udd" 2918
"../../Plugins/Media/MediaPlate/Content/SM_MediaPlateScreen.uasset" 2919
"../../../Engine/DerivedDataCache/Buckets/StaticMesh/70/a5/17c5733ee97d8bd611c58a68e75c9cddef86.udd" 2920
"../../../Engine/DerivedDataCache/Buckets/LegacyDIST/89/bc/e2fa50f489d658d366a93d615f4e4d71f5d3.udd" 2921
"../../../Engine/DerivedDataCache/Buckets/LegacyCARD/82/ce/56dde88e5fe369f395adc6eece88109aa27e.udd" 2922
"../../../Engine/DerivedDataCache/Buckets/StaticMesh/c0/ce/8d410818b72c04b9c905d2f9310a6f202b05.udd" 2923
"../../../Engine/DerivedDataCache/Buckets/LegacyDIST/76/e1/504c40ce09f0b541f1346e40c48bd47c461b.udd" 2924
"../../../Engine/DerivedDataCache/Buckets/LegacyNavCollision/7f/e9/4024e936cf56812676e95d8b273263c30f81.udd" 2925
"D:/UnrealEngine-5.2.1-release/Default.uprojectdirs" 2926
"../../Plugins/Editor/SpeedTreeImporter/Content/SpeedTree9/SpeedTreeMaster.uasset" 2927
"../../../Engine/Content/Functions/Engine_MaterialFunctions02/ObjectLocalBounds.uasset" 2928
"../../../Engine/Content/Functions/Engine_MaterialFunctions02/SafeNormalize.uasset" 2929
"../../../Engine/Content/Functions/Engine_MaterialFunctions02/Utility/BreakOutFloat3Components.uasset" 2930
"../../../Engine/Content/Functions/Engine_MaterialFunctions02/Utility/VectorLength.uasset" 2931
"../../../Engine/Content/Functions/Engine_MaterialFunctions02/UVs/BoundingBoxBased_0-1_UVW.uasset" 2932
"../../../Engine/Content/Functions/Engine_MaterialFunctions02/WorldPositionOffset/ObjectScale.uasset" 2933
"../../Plugins/Editor/SpeedTreeImporter/Content/SpeedTree9/SpeedTreeBranchMotion.uasset" 2934
"../../Plugins/Editor/SpeedTreeImporter/Content/SpeedTree9/SpeedTreeWindMotion.uasset" 2935
"../../Plugins/Editor/SpeedTreeImporter/Content/SpeedTree9/game_wind_noise.uasset" 2936
"../../Plugins/Editor/SpeedTreeImporter/Content/SpeedTree9/UnpackDirection.uasset" 2937
"../../Plugins/Editor/SpeedTreeImporter/Content/SpeedTree9/UnpackInteger3.uasset" 2938
"../../Plugins/Editor/SpeedTreeImporter/Content/SpeedTree9/SpeedTreeCameraFacing.uasset" 2939
"../../Plugins/Editor/SpeedTreeImporter/Content/SpeedTree9/SpeedTreeWind.uasset" 2940
"../../Plugins/Editor/SpeedTreeImporter/Content/SpeedTree9/Empty.uasset" 2941
"../../Plugins/Editor/SpeedTreeImporter/Content/SpeedTree9/EmptyNormal.uasset" 2942
"../../../Engine/DerivedDataCache/Buckets/BulkDataList/c9/4c/6f16de726c1000d8b829cb2f5006b4ba69ae.udd" 2943
"../../../Engine/DerivedDataCache/Buckets/BulkDataList/42/34/0b5453317504477cabbf54939d22dcfbf5b5.udd" 2944
"../../../Engine/DerivedDataCache/Buckets/BulkDataList/b5/8d/10eaef989d4adecd9d96f31653be38d660d9.udd" 2945
"../../../Engine/DerivedDataCache/Buckets/BulkDataPayloadId/ac/cc/a6aa9daa7cbf76c8953f7e3d2c201a8a54cb.udd" 2946
"../../../Engine/DerivedDataCache/Buckets/BulkDataPayloadId/93/1e/fa687e128aa134c7085da39d1269fafb1746.udd" 2947
"../../Plugins/Editor/SpeedTreeImporter/Content/SpeedTree9/SpeedTreeBillboardMaster.uasset" 2948
"../../Plugins/Editor/SpeedTreeImporter/Content/SpeedTree9/SpeedTreeBillboard.uasset" 2949
"D:/UnrealEngine-5.2.1-release/Engine//Binaries/Win64/BaseTextureBuildWorker.Target" 2950
"../../../Engine/Binaries/Win64/BaseTextureBuildWorker.exe" 2951
"../../../Engine/Content/EngineMaterials/NaniteHiddenSectionMaterial.uasset" 2952
"../../../Engine/Content/EngineMaterials/RemoveSurfaceMaterial.uasset" 2953
"../../../Engine/Content/EngineDebugMaterials/DebugMeshMaterial.uasset" 2954
"../../../Engine/Content/EngineMaterials/EmissiveMeshMaterial.uasset" 2955
"../../../Engine/Content/EngineMaterials/DefaultWhiteGrid_Low.uasset" 2956
"../../../Engine/DerivedDataCache/Buckets/BulkDataList/7e/18/76f10289be71fa7b33a5281b9b81d708ab1b.udd" 2957
"../../../Engine/Content/EngineMaterials/M_InvalidLightmapSettings.uasset" 2958
"../../../Engine/Content/EngineMaterials/InvalidLightmapSettings.uasset" 2959
"../../../Engine/DerivedDataCache/Buckets/BulkDataList/ac/a3/f1c78c9e501a4e8e8f9b66655ed147c36dc0.udd" 2960
"../../../Engine/Content/EngineMaterials/GizmoMaterial.uasset" 2961
"../../../Engine/Content/EngineMaterials/PhAT_JointLimitMaterial.uasset" 2962
"../../../Engine/Content/EngineMaterials/FlattenMaterial.uasset" 2963
"../../../Engine/Binaries/ThirdParty/ARM/Win64/astcenc-sse2.exe" 2964
"../../../Engine/Content/EngineMaterials/BaseFlattenDiffuseMap.uasset" 2965
"../../../Engine/Content/EngineMaterials/BaseFlattenEmissiveMap.uasset" 2966
"../../../Engine/Content/EngineMaterials/BaseFlattenGrayscaleMap.uasset" 2967
"../../../Engine/Binaries/ThirdParty/ARM/Win64/astcenc-sse4.1.exe" 2968
"../../../Engine/Content/EngineMaterials/BaseFlattenLinearColor.uasset" 2969
"../../../Engine/Content/EngineMaterials/BaseFlattenNormalMap.uasset" 2970
"../../../Engine/Content/Functions/Engine_MaterialFunctions02/PivotPainter2/Black_1x1_EXR_Texture.uasset" 2971
"../../../Engine/Binaries/ThirdParty/Intel/ISPCTexComp/Win64-Release/ispc_texcomp.dll" 2972
"../../../Engine/DerivedDataCache/Buckets/BulkDataList/cb/d2/fe90903b1e196812a65623804e2fc2152eb8.udd" 2973
"../../../Engine/DerivedDataCache/Buckets/BulkDataList/38/ac/a3210275f4959936e71aa2d7e772db85024f.udd" 2974
"../../../Engine/DerivedDataCache/Buckets/BulkDataList/53/c2/24a99cd03c2978f1823c2e7263a9ebac98e3.udd" 2975
"../../../Engine/DerivedDataCache/Buckets/BulkDataList/9e/15/886189de4892ff67de4ac0dfb70c41718239.udd" 2976
"../../../Engine/DerivedDataCache/Buckets/BulkDataList/d9/9f/ddf2e9c1140c50badaa4b336d77fab946ba4.udd" 2977
"../../../Engine/DerivedDataCache/Buckets/BulkDataList/29/78/38560a890714e2b83be65d3f62472d78001b.udd" 2978
"../../../Engine/Binaries/ThirdParty/nvTextureTools/Win64/AVX2/nvtt_64.dll" 2979
"../../../Engine/Content/EngineMaterials/FlattenMaterial_VT.uasset" 2980
"../../../Engine/Binaries/ThirdParty/nvTextureTools/Win64/nvtt_64.dll" 2981
"../../../Engine/Binaries/Win64/oo2tex_win64_2.9.5.dll" 2982
"../../../Engine/Content/EngineMaterials/BaseFlattenDiffuseMap_VT.uasset" 2983
"../../../Engine/Binaries/Win64/oo2tex_win64_2.9.6.dll" 2984
"../../../Engine/Content/EngineMaterials/BaseFlattenEmissiveMap_VT.uasset" 2985
"../../../Engine/Binaries/Win64/oo2tex_win64_2.9.7.dll" 2986
"../../../Engine/Content/EngineMaterials/BaseFlattenGrayscaleMap_VT.uasset" 2987
"../../../Engine/Binaries/Win64/oo2tex_win64_2.9.8.dll" 2988
"../../../Engine/Content/EngineMaterials/BaseFlattenLinearColor_VT.uasset" 2989
"../../../Engine/Binaries/Win64/tbb.dll" 2990
"../../../Engine/Content/EngineMaterials/BaseFlattenNormalMap_VT.uasset" 2991
"../../../Engine/Content/EngineMaterials/Black_1x1_EXR_Texture_VT.uasset" 2992
"../../../Engine/Binaries/Win64/tbb.pdb" 2993
"../../../Engine/DerivedDataCache/Buckets/BulkDataList/64/dd/4da5d0706eed7b4174c0e6876cd49a75b1e7.udd" 2994
"../../../Engine/DerivedDataCache/Buckets/BulkDataList/bd/c6/dcf530f8d6a883ed3f349ac49eb0cd7d4b63.udd" 2995
"../../../Engine/DerivedDataCache/Buckets/BulkDataList/5e/e4/d0b1a9fd75b94780b4715e30802b98f3973f.udd" 2996
"../../../Engine/DerivedDataCache/Buckets/BulkDataList/da/61/754681a9911f2fa2b63cc119b0e60666649b.udd" 2997
"../../../Engine/DerivedDataCache/Buckets/BulkDataList/fa/47/69d0943ca3078a1af34f657ec6806af6f123.udd" 2998
"../../../Engine/DerivedDataCache/Buckets/BulkDataList/1d/9f/06d420f75e8a0b15139c9bcf987e94835239.udd" 2999
"../../../Engine/Content/EngineMaterials/FlattenMaterial_WS_Normal_VT.uasset" 3000
"../../../Engine/Content/EngineMaterials/Good64x64TilingNoiseHighFreq.uasset" 3001
"D:/UnrealEngine-5.2.1-release/Engine/Saved/GeneratedWorkerBuildVersions/Binaries/Win64/BaseTextureBuildWorker.Target.BuildVersion" 3002
"../../../Engine/DerivedDataCache/Buckets/BulkDataList/8f/76/b1c5d90bb5034cc012057f0d2b9394f6242b.udd" 3003
"../../../Engine/Content/EngineMaterials/DefaultBokeh.uasset" 3004
"../../../Engine/DerivedDataCache/Buckets/BulkDataList/1b/3b/7d1d611fc709271b996f8cceb7f5f0ba95e4.udd" 3005
"../../../Engine/Content/EngineMaterials/PreintegratedSkinBRDF.uasset" 3006
"../../../Engine/DerivedDataCache/Buckets/BulkDataList/e1/a5/72a6e4c0acb30374e9418110e11a20e385a0.udd" 3007
"../../../Engine/Content/EngineMaterials/MiniFont.uasset" 3008
"../../../Engine/DerivedDataCache/Buckets/BulkDataList/ba/c5/4ed10477c073c086a23a544cdbfab55f48a8.udd" 3009
"../../../Engine/Content/EngineMaterials/WeightMapPlaceholderTexture.uasset" 3010
"../../../Engine/DerivedDataCache/Buckets/BulkDataList/25/ae/401e4cf36b66d29fc02b0eac560c67e7c336.udd" 3011
"../../../Engine/Content/EngineMaterials/DefaultWhiteGrid.uasset" 3012
"../../../Engine/DerivedDataCache/Buckets/BulkDataList/32/51/a62592668c50e494e0565bba197ff4ee14e3.udd" 3013
"../../../Engine/Content/EngineMaterials/DefaultPhysicalMaterial.uasset" 3014
"../../../Engine/Content/EngineMaterials/DefaultDestructiblePhysicalMaterial.uasset" 3015
"../../../Engine/Content/EditorLandscapeResources/DefaultAlphaTexture.uasset" 3016
"../../../Engine/DerivedDataCache/Buckets/BulkDataList/3e/f1/6ed836b4681a4be5134aefe140d236b47d32.udd" 3017
"../../../Engine/Content/EditorResources/S_Terrain.uasset" 3018
"../../../Engine/DerivedDataCache/Buckets/BulkDataList/b2/3a/db5d9285c2b8eeb84fa87c8f4adba5eaafd6.udd" 3019
"../../../Engine/Content/BasicShapes/Cube.uasset" 3020
"../../../Engine/DerivedDataCache/Buckets/StaticMesh/dc/5d/7ed9b43d236e19e7944af07b6a5851543c63.udd" 3021
"../../../Engine/Content/BasicShapes/Sphere.uasset" 3022
"../../../Engine/DerivedDataCache/Buckets/LegacyDIST/13/c5/6ef912352772fb43d6a9dc0f4ca4dce43c38.udd" 3023
"../../../Engine/DerivedDataCache/Buckets/LegacyCARD/3e/1b/179a070c0e566eb09dd4937b2b48034d997d.udd" 3024
"../../../Engine/Content/EngineMaterials/DefaultMaterial.uasset" 3025
"../../../Engine/Content/BasicShapes/Cylinder.uasset" 3026
"../../../Engine/DerivedDataCache/Buckets/StaticMesh/cb/71/6def63b533eb33b5876223ccd381627fbafe.udd" 3027
"../../../Engine/DerivedDataCache/Buckets/LegacyDIST/08/e1/f8e72e4a6e4620740f52a814f45621e21c76.udd" 3028
"../../../Engine/DerivedDataCache/Buckets/StaticMesh/4e/6a/0fb7a8c1494297e3fce3572f091b8a937083.udd" 3029
"../../../Engine/Content/BasicShapes/Cone.uasset" 3030
"../../../Engine/DerivedDataCache/Buckets/LegacyCARD/1a/f3/a5137289c3dda9ca3dd3cea61ac4a2a66e28.udd" 3031
"../../../Engine/DerivedDataCache/Buckets/LegacyDIST/1b/a3/1bf1017c116e7ec08d320aaaffd4ed3c5bc9.udd" 3032
"../../../Engine/DerivedDataCache/Buckets/LegacyCARD/f8/5c/ff55cb7cc41b4538cc090ad7fae910c32f69.udd" 3033
"../../../Engine/DerivedDataCache/Buckets/StaticMesh/cd/d8/11b254daa077acbfcb588e9eb0ceb83a5557.udd" 3034
"../../../Engine/Content/BasicShapes/Plane.uasset" 3035
"../../../Engine/DerivedDataCache/Buckets/LegacyDIST/64/e4/10b37a33e92afa0282a62477993f0409ac2f.udd" 3036
"../../../Engine/DerivedDataCache/Buckets/LegacyCARD/e9/7b/6e4f6c3d2fde6d48bb5f7c470707b945bd30.udd" 3037
"../../../Engine/DerivedDataCache/Buckets/StaticMesh/a1/cf/c674184a9a373ad77f5bd6bf46c6c46e598a.udd" 3038
"../../../Engine/DerivedDataCache/Buckets/LegacyDIST/28/e5/3d441f121b77a8d9afc150cac810bf56b63e.udd" 3039
"../../../Engine/DerivedDataCache/Buckets/LegacyCARD/78/2b/ffeae875c2128c403a6695c12321012ab758.udd" 3040
"../../../Engine/DerivedDataCache/Buckets/StaticMesh/b9/9d/24c4f0e661dd47203985c38c77aeeea46e53.udd" 3041
"../../../Engine/DerivedDataCache/Buckets/StaticMesh/d0/87/3a7844fcc6f7acf0b3497820d22ebab8aff6.udd" 3042
"../../Plugins/Runtime/MeshModelingToolset/Content/Materials/M_DynamicMeshComponentVtxColor.uasset" 3043
"../../../Engine/DerivedDataCache/Buckets/StaticMesh/c8/bb/8861edfb9c01f884f03426027ed2f7d4ed4f.udd" 3044
"../../../Engine/DerivedDataCache/Buckets/StaticMesh/14/a9/551c7ddc4c75cc8c885d6dc71bbb7b433c52.udd" 3045
"../../../Engine/DerivedDataCache/Buckets/StaticMesh/3f/69/e993a442137f04ae875576b4a0e0c0c73be6.udd" 3046
"../../../Engine/DerivedDataCache/Buckets/LegacyDIST/ca/75/cff5c009cd7f0fab397ae8c3b30073534b16.udd" 3047
"../../../Engine/DerivedDataCache/Buckets/LegacyDIST/67/97/f30405935c4ac1e37c533997e89d1184fc9c.udd" 3048
"../../../Engine/DerivedDataCache/Buckets/LegacyNavCollision/9e/fa/4ba4215cf04b1b059014af10a280e775574a.udd" 3049
"../../Plugins/FX/Niagara/Content/ParameterDefinitions/SpriteRenderer.uasset" 3050
"../../../Engine/DerivedDataCache/Buckets/LegacyNavCollision/f6/d5/ce62a9a3fda99c8afac779fccc0fb7f91ba2.udd" 3051
"../../Plugins/FX/Niagara/Content/ParameterDefinitions/RibbonRenderer.uasset" 3052
"../../Plugins/FX/Niagara/Content/ParameterDefinitions/MeshRenderer.uasset" 3053
"../../../Engine/DerivedDataCache/Buckets/LegacyDIST/75/77/fb954c128b73cd8bdf61c813f0aa777e799f.udd" 3054
"../../../Engine/DerivedDataCache/Buckets/LegacyNavCollision/20/52/f02e585443feec64d2fe5e119ab56df54df2.udd" 3055
"../../../Engine/DerivedDataCache/Buckets/LegacyDIST/a7/57/0c35265a11f1988a048bb10c70b866872eda.udd" 3056
"../../Plugins/FX/Niagara/Content/ParameterDefinitions/LightRenderer.uasset" 3057
"../../../Engine/DerivedDataCache/Buckets/LegacyDIST/fb/9c/df14d5a0da2096a550365b8a9c19ec120e21.udd" 3058
"../../../Engine/DerivedDataCache/Buckets/LegacyNavCollision/e6/62/bffa7ab0f2a00a0745cfbdd7f2eb788d2c3b.udd" 3059
"../../../Engine/DerivedDataCache/Buckets/LegacyNavCollision/f2/55/03ef07cde0e374bca541ccffeea1f37f7b37.udd" 3060
"../../Plugins/FX/Niagara/Content/ParameterDefinitions/DecalRenderer.uasset" 3061
"../../Plugins/FX/Niagara/Content/ParameterDefinitions/CoreParameters.uasset" 3062
"../../../Engine/Content/EditorResources/SequenceRecorder/Countdown.uasset" 3063
"../../../Engine/DerivedDataCache/Buckets/BulkDataList/fe/f0/83e8822e9c758124177e39e5d625131edd83.udd" 3064
"../../../Engine/Content/EditorResources/SequenceRecorder/RecordingIndicator.uasset" 3065
"../../../Engine/DerivedDataCache/Buckets/BulkDataList/08/96/02d1e35e164b43e4ca1670f534313c1f2acf.udd" 3066
"../../../Engine/Content/EditorMaterials/PhAT_UnselectedMaterial.uasset" 3067
"../../../Engine/Content/EditorMaterials/PhAT_NoCollisionMaterial.uasset" 3068
"../../../Engine/Content/EngineDebugMaterials/DebugEditorMaterial.uasset" 3069
"../../../Engine/Content/EngineMaterials/STBlueNoise_vec2_128x128x64.uasset" 3070
"../../../Engine/Plugins/Interchange/Runtime/Content/Pipelines/DefaultMaterialPipeline.uasset" 3071
"../../../Engine/Plugins/Interchange/Runtime/Content/Pipelines/DefaultAssetsPipeline.uasset" 3072
"../../../Engine/Content/EditorResources/BSPVertex.uasset" 3073
"../../../Engine/Content/EngineMaterials/DefaultBloomKernel.uasset" 3074
"../../../Engine/Content/EngineMaterials/STBlueNoise_scalar_128x128x64.uasset" 3075
"../../../Engine/Content/EngineSounds/Master.uasset" 3076
"../../../Engine/Plugins/Interchange/Runtime/Content/Pipelines/DefaultTexturePipeline.uasset" 3077
"../../../Engine/Plugins/Interchange/Runtime/Content/Pipelines/DefaultSceneAssetsPipeline.uasset" 3078
"../../../Engine/Plugins/Interchange/Runtime/Content/Pipelines/DefaultSceneLevelPipeline.uasset" 3079
"../../../Engine/Content/EngineSounds/Submixes/MasterEQEffectPreset.uasset" 3080
"../../../Engine/Content/EngineSounds/Submixes/MasterReverbEffectPreset.uasset" 3081
"../../../Engine/Content/EditorMaterials/PreviewShadowIndicator.uasset" 3082
"D:/Unreal/LostWaves/Content/Texture/T_Btn_Off.uasset" 3083
"D:/Unreal/LostWaves/Content/Texture/T_Btn_On.uasset" 3084
"D:/Unreal/LostWaves/Content/Texture/T_Login_BG.uasset" 3085
"D:/Unreal/LostWaves/Content/Texture/T_Guest_Logo.uasset" 3086
"D:/Unreal/LostWaves/Content/Texture/T_Logo_Big.uasset" 3087
"D:/Unreal/LostWaves/Content/Texture/T_Popup_Bg.uasset" 3088
"../../../Engine/Content/EngineMaterials/PPM_DefaultCalibrationGrayscale.uasset" 3089
"D:/Unreal/LostWaves/Content/Texture/T_Google_Logo.uasset" 3090
"../../../Engine/Content/EngineMaterials/PPM_DefaultCalibrationColor.uasset" 3091
"D:/Unreal/LostWaves/Content/Font/Pretendard-Regular.uasset" 3092
"../../../Engine/Content/EditorMaterials/PreviewShadowIndicatorMaterial.uasset" 3093
"../../../Engine/Content/MobileResources/HUD/DefaultVirtualJoysticks.uasset" 3094
"../../../Engine/Content/EngineResources/FilmGrains/Marcie_Grain_v3_128_M2_000.uasset" 3095
"../../../Engine/Content/EngineMaterials/DefaultCalibrationColor.uasset" 3096
"../../../Engine/Content/MobileResources/HUD/VirtualJoystick_Background.uasset" 3097
"../../../Engine/Plugins/Animation/ControlRig/Content/Controls/ControlRigGizmoMaterial.uasset" 3098
"../../../Engine/Content/EngineMaterials/DefaultCalibrationGrayscale.uasset" 3099
"../../../Engine/Content/MobileResources/HUD/VirtualJoystick_Thumb.uasset" 3100
"D:/Unreal/LostWaves/Content/Font/Pretendard-Regular_Font.uasset" 3101
"../../../Engine/DerivedDataCache/Buckets/BulkDataList/ef/9a/eb13f44e9e5655478f0c811687545585bff6.udd" 3102
"../../../Engine/DerivedDataCache/Buckets/BulkDataList/c8/4e/cccca411d86ec1735d8d80699eef8a5899b0.udd" 3103
"../../../Engine/DerivedDataCache/Buckets/BulkDataList/bf/e1/60607352720e41539b529228a0ab4efe258f.udd" 3104
"../../../Engine/DerivedDataCache/Buckets/BulkDataList/b3/27/8d168daa09a2a6cf537da10c7e676c42b2c0.udd" 3105
"../../../Engine/Plugins/Animation/ControlRig/Content/Controls/ControlRig_Wedge_3mm.uasset" 3106
"../../../Engine/Plugins/Animation/ControlRig/Content/Controls/ControlRig_Wedge_solid.uasset" 3107
"../../../Engine/Plugins/Animation/ControlRig/Content/Controls/ControlRig_Triangle_solid.uasset" 3108
"../../../Engine/Plugins/Animation/ControlRig/Content/Controls/ControlRig_Wedge_1mm.uasset" 3109
"../../../Engine/Plugins/Animation/ControlRig/Content/Controls/ControlRig_Triangle_3mm.uasset" 3110
"../../../Engine/Plugins/Animation/ControlRig/Content/Controls/ControlRig_Triangle_1mm.uasset" 3111
"../../../Engine/Plugins/Animation/ControlRig/Content/Controls/ControlRig_Star4_solid.uasset" 3112
"../../../Engine/Plugins/Animation/ControlRig/Content/Controls/ControlRig_Star4_3mm.uasset" 3113
"../../../Engine/Plugins/Animation/ControlRig/Content/Controls/ControlRig_Star4_1mm.uasset" 3114
"../../../Engine/DerivedDataCache/Buckets/BulkDataList/3a/a9/49fb10c62c14d4eb33259f7df19cd5ade686.udd" 3115
"../../../Engine/Plugins/Animation/ControlRig/Content/Controls/ControlRig_Square_solid.uasset" 3116
"../../../Engine/Plugins/Animation/ControlRig/Content/Controls/ControlRig_Square_3mm.uasset" 3117
"../../../Engine/Plugins/Animation/ControlRig/Content/Controls/ControlRig_Square_1mm.uasset" 3118
"../../../Engine/Plugins/Animation/ControlRig/Content/Controls/ControlRig_Sphere_3mm.uasset" 3119
"../../../Engine/DerivedDataCache/Buckets/BulkDataList/c3/03/b0d50f4977b390b431bbd2aa114392623334.udd" 3120
"../../../Engine/DerivedDataCache/Buckets/BulkDataList/50/33/05aba53fc010ef764d61b688498f5408ed6d.udd" 3121
"../../../Engine/DerivedDataCache/Buckets/BulkDataList/6a/e6/0c0e820fffcfc985b6bdc8f768b816580c1c.udd" 3122
"../../../Engine/DerivedDataCache/Buckets/BulkDataList/b1/84/94dd91619829fc9a0320c52c0451dee65bc2.udd" 3123
"../../../Engine/Plugins/Animation/ControlRig/Content/Controls/ControlRig_RoundedTriangle_3mm.uasset" 3124
"../../../Engine/DerivedDataCache/Buckets/BulkDataList/a7/8f/aa337ad81cedd8f9291946e0dd0def7b8a0e.udd" 3125
"../../../Engine/Plugins/Animation/ControlRig/Content/Controls/ControlRig_RoundedTriangle_solid.uasset" 3126
"../../../Engine/Plugins/Animation/ControlRig/Content/Controls/ControlRig_Sphere_1mm.uasset" 3127
"../../../Engine/Plugins/Animation/ControlRig/Content/Controls/ControlRig_RoundedTriangle_1mm.uasset" 3128
"../../../Engine/Plugins/Animation/ControlRig/Content/Controls/ControlRig_RoundedSquare_solid.uasset" 3129
"../../../Engine/DerivedDataCache/Buckets/BulkDataList/d3/18/66e1c0c5c34d2eedbf9715a01d516826a69c.udd" 3130
"../../../Engine/Plugins/Animation/ControlRig/Content/Controls/ControlRig_RoundedSquare_3mm.uasset" 3131
"../../../Engine/DerivedDataCache/Buckets/BulkDataList/e2/7b/3b7a82108615ed679f20204531ea31b2896a.udd" 3132
"../../../Engine/Plugins/Animation/ControlRig/Content/Controls/ControlRig_RoundedSquare_1mm.uasset" 3133
"../../../Engine/Plugins/Animation/ControlRig/Content/Controls/ControlRig_QuarterCircle_solid.uasset" 3134
"../../../Engine/DerivedDataCache/Buckets/BulkDataList/eb/ac/2ffbd8721ac6c8aef561d9b0fd5312b8ad91.udd" 3135
"../../../Engine/DerivedDataCache/Buckets/BulkDataList/60/8e/02a55e203cf78df68785225d21dbbb492ec0.udd" 3136
"../../../Engine/Plugins/Animation/ControlRig/Content/Controls/ControlRig_QuarterCircle_1mm.uasset" 3137
"../../../Engine/Plugins/Animation/ControlRig/Content/Controls/ControlRig_QuarterCircle_3mm.uasset" 3138
"../../../Engine/DerivedDataCache/Buckets/BulkDataList/53/31/68ea57c1b84f56d6485bf7829e5afb4778a2.udd" 3139
"../../../Engine/Plugins/Animation/ControlRig/Content/Controls/ControlRig_Pyramid_3mm.uasset" 3140
"../../../Engine/DerivedDataCache/Buckets/BulkDataList/b8/52/c231f9d419eea15f7af2cca848979249b56e.udd" 3141
"../../../Engine/DerivedDataCache/Buckets/BulkDataList/f1/d7/d3f2694247c4a59503b13c1aeaaa50747e30.udd" 3142
"../../../Engine/Plugins/Animation/ControlRig/Content/Controls/ControlRig_Pyramid_solid.uasset" 3143
"../../../Engine/Plugins/Animation/ControlRig/Content/Controls/ControlRig_Pyramid_1mm.uasset" 3144
"../../../Engine/Plugins/Animation/ControlRig/Content/Controls/ControlRig_Octagon_solid.uasset" 3145
"../../../Engine/Plugins/Animation/ControlRig/Content/Controls/ControlRig_Octagon_3mm.uasset" 3146
"../../../Engine/Plugins/Animation/ControlRig/Content/Controls/ControlRig_Octagon_1mm.uasset" 3147
"../../../Engine/Plugins/Animation/ControlRig/Content/Controls/ControlRig_Hexagon_solid.uasset" 3148
"../../../Engine/Plugins/Animation/ControlRig/Content/Controls/ControlRig_Hexagon_3mm.uasset" 3149
"../../../Engine/Plugins/Animation/ControlRig/Content/Controls/ControlRig_Hexagon_1mm.uasset" 3150
"../../../Engine/Plugins/Animation/ControlRig/Content/Controls/ControlRig_HalfCircle_solid.uasset" 3151
"../../../Engine/DerivedDataCache/Buckets/StaticMesh/21/b8/a767cd8198f6bb001c417057a6739b91c6d6.udd" 3152
"../../../Engine/Plugins/Animation/ControlRig/Content/Controls/ControlRig_HalfCircle_3mm.uasset" 3153
"../../../Engine/Plugins/Animation/ControlRig/Content/Controls/ControlRig_Diamond_solid.uasset" 3154
"../../../Engine/DerivedDataCache/Buckets/StaticMesh/51/c6/2483e0b76a9fe190df5a602e6f2df7e87253.udd" 3155
"../../../Engine/Plugins/Animation/ControlRig/Content/Controls/ControlRig_HalfCircle_1mm.uasset" 3156
"../../../Engine/DerivedDataCache/Buckets/StaticMesh/27/35/ee96f0455a5d62762d841f788968b4a39b9d.udd" 3157
"../../../Engine/DerivedDataCache/Buckets/StaticMesh/7c/b0/beb97f10609547e64b3d16cf267a259d4200.udd" 3158
"../../../Engine/DerivedDataCache/Buckets/LegacyDIST/aa/c5/c210fa059c6027dd416bfc3028eaf2117b6d.udd" 3159
"../../../Engine/DerivedDataCache/Buckets/LegacyDIST/37/35/4287d119983787cf559f0aab01375b3eebfd.udd" 3160
"../../../Engine/DerivedDataCache/Buckets/StaticMesh/cc/e9/22aa2c26abd8eab36d46902ddec547dc875b.udd" 3161
"../../../Engine/DerivedDataCache/Buckets/LegacyDIST/e3/79/2a81755b261074823c448d121b72f95695c5.udd" 3162
"../../../Engine/DerivedDataCache/Buckets/LegacyDIST/64/96/14a1e3790970b8a196d1468376ba60e19675.udd" 3163
"../../../Engine/DerivedDataCache/Buckets/LegacyCARD/f0/e9/1a33e7fd0448b0b3016642ed5384b837300d.udd" 3164
"../../../Engine/Plugins/Animation/ControlRig/Content/Controls/ControlRig_Diamond_1mm.uasset" 3165
"../../../Engine/Plugins/Animation/ControlRig/Content/Controls/ControlRig_Circle_solid.uasset" 3166
"../../../Engine/DerivedDataCache/Buckets/LegacyCARD/ca/c7/875e801e0eab6534e3f42fe0d28f622edb22.udd" 3167
"../../../Engine/Plugins/Animation/ControlRig/Content/Controls/ControlRig_Circle_3mm.uasset" 3168
"../../../Engine/DerivedDataCache/Buckets/StaticMesh/ed/85/f4120d6f9eb03207875992251a5e3900af48.udd" 3169
"../../../Engine/Plugins/Animation/ControlRig/Content/Controls/ControlRig_Diamond_3mm.uasset" 3170
"../../../Engine/Plugins/Animation/ControlRig/Content/Controls/ControlRig_Circle_1mm.uasset" 3171
"../../../Engine/DerivedDataCache/Buckets/LegacyCARD/40/cb/f842d5f34ade282ba1ba4207c78f704fbc48.udd" 3172
"../../../Engine/DerivedDataCache/Buckets/LegacyDIST/c2/70/ba56944e9a5495be8aaf4045c465a43f5277.udd" 3173
"../../../Engine/Plugins/Animation/ControlRig/Content/Controls/ControlRig_Box_3mm.uasset" 3174
"../../../Engine/Plugins/Animation/ControlRig/Content/Controls/ControlRig_Box_solid.uasset" 3175
"../../../Engine/DerivedDataCache/Buckets/LegacyCARD/c7/f3/59a960126ab39ed2485ab8a826fe77b999bb.udd" 3176
"../../../Engine/DerivedDataCache/Buckets/StaticMesh/58/78/88b617a11696534c49b459da139db4811b49.udd" 3177
"../../../Engine/Plugins/Animation/ControlRig/Content/Controls/ControlRig_Arrow_1mm.uasset" 3178
"../../../Engine/Plugins/Animation/ControlRig/Content/Controls/ControlRig_Arrow_3mm.uasset" 3179
"../../../Engine/DerivedDataCache/Buckets/LegacyDIST/22/43/d081dff525f0a0dcc5de5ae5883a367aef05.udd" 3180
"../../../Engine/Plugins/Animation/ControlRig/Content/Controls/ControlRig_Box_1mm.uasset" 3181
"../../../Engine/Plugins/Animation/ControlRig/Content/Controls/ControlRig_Arrow4_3mm.uasset" 3182
"../../../Engine/Plugins/Animation/ControlRig/Content/Controls/ControlRig_Arrow4_solid.uasset" 3183
"D:/Unreal/LostWaves/Content/Level/Level_Test.umap" 3184
"../../../Engine/Plugins/Animation/ControlRig/Content/Controls/ControlRig_Arrow_solid.uasset" 3185
"D:/Unreal/LostWaves/Content/Blueprint/UI/WBP_Login.uasset" 3186
"D:/Unreal/LostWaves/Content/Blueprint/Game/BP_LoginPlayerController.uasset" 3187
"../../../Engine/Plugins/Animation/ControlRig/Content/Controls/ControlRig_Arrow4_1mm.uasset" 3188
"D:/Unreal/LostWaves/Content/Level/Level_Login.umap" 3189
"../../../Engine/Content/EngineSounds/Submixes/MasterEQSubmixDefault.uasset" 3190
"../../../Engine/Plugins/Animation/ControlRig/Content/Controls/ControlRig_Arrow2_solid.uasset" 3191
"../../../Engine/Content/EngineSounds/Submixes/MasterSubmixDefault.uasset" 3192
"../../../Engine/DerivedDataCache/Buckets/LegacyCARD/05/fb/dffbf5d397c77c88a0947a3907bc7d01fab6.udd" 3193
"D:/Unreal/LostWaves/Content/Blueprint/Game/BP_LoginGameMode.uasset" 3194
"../../../Engine/Content/EngineSounds/Submixes/MasterReverbSubmixDefault.uasset" 3195
"../../../Engine/DerivedDataCache/Buckets/StaticMesh/43/c8/d6d8d7d1da847e2b038aa198c0463fb401e7.udd" 3196
"../../../Engine/Plugins/Animation/ControlRig/Content/Controls/ControlRig_Arrow2_3mm.uasset" 3197
"../../../Engine/DerivedDataCache/Buckets/StaticMesh/b7/c9/afce187bec3fa7909c417766fcd825de8c83.udd" 3198
"../../../Engine/Plugins/Animation/ControlRig/Content/Controls/ControlRig_Sphere_solid.uasset" 3199
"../../../Engine/Plugins/Animation/ControlRig/Content/Controls/ControlRig_Arrow2_1mm.uasset" 3200
"../../../Engine/DerivedDataCache/Buckets/StaticMesh/70/02/4b1584e75086565c081d00529d4f15c4208f.udd" 3201
"../../../Engine/DerivedDataCache/Buckets/LegacyNavCollision/d2/10/8ffa639147741d2042202617a2fd2884da94.udd" 3202
"../../../Engine/DerivedDataCache/Buckets/LegacyCARD/77/2f/9e782497a0daa905128c130095ea35f1be68.udd" 3203
"../../../Engine/DerivedDataCache/Buckets/LegacyNavCollision/61/13/d9708847d18ace3a05ebe3b87d753287c9bd.udd" 3204
"../../../Engine/DerivedDataCache/Buckets/StaticMesh/21/95/46c7140731b316964d6ad0010bf335dbae6f.udd" 3205
"../../../Engine/DerivedDataCache/Buckets/LegacyNavCollision/8e/20/7e8e5d44399b87c39bba2f5eb0ed135d701a.udd" 3206
"../../../Engine/DerivedDataCache/Buckets/LegacyNavCollision/4c/4e/a39a4f1a61aeb61b4253f4b78a388a79da1d.udd" 3207
"../../../Engine/DerivedDataCache/Buckets/LegacyNavCollision/23/04/209993eaa7488b46504690f3c86831f79cd7.udd" 3208
"../../../Engine/Content/Maps/Templates/HLODs/HLODLayer_Instanced.uasset" 3209
"../../../../Unreal/LostWaves/Content/__ExternalActors__/Level/Level_Test/7/CP/SD9JTRBJ15G6OQOQ01V81K.uasset" 3210
"../../../../Unreal/LostWaves/Content/Level/Level_Test.umap" 3211
"../../../Engine/DerivedDataCache/Buckets/StaticMesh/cb/50/c218dab365fa7fbab99a72278cbfb255ad3e.udd" 3212
"../../../Engine/DerivedDataCache/Buckets/StaticMesh/d4/3a/1c6623f5031777f107a2772b9135c653beeb.udd" 3213
"../../../Engine/DerivedDataCache/Buckets/StaticMesh/16/48/4995d9543fe03cc31a8216b3dc4192e61cdd.udd" 3214
"../../../Engine/DerivedDataCache/Buckets/StaticMesh/d1/ac/cdc6c0bd3940000e7dd5bff5adde23d09db4.udd" 3215
"../../../Engine/DerivedDataCache/Buckets/StaticMesh/31/7c/756f1aed9ce334b5520ef18be83d34452371.udd" 3216
"../../../Engine/DerivedDataCache/Buckets/LegacyNavCollision/3f/28/83dfff5c288b02932f88267b95a261c00c45.udd" 3217
"../../../Engine/DerivedDataCache/Buckets/StaticMesh/2a/a6/7f31fe62b1f8f88b6635964dc026c55e1221.udd" 3218
"../../../Engine/DerivedDataCache/Buckets/LegacyDIST/90/4b/53e1fd74ac79b190b46b864f1bcbcedb1c3f.udd" 3219
"../../../Engine/DerivedDataCache/Buckets/LegacyDIST/d9/65/b8b08357a1241a57c3bef9c49d43cd8f9045.udd" 3220
"../../../Engine/DerivedDataCache/Buckets/LegacyDIST/d8/71/70732ca098dfe81742e2e7f406fd334acc9e.udd" 3221
"../../../Engine/DerivedDataCache/Buckets/StaticMesh/65/65/45160da6aeaadd80bc35eed064e57d609c9e.udd" 3222
"../../../Engine/DerivedDataCache/Buckets/LegacyDIST/99/c2/a6f2be0dd080ced144d5632eeb070d5a3e40.udd" 3223
"../../../Engine/DerivedDataCache/Buckets/LegacyCARD/af/30/7ae8ba3bc111b68f68b63e9f537a012d0908.udd" 3224
"../../../Engine/DerivedDataCache/Buckets/LegacyDIST/f2/12/e59f391c49642f2ef03933ed2899359b49c7.udd" 3225
"../../../Engine/DerivedDataCache/Buckets/LegacyCARD/71/c6/3fe515c8045641b3ef8df1ec740e1d4ac2ef.udd" 3226
"../../../Engine/DerivedDataCache/Buckets/LegacyCARD/ae/c3/3f67d685c7da7604f31bef2e568e318a6e7a.udd" 3227
"../../../Engine/DerivedDataCache/Buckets/LegacyCARD/2e/2e/95bbdcaae92d1b24aa9fab066749beea0a43.udd" 3228
"../../../Engine/DerivedDataCache/Buckets/LegacyCARD/26/c2/317283cc26f161896f54628bcb74953483bd.udd" 3229
"../../../Engine/DerivedDataCache/Buckets/LegacyDIST/79/58/552181e1110fd5ec4d94f94a20f1f3b48c56.udd" 3230
"../../../Engine/DerivedDataCache/Buckets/LegacyCARD/77/5c/ae6b00e055b67177ae366fe56bc63ff653a0.udd" 3231
"../../../Engine/DerivedDataCache/Buckets/StaticMesh/9a/f1/635357f1745e444f7fe393da3bc863d5eacf.udd" 3232
"../../../Engine/DerivedDataCache/Buckets/StaticMesh/b2/08/b9a9f8bb28f520d14125116ada570a251a23.udd" 3233
"../../../Engine/DerivedDataCache/Buckets/LegacyDIST/f4/24/c62ee15c7f015c4f5438379157e2b8c75410.udd" 3234
"../../../Engine/DerivedDataCache/Buckets/LegacyDIST/02/8b/40f98c7f0f76a962bca2aad6dc15a01ed53c.udd" 3235
"../../../Engine/DerivedDataCache/Buckets/StaticMesh/92/7b/bb0c0335ddb0c936b06e19aaa6404d126d2f.udd" 3236
"../../../Engine/DerivedDataCache/Buckets/LegacyDIST/dd/2a/693a04e9aae3534bdf7ab5d91f42079a56fe.udd" 3237
"../../../Engine/DerivedDataCache/Buckets/StaticMesh/fe/2e/0182cfd5f7c79c2623e70f178e606c95c57f.udd" 3238
"../../../Engine/DerivedDataCache/Buckets/StaticMesh/f3/fd/89529a546da6fa1b0c3ff799626703b31e06.udd" 3239
"../../../Engine/DerivedDataCache/Buckets/LegacyDIST/0a/11/8ff0d23373a6e45616ac654077721d9d4a3f.udd" 3240
"../../../Engine/DerivedDataCache/Buckets/LegacyDIST/f8/c5/8b143632bc8b2cbe417e89b4e03e6ff76d35.udd" 3241
"../../../Engine/DerivedDataCache/Buckets/StaticMesh/7b/b3/9fc87668fd5e8c3f6e57b47c37b93d97b480.udd" 3242
"../../../Engine/DerivedDataCache/Buckets/LegacyNavCollision/08/ce/bc337aab32bfc7b5ba8b2c6177529fb81ae2.udd" 3243
"../../../Engine/DerivedDataCache/Buckets/LegacyDIST/0b/60/5687d2266190646cbef9f38115de6f708273.udd" 3244
"../../../Engine/DerivedDataCache/Buckets/LegacyNavCollision/bf/bf/a4ca73f202cc48e0da71a1ffaeba04a01e7f.udd" 3245
"../../../Engine/DerivedDataCache/Buckets/LegacyNavCollision/82/85/d029908a17e5825b716165d065a7bceb8dc6.udd" 3246
"../../../Engine/DerivedDataCache/Buckets/LegacyNavCollision/a1/d5/94627ff7641fa3839f0b1f3209af7e60c6b4.udd" 3247
"../../../Engine/DerivedDataCache/Buckets/LegacyNavCollision/10/57/ff5ec2a4234490a911d5518a8c4317ef6c38.udd" 3248
"../../../Engine/DerivedDataCache/Buckets/StaticMesh/9b/99/3fe638bb7897f7194f9d5841037feaeed83e.udd" 3249
"../../../Engine/DerivedDataCache/Buckets/LegacyNavCollision/6e/84/d0cd6fffd4866133004d3f4803aaa773c1ae.udd" 3250
"../../../Engine/DerivedDataCache/Buckets/StaticMesh/90/f1/7407239438bca56c0d0f73dfed227fe773c7.udd" 3251
"../../../Engine/DerivedDataCache/Buckets/StaticMesh/52/97/f446fe6e3e04944441bdbe9d09e594b6f57a.udd" 3252
"../../../Engine/DerivedDataCache/Buckets/StaticMesh/0e/1b/828a7f1ff32455d482b765f4ac0d80355d94.udd" 3253
"../../../Engine/DerivedDataCache/Buckets/StaticMesh/c4/64/a6859f31f07353b9dafeaf036a3e768029bc.udd" 3254
"../../../Engine/DerivedDataCache/Buckets/LegacyDIST/8f/ea/dc28930527cec411917935350e8e4d66dab3.udd" 3255
"../../../Engine/DerivedDataCache/Buckets/StaticMesh/cf/cc/e5f8b2968a25a284809c26f89cd02f70b5c8.udd" 3256
"../../../Engine/DerivedDataCache/Buckets/LegacyDIST/20/f7/bb0e31999a02dacf4d7faf3058218cd14ba6.udd" 3257
"../../../../Unreal/LostWaves/Content/__ExternalActors__/Level/Level_Test/0/7E/1EC7NA75A00KMJVOC80RMU.uasset" 3258
"../../../Engine/DerivedDataCache/Buckets/LegacyDIST/44/08/cf0ef99fc41c758577b5c8ab7636a77cb69d.udd" 3259
"../../../../Unreal/LostWaves/Content/__ExternalActors__/Level/Level_Test/0/HA/C1XGG6UY7H5HX0X00L5CKP.uasset" 3260
"../../../Engine/DerivedDataCache/Buckets/LegacyCARD/ce/e2/5b3146de272a424b146bd59da20a94cc9c6a.udd" 3261
"../../../../Unreal/LostWaves/Content/LevelPrototyping/Materials/MI_PrototypeGrid_TopDark.uasset" 3262
"../../../Engine/DerivedDataCache/Buckets/LegacyDIST/d7/71/09e075381544e9b4f9d64a37638e570c121b.udd" 3263
"../../../Engine/DerivedDataCache/Buckets/LegacyDIST/aa/e1/1b9f1cf6514884b3f1dbcca998de2e06ce73.udd" 3264
"../../../../Unreal/LostWaves/Content/LevelPrototyping/Materials/M_PrototypeGrid.uasset" 3265
"../../../Engine/DerivedDataCache/Buckets/LegacyCARD/82/84/4d84fd8b94ef26d8f326b517a585e5856497.udd" 3266
"../../../Engine/DerivedDataCache/Buckets/LegacyCARD/2e/4a/074961e9e68ba014fa54afe01e063cdfd456.udd" 3267
"../../../Engine/DerivedDataCache/Buckets/LegacyCARD/b1/2a/17e6a76f1831fca490b92ba69d3ff078f6ad.udd" 3268
"../../../../Unreal/LostWaves/Content/LevelPrototyping/Materials/MF_ProcGrid.uasset" 3269
"../../../Engine/DerivedDataCache/Buckets/LegacyDIST/23/05/64fd18211ffff3caea5f0a293a67f9c8b522.udd" 3270
"../../../Engine/Content/Functions/Engine_MaterialFunctions01/ImageAdjustment/CheapContrast.uasset" 3271
"../../../Engine/Content/Functions/Engine_MaterialFunctions01/Gradient/LinearGradient.uasset" 3272
"../../../Engine/Content/Functions/Engine_MaterialFunctions02/Utility/MakeFloat3.uasset" 3273
"../../../Engine/DerivedDataCache/Buckets/LegacyCARD/95/64/2d3eaf839a3235a4c256eab76711bb407085.udd" 3274
"../../../../Unreal/LostWaves/Content/LevelPrototyping/Textures/T_GridChecker_A.uasset" 3275
"../../../Engine/DerivedDataCache/Buckets/StaticMesh/1e/24/fcd94b11db3956273ca9ba864df771f1435b.udd" 3276
"../../../Engine/DerivedDataCache/Buckets/StaticMesh/7d/7e/ff3ed137fb2c723d55099b895644a361f0f6.udd" 3277
"../../../Engine/DerivedDataCache/Buckets/LegacyCARD/d9/cd/da55dcde5488776f292867e8362ad0cedca5.udd" 3278
"../../../Engine/DerivedDataCache/Buckets/LegacyDIST/34/60/e8dcd5e64a330c841c4cbc651594eb954a43.udd" 3279
"../../../../Unreal/LostWaves/Content/LevelPrototyping/Meshes/SM_QuarterCylinder.uasset" 3280
"../../../../Unreal/LostWaves/Content/LevelPrototyping/Materials/MI_PrototypeGrid_Gray.uasset" 3281
"../../../Engine/DerivedDataCache/Buckets/BulkDataList/b6/2c/5f3b25553fbf5b86767b741ab0f62661cc3d.udd" 3282
"../../../Engine/DerivedDataCache/Buckets/StaticMesh/77/91/6fd8f1378f63bd8ef87387b34ae04ea4db18.udd" 3283
"../../../Engine/DerivedDataCache/Buckets/LegacyDIST/06/d1/42633425155c128a5335fbee161435471c4e.udd" 3284
"../../../Engine/DerivedDataCache/Buckets/StaticMesh/df/7a/d1ec516e7b41a4bd65ffdb5035ffeb9359c3.udd" 3285
"../../../Engine/DerivedDataCache/Buckets/StaticMesh/cf/3e/8e7e5a442218211cdd742e5a898a10e6dfc0.udd" 3286
"../../../Engine/DerivedDataCache/Buckets/LegacyNavCollision/6e/47/66089a3dfa40ab342973d2b6e8cd75962b43.udd" 3287
"../../../../Unreal/LostWaves/Content/__ExternalActors__/Level/Level_Test/1/MI/YGIBKDO06LZHA4F7THBDSW.uasset" 3288
"../../../Engine/DerivedDataCache/Buckets/LegacyDIST/3b/12/a1d0e411c80a70703c9c71d211eaca93ee60.udd" 3289
"../../../Engine/DerivedDataCache/Buckets/StaticMesh/4c/aa/12b35764df6b2cab9d7a1199a4e0e992a696.udd" 3290
"../../../../Unreal/LostWaves/Content/LevelPrototyping/Meshes/SM_Cube.uasset" 3291
"../../../Engine/DerivedDataCache/Buckets/LegacyDIST/06/05/136f44dfd618343763e8473aff7977654799.udd" 3292
"../../../../Unreal/LostWaves/Content/__ExternalActors__/Level/Level_Test/2/G4/H3MMLY2OMXF0T899YZAGT7.uasset" 3293
"../../../../Unreal/LostWaves/Content/__ExternalActors__/Level/Level_Test/2/X5/TZ7N3MF2NJBJLSLZ3HH3F8.uasset" 3294
"../../../../Unreal/LostWaves/Content/__ExternalActors__/Level/Level_Test/2/YN/62MM66082JT2IUBGSUMAQH.uasset" 3295
"../../../Engine/DerivedDataCache/Buckets/LegacyNavCollision/75/c1/cf88e5622553c2864501abe851129452f3d2.udd" 3296
"../../../../Unreal/LostWaves/Content/__ExternalActors__/Level/Level_Test/3/VQ/4BTN9OF0FEPTXOUDSD9YL2.uasset" 3297
"../../../Engine/DerivedDataCache/Buckets/LegacyNavCollision/21/ea/38b1f0f9cea8e173dc3904eeeef07818c2f3.udd" 3298
"../../../../Unreal/LostWaves/Content/__ExternalActors__/Level/Level_Test/4/2Y/BN08YGC5RM08W83PD8MVGT.uasset" 3299
"../../../Engine/DerivedDataCache/Buckets/LegacyNavCollision/31/e9/8137f0621109bb91ed0b2ecf487dda69da5d.udd" 3300
"../../../Engine/DerivedDataCache/Buckets/StaticMesh/25/cf/1e706711167ea1b0b8b22b9185db53084462.udd" 3301
"../../../../Unreal/LostWaves/Content/__ExternalActors__/Level/Level_Test/4/3Y/ZTYVPO1SCY89TRUC7KX55P.uasset" 3302
"../../../Engine/DerivedDataCache/Buckets/LegacyNavCollision/78/1c/366b41c0187e759e57860db143d1f7e52852.udd" 3303
"../../../../Unreal/LostWaves/Content/__ExternalActors__/Level/Level_Test/4/LG/QLYL2YB142G59OWNH4T3O2.uasset" 3304
"../../../../Unreal/LostWaves/Content/__ExternalActors__/Level/Level_Test/4/UE/BJC35FY1Z00DFBV45BDAGD.uasset" 3305
"../../../Engine/DerivedDataCache/Buckets/LegacyNavCollision/37/5e/dafa1da78e7751c70021256957ccb343f688.udd" 3306
"../../../../Unreal/LostWaves/Content/LevelPrototyping/Meshes/SM_Ramp.uasset" 3307
"../../../../Unreal/LostWaves/Content/__ExternalActors__/Level/Level_Test/5/2I/CF9ZVX5EVESHUQKYU4L256.uasset" 3308
"../../../Engine/DerivedDataCache/Buckets/StaticMesh/be/4a/aa3645bb6706d4b5542d2f3449779c321590.udd" 3309
"../../../../Unreal/LostWaves/Content/__ExternalActors__/Level/Level_Test/5/GX/YIBG7QFSDNYGPVDO6QYIOA.uasset" 3310
"../../../Engine/DerivedDataCache/Buckets/StaticMesh/86/66/58f7746ac73c35171d2b7f86949c2773beed.udd" 3311
"../../../Engine/DerivedDataCache/Buckets/LegacyDIST/38/c0/d52d2c5e671a05d923b3f17764e7ef51ff91.udd" 3312
"../../../../Unreal/LostWaves/Content/__ExternalActors__/Level/Level_Test/5/YY/0FNZW1DYLDWYUY4GJF3N6N.uasset" 3313
"../../../Engine/DerivedDataCache/Buckets/StaticMesh/c9/7c/8622707e348272d8b126d8bc8a1ce9fc9c43.udd" 3314
"../../../../Unreal/LostWaves/Content/__ExternalActors__/Level/Level_Test/6/SL/GP2QN6CC60FPBZX5NINY0X.uasset" 3315
"../../../Engine/DerivedDataCache/Buckets/LegacyCARD/7e/b5/833add4a769696b33c4dce96d25ca9e609ab.udd" 3316
"../../../../Unreal/LostWaves/Content/__ExternalActors__/Level/Level_Test/7/AA/A5X18HFPMM9TLF5706KJBC.uasset" 3317
"../../../../Unreal/LostWaves/Content/__ExternalActors__/Level/Level_Test/7/PI/ILNIPQPFHRFEXTFPAPPCFH.uasset" 3318
"../../../Engine/DerivedDataCache/Buckets/StaticMesh/c8/e8/004794883a7d236e1256e26d8455e78b4416.udd" 3319
"../../../../Unreal/LostWaves/Content/__ExternalActors__/Level/Level_Test/7/ST/X4VGOIDGAMO6SSCJ4R2O1B.uasset" 3320
"../../../Engine/DerivedDataCache/Buckets/LegacyDIST/a5/c7/5c516e4f0f185c8aad50853242b5bf447503.udd" 3321
"../../../../Unreal/LostWaves/Content/__ExternalActors__/Level/Level_Test/7/U3/7X1ABHPA70ARBXGWVJ0NDV.uasset" 3322
"../../../../Unreal/LostWaves/Content/__ExternalActors__/Level/Level_Test/7/Z5/7WEYS7YONTB895WUAJ2L9V.uasset" 3323
"../../../Engine/DerivedDataCache/Buckets/LegacyDIST/4e/c3/cd5c6aab4b038cb690f978da1a5ec8673d99.udd" 3324
"../../../Engine/DerivedDataCache/Buckets/LegacyDIST/f0/05/61377b4110132bd7b9542baa1d81fdb6ff85.udd" 3325
"../../../../Unreal/LostWaves/Content/__ExternalActors__/Level/Level_Test/8/3Q/AES6KDZ0CPCG7TPQOR3915.uasset" 3326
"../../../Engine/DerivedDataCache/Buckets/LegacyCARD/cf/64/a4ab7f5f3dc592cc2ea22fa234321f692fc8.udd" 3327
"../../../../Unreal/LostWaves/Content/__ExternalActors__/Level/Level_Test/8/52/8Z2ZWF5C96X5DMD63LTTJT.uasset" 3328
"../../../../Unreal/LostWaves/Content/__ExternalActors__/Level/Level_Test/8/HW/895CZ8546VI7WVB6B4BYW6.uasset" 3329
"../../../Engine/DerivedDataCache/Buckets/StaticMesh/77/cb/0ee4f7d3d652fb191a8b1cf196160d3af0ce.udd" 3330
"../../../Engine/DerivedDataCache/Buckets/LegacyDIST/8c/7a/994bc51a600851a07642f6f76220b101121c.udd" 3331
"../../../../Unreal/LostWaves/Content/__ExternalActors__/Level/Level_Test/9/D7/PEHSRW1WPBGDUG9R3D6MGI.uasset" 3332
"../../../../Unreal/LostWaves/Content/__ExternalActors__/Level/Level_Test/9/H9/HMR23KWB4CMICUG2LPSQBO.uasset" 3333
"../../../Engine/DerivedDataCache/Buckets/LegacyCARD/bb/bd/ea04666953e01679fca8c6a6617478b1d5c2.udd" 3334
"../../../Engine/DerivedDataCache/Buckets/LegacyDIST/01/59/499ced1d9e74794bb8a987c9cfc7c3585a8f.udd" 3335
"../../../../Unreal/LostWaves/Content/__ExternalActors__/Level/Level_Test/A/60/2SO19238D9ZL1U8B1LX7GA.uasset" 3336
"../../../../Unreal/LostWaves/Content/LevelPrototyping/Meshes/SM_ChamferCube.uasset" 3337
"../../../Engine/DerivedDataCache/Buckets/LegacyNavCollision/07/f9/656ddd61e9544da5ce312bbdae55a21c59f5.udd" 3338
"../../../Engine/DerivedDataCache/Buckets/LegacyCARD/8f/23/a50f45f430933b2c7a99254be3adcbe4a898.udd" 3339
"../../../../Unreal/LostWaves/Content/LevelPrototyping/Materials/MI_Solid_Blue.uasset" 3340
"../../../../Unreal/LostWaves/Content/LevelPrototyping/Materials/M_Solid.uasset" 3341
"../../../Engine/DerivedDataCache/Buckets/StaticMesh/6f/5f/b8324d90fcf11d2cc76ac154a74a08e97dc8.udd" 3342
"../../../../Unreal/LostWaves/Content/__ExternalActors__/Level/Level_Test/A/PA/O85MPW1C1BZKUEZA37LO4G.uasset" 3343
"../../../Engine/Content/EngineSky/M_SimpleSkyDome.uasset" 3344
"../../../Engine/DerivedDataCache/Buckets/LegacyDIST/98/26/5bcb432fa8f55c5abe4fb409e6577db7ca2f.udd" 3345
"../../../Engine/DerivedDataCache/Buckets/LegacyCARD/16/3d/3229151f64f4e0163089abe3b48a7e899a23.udd" 3346
"../../../Engine/Content/EngineSky/SM_SkySphere.uasset" 3347
"../../../Engine/DerivedDataCache/Buckets/StaticMesh/b7/bf/9e73f99840c098ba36b436986b18a512ae64.udd" 3348
"../../../Engine/DerivedDataCache/Buckets/LegacyNavCollision/59/3a/39b99e93f58c64d9f9151e65a22283045cb7.udd" 3349
"../../../Engine/Content/EngineSky/M_Sky_Panning_Clouds2.uasset" 3350
"../../../Engine/DerivedDataCache/Buckets/LegacyDIST/58/15/2db7108155b8e75d1ac6acdff7d50637336d.udd" 3351
"../../../Engine/DerivedDataCache/Buckets/StaticMesh/86/d3/0262b961578aacf57e12f4dd587c30d0c9ec.udd" 3352
"../../../Engine/DerivedDataCache/Buckets/StaticMesh/7a/da/63b5182746345aad8086efde0853a2706184.udd" 3353
"../../../Engine/Content/EngineSky/T_Sky_Blue.uasset" 3354
"../../../Engine/Content/EngineSky/T_Sky_Clouds_M.uasset" 3355
"../../../Engine/DerivedDataCache/Buckets/LegacyDIST/a4/26/1b15b1d1073dc9746e2692f4a0bd6279ecf4.udd" 3356
"../../../Engine/Content/EngineSky/T_Sky_Stars.uasset" 3357
"../../../Engine/DerivedDataCache/Buckets/StaticMesh/d4/c1/d1f6797260fa3463f7665cba5a947c726d37.udd" 3358
"../../../Engine/DerivedDataCache/Buckets/BulkDataList/8f/db/2c5f0ec21f28070511d2f36618f8155a1c0b.udd" 3359
"../../../Engine/DerivedDataCache/Buckets/BulkDataList/d8/13/bf6d374c11b5606f28aaddc8cf0008a49508.udd" 3360
"../../../Engine/DerivedDataCache/Buckets/BulkDataList/29/e4/007d99b520ab254a80ba8d7bf5028ca9ff5f.udd" 3361
"../../../Engine/DerivedDataCache/Buckets/StaticMesh/d7/95/d5e9041be31ab50fc47d45458a08169927a9.udd" 3362
"../../../Engine/DerivedDataCache/Buckets/LegacyNavCollision/f3/b0/34e0cd3650f14a51a490a2f516cbe7910625.udd" 3363
"../../../../Unreal/LostWaves/Content/__ExternalActors__/Level/Level_Test/A/WL/EC14HRPUMVCFE8MR0P38X1.uasset" 3364
"../../../Engine/DerivedDataCache/Buckets/LegacyDIST/12/d0/b956ad290694134edd5baa1d7b8bc364773c.udd" 3365
"../../../Engine/DerivedDataCache/Buckets/LegacyNavCollision/d8/9d/db0428414dac733fae89d8753ac3815fbdb4.udd" 3366
"../../../../Unreal/LostWaves/Content/__ExternalActors__/Level/Level_Test/B/YQ/EINH9CMJMT4R873RKH8RJ2.uasset" 3367
"../../../../Unreal/LostWaves/Content/__ExternalActors__/Level/Level_Test/C/0O/M42EU31QX9YB21CG31GRY5.uasset" 3368
"../../../Engine/DerivedDataCache/Buckets/StaticMesh/09/4b/ebfaae55e29a998b00526d4fb71a72ad3170.udd" 3369
"../../../../Unreal/LostWaves/Content/__ExternalActors__/Level/Level_Test/C/HI/G0P0VLZTH0H2HJD8JGU1TT.uasset" 3370
"../../../Engine/DerivedDataCache/Buckets/LegacyDIST/31/ff/6f848b68ea5f822183eba4c8ce38222415ab.udd" 3371
"../../../../Unreal/LostWaves/Content/__ExternalActors__/Level/Level_Test/C/LJ/8OKPPGIJR9IJYVBCUA8RNN.uasset" 3372
"../../../Engine/DerivedDataCache/Buckets/StaticMesh/d5/b3/575a68a3bcd6a5724059496a6f4d327b0c01.udd" 3373
"../../../../Unreal/LostWaves/Content/__ExternalActors__/Level/Level_Test/C/OU/GZ26CPW474F8YCK1PWIB7J.uasset" 3374
"../../../Engine/DerivedDataCache/Buckets/LegacyDIST/f0/2b/377e22c5d5680b1419224c47b1f4e6fa1621.udd" 3375
"../../../../Unreal/LostWaves/Content/__ExternalActors__/Level/Level_Test/C/TI/PUSZDM9ZUK81P11S88XHY1.uasset" 3376
"../../../Engine/DerivedDataCache/Buckets/LegacyCARD/87/47/e1e30f7f6c9350ce3819aafa3926332c90cd.udd" 3377
"../../../../Unreal/LostWaves/Content/__ExternalActors__/Level/Level_Test/D/8I/SFK7YQZINX4HU2UCQ4JR4H.uasset" 3378
"../../../Engine/DerivedDataCache/Buckets/StaticMesh/10/c8/683b447de68505b614a74bfd9e7afea749e8.udd" 3379
"../../../../Unreal/LostWaves/Content/__ExternalActors__/Level/Level_Test/D/A1/88E2EG8LIIEN3V1PNYSERR.uasset" 3380
"../../../../Unreal/LostWaves/Content/__ExternalActors__/Level/Level_Test/D/CS/YR9DPVDL6P6CTHZB4YMWB1.uasset" 3381
"../../../Engine/DerivedDataCache/Buckets/LegacyCARD/b5/e6/9a642fff174066434373fce6b6a05bc76bc3.udd" 3382
"../../../../Unreal/LostWaves/Content/__ExternalActors__/Level/Level_Test/D/J8/GDQRZJZ25IU6HDHFEV17LO.uasset" 3383
"../../../Engine/DerivedDataCache/Buckets/LegacyDIST/0f/3b/7f7373b0c57273ec00cb3b00cab90642aee3.udd" 3384
"../../../../Unreal/LostWaves/Content/__ExternalActors__/Level/Level_Test/E/3Q/TK48U9RQ36ZG4187NNNIDE.uasset" 3385
"../../../Engine/DerivedDataCache/Buckets/LegacyCARD/47/01/29e1341ca414cf415da6b97194aed11065cc.udd" 3386
"../../../Engine/DerivedDataCache/Buckets/LegacyCARD/4c/a2/b5f6447ee77d5de78572fcafe558b64ab09e.udd" 3387
"../../../../Unreal/LostWaves/Content/__ExternalActors__/Level/Level_Test/E/60/YONR9E56DD27E1NKHCZRI0.uasset" 3388
"../../../Engine/DerivedDataCache/Buckets/LegacyDIST/d8/a2/56c4c154fe730ac9c640367bd244115a5c55.udd" 3389
"../../../../Unreal/LostWaves/Content/__ExternalActors__/Level/Level_Test/E/L9/YE6KHTNYCAY6TYEMKVBM5Y.uasset" 3390
"../../../Engine/DerivedDataCache/Buckets/LegacyDIST/9c/e2/d177fb408f7a1cfb919cbeb6ab96831477f7.udd" 3391
"../../../Engine/Content/EditorResources/EmptyActor.uasset" 3392
"../../../Engine/DerivedDataCache/Buckets/StaticMesh/1f/b8/0967b75f7f80d6c8e4a0e4131f117c9b8d8d.udd" 3393
"../../../Engine/DerivedDataCache/Buckets/BulkDataList/cf/5e/4fa016e17012fa2f647dc549c2d7f197f657.udd" 3394
"../../../Engine/DerivedDataCache/Buckets/StaticMesh/bb/c7/f4475b1499fc94ec5d034270c235ed24116b.udd" 3395
"../../../Engine/DerivedDataCache/Buckets/LegacyCARD/80/a7/00801f647e618bf720acfc127e284001e144.udd" 3396
"../../../Engine/DerivedDataCache/Buckets/StaticMesh/c3/1e/7959cb5013d0322eb5622b00af85d43fc9c9.udd" 3397
"../../../Engine/DerivedDataCache/Buckets/LegacyCARD/f8/72/a06c3ac59e00a4c6e61d510e3e96bed69f66.udd" 3398
"../../../Engine/DerivedDataCache/Buckets/StaticMesh/f0/4d/7524ac5dde67b224951bf4908e4aeffd09c6.udd" 3399
"../../../Engine/DerivedDataCache/Buckets/StaticMesh/67/d0/1d805894c2f977870875c54c1bdaabdb4a80.udd" 3400
"../../../Engine/DerivedDataCache/Buckets/LegacyDIST/91/7a/c53c8189f6b8a01b45e0b2504dad4d797fcd.udd" 3401
"../../../Engine/DerivedDataCache/Buckets/LegacyNavCollision/d7/0f/7bef56ad1ca6b674ab812c28bbaf4a6edc9d.udd" 3402
"../../../Engine/DerivedDataCache/Buckets/LegacyNavCollision/7f/ca/1963b8e1201efadaaa724fb821ee7a262227.udd" 3403
"../../../Engine/DerivedDataCache/Buckets/LegacyNavCollision/0a/54/101f66c88a7fe2fc52668692e0e237c3dc44.udd" 3404
"../../../Engine/DerivedDataCache/Buckets/StaticMesh/8b/26/a0969bdb7fef121d213dc2f2a2996a68bdb5.udd" 3405
"../../../Engine/DerivedDataCache/Buckets/LegacyNavCollision/1e/0c/f2af2f27820353f5a29623eb57e23aff3ea1.udd" 3406
"../../../Engine/DerivedDataCache/Buckets/StaticMesh/a2/27/292392d94bb3a7e63f4754f9bc2a4be5eb24.udd" 3407
"../../../Engine/DerivedDataCache/Buckets/LegacyNavCollision/d0/5c/07213484ed7152284de287603c087932c9dd.udd" 3408
"../../../Engine/DerivedDataCache/Buckets/LegacyNavCollision/c2/ad/8d6bca0da55b6c6cc20445f8663233492ebf.udd" 3409
"../../../Engine/DerivedDataCache/Buckets/LegacyDIST/60/1b/388a45c3e4f58affb4d833a542f52c15fd7b.udd" 3410
"../../../Engine/DerivedDataCache/Buckets/StaticMesh/a5/6a/9a311b7de2fcc344d81f44ffc9a313a8762f.udd" 3411
"../../../Engine/DerivedDataCache/Buckets/StaticMesh/a5/a0/072506fa03f8a5ff002979e024262c2e78df.udd" 3412
"../../../Engine/DerivedDataCache/Buckets/LegacyCARD/b7/30/4455968efbcdb64f17d994329182771c800e.udd" 3413
"../../../Engine/DerivedDataCache/Buckets/LegacyNavCollision/55/17/7f90390cffd9e4aceee1e8e9b91bcc728f8d.udd" 3414
"../../../Engine/DerivedDataCache/Buckets/StaticMesh/49/c6/fc1e16e926ba8752a7a65e5703303049403e.udd" 3415
"../../../Engine/DerivedDataCache/Buckets/StaticMesh/eb/c2/5c5173fe9274c43a38e0fb46c18fcac0e32d.udd" 3416
"../../../Engine/DerivedDataCache/Buckets/StaticMesh/f8/84/56a3fb119091af5f4359ddd41335ab0b6a67.udd" 3417
"../../../Engine/DerivedDataCache/Buckets/StaticMesh/73/dc/6ac187d7dbe0eede2df5d3350f2ee66ce0f5.udd" 3418
"../../../Engine/DerivedDataCache/Buckets/LegacyDIST/c0/3e/21977f6d7c457a03a264bd28fb9496cd2c27.udd" 3419
"../../../Engine/DerivedDataCache/Buckets/LegacyDIST/7a/33/d5be516bcc3cfb9f8e8bb205674301cffe68.udd" 3420
"../../../Engine/DerivedDataCache/Buckets/LegacyDIST/7e/6b/52e6ade208e52e86895517ffc18e6c70b2ba.udd" 3421
"../../../Engine/DerivedDataCache/Buckets/StaticMesh/ef/28/69c646797f28a92ea4d1088675b89fc3fedb.udd" 3422
"../../../../Unreal/LostWaves/Content/Level/Level_Login.umap" 3423
"../../../Engine/DerivedDataCache/Buckets/LegacyDIST/1f/4f/09c03cfe52cb4a9a4d9239255aee5a7dff3e.udd" 3424
"../../../Engine/DerivedDataCache/Buckets/LegacyDIST/40/ad/01cfdf8b87f26d9055be7e34c6559aa644d7.udd" 3425
"../../../Engine/DerivedDataCache/Buckets/LegacyCARD/3f/52/614e1cd85c338be62c4cf55d17b791d2018f.udd" 3426
"../../../Engine/DerivedDataCache/Buckets/LegacyDIST/52/8a/82d9366e4c1bfa7d4335f52392ccf188c0d6.udd" 3427
"../../../Engine/DerivedDataCache/Buckets/LegacyCARD/7a/28/b32c06e27e287b09ded45be7791e67d27658.udd" 3428
"../../../Engine/DerivedDataCache/Buckets/LegacyCARD/94/8c/66e0a06695ab8eb9efc0489fe8061f3b1f2a.udd" 3429
"../../../Engine/DerivedDataCache/Buckets/LegacyDIST/da/42/49111ffcc2539fde8f002af6f508e04f4aa2.udd" 3430
"../../../Engine/DerivedDataCache/Buckets/LegacyCARD/04/98/2a88fafe3d602d3a89de6f830ed369ebac60.udd" 3431
"../../../Engine/DerivedDataCache/Buckets/StaticMesh/9f/65/ed5f2223034a95d913a3015069183471c1d0.udd" 3432
"../../../Engine/DerivedDataCache/Buckets/StaticMesh/a4/77/777f5bbb1a20ee01d1b699d45800e165422d.udd" 3433
"../../../Engine/DerivedDataCache/Buckets/StaticMesh/45/68/5f7640a7e17ae6612d379319aa08e4275866.udd" 3434
"../../../Engine/DerivedDataCache/Buckets/StaticMesh/97/80/b65847574b7ae1e7d900d005b7915d3e1d1d.udd" 3435
"../../../Engine/DerivedDataCache/Buckets/LegacyCARD/14/e3/96c2c7418069573bcbf07943cf9c432ce725.udd" 3436
"../../../Engine/DerivedDataCache/Buckets/StaticMesh/76/c9/02c2dfa905246ffa2b373c06742845adb793.udd" 3437
"../../../Engine/DerivedDataCache/Buckets/LegacyCARD/eb/85/2ee7ecd8b3192ebe7363145e650818a2d543.udd" 3438
"../../../Engine/DerivedDataCache/Buckets/LegacyCARD/77/05/34994513758aebcefc339ad823af4f2a3c7e.udd" 3439
"../../../Engine/DerivedDataCache/Buckets/LegacyNavCollision/ec/b8/cc7a662119675c9347d140ee5913a32771bd.udd" 3440
"../../../Engine/DerivedDataCache/Buckets/StaticMesh/ce/41/a66bcdb50c82d9c01efdca381b18d19a046a.udd" 3441
"../../../Engine/DerivedDataCache/Buckets/LegacyNavCollision/b8/c9/140b6cc0b58f62b48bf3a7a951d11b8af1cc.udd" 3442
"../../../Engine/DerivedDataCache/Buckets/LegacyNavCollision/4b/7d/e598f42843cf779fa9520c8ef0ec48668785.udd" 3443
"../../../Engine/DerivedDataCache/Buckets/LegacyDIST/9c/b7/fa9b716d887dab9081f06650fd5c4c785f06.udd" 3444
"../../../Engine/DerivedDataCache/Buckets/StaticMesh/24/b2/26d127b5a070f364886ab1a2285f95e4054d.udd" 3445
"../../../Engine/DerivedDataCache/Buckets/StaticMesh/8c/7a/6ca7d7e0d459f731f68cfc37f2afea73ea4a.udd" 3446
"../../../Engine/DerivedDataCache/Buckets/LegacyDIST/51/37/e713d4bdf4fa69041d7d0af6bab29af41353.udd" 3447
"../../../Engine/DerivedDataCache/Buckets/StaticMesh/e5/5e/29ab58f138bf57250a3e4ea0cb17cf797499.udd" 3448
"../../../Engine/DerivedDataCache/Buckets/StaticMesh/7a/70/e8897640cd370934c1c7b25c34463eeb94f1.udd" 3449
"../../../Engine/DerivedDataCache/Buckets/LegacyNavCollision/83/23/b5924ec48aa97b1bc3c3df26ca8152b4798c.udd" 3450
"../../../Engine/DerivedDataCache/Buckets/StaticMesh/94/c8/85f6621fee133334768fd2566c4efa142615.udd" 3451
"../../../Engine/DerivedDataCache/Buckets/StaticMesh/6f/08/2c70122431fcccae65e1c80a18ad2a917405.udd" 3452
"../../../Engine/DerivedDataCache/Buckets/LegacyCARD/a9/3e/f6b4c3a03d52ac43471721f3d0b4d4fa3629.udd" 3453
"../../../Engine/DerivedDataCache/Buckets/LegacyNavCollision/9e/c1/6d5fb1d7f725bd34be1218ddff885704e075.udd" 3454
"../../../Engine/DerivedDataCache/Buckets/LegacyNavCollision/ae/8e/d2e832753712fa1c265eec8b2903559c0b80.udd" 3455
"../../../Engine/DerivedDataCache/Buckets/LegacyCARD/15/27/c86d76eb690e9aa4257260d715c024215010.udd" 3456
"../../../Engine/DerivedDataCache/Buckets/LegacyNavCollision/df/e0/e2c2d3b5e8b832c90d8eb5a4d5be1ae47096.udd" 3457
"../../../Engine/DerivedDataCache/Buckets/LegacyDIST/33/de/759a3b7b794438f62fd1e677f3bfe5d6651c.udd" 3458
"../../../Engine/DerivedDataCache/Buckets/StaticMesh/86/80/37fa77cf1deb66f4a51e48d1b5d978d1e3c7.udd" 3459
"../../../Engine/DerivedDataCache/Buckets/LegacyDIST/55/e6/fcbfd52b42c8f1bde7a9fff1d8994edf9f09.udd" 3460
"../../../Engine/DerivedDataCache/Buckets/LegacyCARD/a4/94/b1887873228fd074b4dde6bbc8badb638166.udd" 3461
"../../../Engine/DerivedDataCache/Buckets/LegacyCARD/7c/71/b26fe4cfe9701fc97cf454a0ccd307c5c060.udd" 3462
"../../../Engine/DerivedDataCache/Buckets/LegacyDIST/48/b1/18792f04bba6c7bc61baa847286a745942ed.udd" 3463
"../../../Engine/DerivedDataCache/Buckets/StaticMesh/8e/a9/4546bac2195370d96958d82ee00f010fa2ef.udd" 3464
"../../../Engine/DerivedDataCache/Buckets/LegacyCARD/be/4a/c08694d2d55f3d9e04aed60e308510241c66.udd" 3465
"../../../Engine/DerivedDataCache/Buckets/StaticMesh/b1/03/308dbe058cb0c6e7291f1303ecbd322b80f1.udd" 3466
"../../../Engine/DerivedDataCache/Buckets/StaticMesh/49/27/a76fdaed3af405a7be73792c319a951dc724.udd" 3467
"../../../Engine/DerivedDataCache/Buckets/StaticMesh/df/90/1de40197d6a25db0f10e0036a1bb43080791.udd" 3468
"../../../Engine/DerivedDataCache/Buckets/LegacyDIST/5c/2e/ad550855b2c146f7812780ccdbd70f09e95f.udd" 3469
"../../../Engine/DerivedDataCache/Buckets/LegacyNavCollision/d3/4a/e88b2c57f5c5e90c65265e15a20781929c17.udd" 3470
"../../../Engine/DerivedDataCache/Buckets/StaticMesh/d2/fb/8dee7703852ec764540bdbd957bf4efb9454.udd" 3471
"../../../Engine/DerivedDataCache/Buckets/StaticMesh/f6/7d/d0707bd2aaef5b389879d3d35861fa938d66.udd" 3472
"../../../Engine/DerivedDataCache/Buckets/StaticMesh/71/ea/fe70e96c7e2b19625ddff9fc3c5e064d0858.udd" 3473
"../../../Engine/DerivedDataCache/Buckets/LegacyDIST/3c/eb/f20796129f1963d058b600a3d64894d15481.udd" 3474
"../../../Engine/DerivedDataCache/Buckets/StaticMesh/d1/cd/efa09ac48a5b44289b9436b6b1bc06076c41.udd" 3475
"../../../Engine/DerivedDataCache/Buckets/LegacyNavCollision/a4/9f/1d0418622236d9c18df5df5ee06b5ec5c094.udd" 3476
"../../../Engine/DerivedDataCache/Buckets/LegacyDIST/0e/cb/121b9624eb6b6da10c27797b90319917dc62.udd" 3477
"../../../Engine/DerivedDataCache/Buckets/LegacyDIST/25/ff/0baad6470989f1b40068e5e0c8c726503b80.udd" 3478
"../../../Engine/DerivedDataCache/Buckets/LegacyCARD/b8/00/8cb7d0920597e8e9ad76a71be5e37c09d392.udd" 3479
"../../../Engine/DerivedDataCache/Buckets/LegacyCARD/3c/ec/9bc8d3f94676e270f62983ca806c3af81116.udd" 3480
"../../../Engine/DerivedDataCache/Buckets/StaticMesh/5d/35/0b9ed9a3c9a4d76633c86e4786c532c16dc6.udd" 3481
"../../../Engine/DerivedDataCache/Buckets/LegacyNavCollision/a9/12/ddd8281d483abe31dd4612b8a03f618b1289.udd" 3482
"../../../Engine/DerivedDataCache/Buckets/LegacyNavCollision/fd/e2/015f7509eb5a5aca87ee2ec3b1be27a18048.udd" 3483
"../../../Engine/DerivedDataCache/Buckets/LegacyCARD/26/fd/698db4fb78722af9f7aa7944c85d663bb530.udd" 3484
"../../../Engine/DerivedDataCache/Buckets/LegacyCARD/87/78/0b0ea95888ab6451fd6aee7cc554f102f690.udd" 3485
"../../../Engine/DerivedDataCache/Buckets/StaticMesh/68/d8/b386dcd4435d5614f0102e85be37e74a7501.udd" 3486
"../../../Engine/DerivedDataCache/Buckets/LegacyNavCollision/50/5e/4b8a21a9d2f0e18446489cbb46fea8f0803a.udd" 3487
"../../../Engine/DerivedDataCache/Buckets/StaticMesh/33/e4/5180d71c5b09c1e86f489dba396f370022aa.udd" 3488
"../../../Engine/DerivedDataCache/Buckets/StaticMesh/44/79/4f8249ca39d1e533a396cda57fc2ab24dfa9.udd" 3489
"../../../Engine/DerivedDataCache/Buckets/LegacyDIST/45/62/56977d4114132e9a8232427cb446ed593176.udd" 3490
"../../../Engine/DerivedDataCache/Buckets/StaticMesh/b6/9c/1f883dbd2bfd4fad3d1988f5e6504d4acc99.udd" 3491
"../../../Engine/DerivedDataCache/Buckets/StaticMesh/ed/01/15a12c3a9ed577412a51ee677c92469695b5.udd" 3492
"../../../Engine/DerivedDataCache/Buckets/LegacyCARD/21/31/31815f3a48943fb0deb24e32d9ba0e8bafe8.udd" 3493
"../../../Engine/DerivedDataCache/Buckets/LegacyDIST/ff/8e/d655abd3ad4990789943dd07c822e7d3baad.udd" 3494
"../../../Engine/DerivedDataCache/Buckets/StaticMesh/cc/39/f11e4bbbdb4579d72da2c786404d80911d2b.udd" 3495
"../../../Engine/DerivedDataCache/Buckets/StaticMesh/54/ee/521c9875a7c661e2ff5aa7bbf5fb9fc8347a.udd" 3496
"../../../Engine/DerivedDataCache/Buckets/StaticMesh/e1/ae/35519317bb4b836820f0fa19007d6ff81c03.udd" 3497
"../../../Engine/DerivedDataCache/Buckets/LegacyDIST/3c/cf/af60456e4d2b6640c5b5c240a6428ec9ccda.udd" 3498
"../../../Engine/DerivedDataCache/Buckets/LegacyNavCollision/fd/b8/c0218d6d63e409903a7852722413620ad145.udd" 3499
"../../../Engine/DerivedDataCache/Buckets/LegacyDIST/ba/76/a0a3e2ce591120199ae3bb60634ec7700f50.udd" 3500
"../../../Engine/DerivedDataCache/Buckets/StaticMesh/3c/67/6739eb42613534e4ac43daf36d6fc3b3db55.udd" 3501
"../../../Engine/DerivedDataCache/Buckets/LegacyCARD/ea/3d/1e220a393eca0fdff72faad32d309896bb8c.udd" 3502
"../../../Engine/DerivedDataCache/Buckets/LegacyNavCollision/ec/a7/23382da51cdf2b21e917fb0249f8ef66eaca.udd" 3503
"../../../Engine/DerivedDataCache/Buckets/LegacyCARD/73/a5/aab609f3ed33e93396c831dc6368394e0bba.udd" 3504
"../../../Engine/DerivedDataCache/Buckets/LegacyCARD/0d/fc/afafe5e00525ec11a725ebc331ebc252e2da.udd" 3505
"../../../Engine/DerivedDataCache/Buckets/LegacyDIST/7e/c9/6b686e90173b8719b7691852a731f9a09cc5.udd" 3506
"../../../Engine/DerivedDataCache/Buckets/LegacyNavCollision/dc/d9/3971a600567cc819c7af5ff2c691a992c563.udd" 3507
"../../../Engine/DerivedDataCache/Buckets/LegacyNavCollision/3b/73/f2570d0174a7e7b0d73f7af040029b17aa9e.udd" 3508
"../../../Engine/DerivedDataCache/Buckets/LegacyCARD/df/58/5baeb7b542f63dac1e47cc91f95d23ab7e23.udd" 3509
"../../../Engine/DerivedDataCache/Buckets/StaticMesh/f4/d7/b4ba0b3dda6abeb014ff213ce8ec58cad6e4.udd" 3510
"../../../Engine/DerivedDataCache/Buckets/LegacyNavCollision/a6/15/5f6d17e3c70609c99d490ad7c0bd65b39ef9.udd" 3511
"../../../Engine/DerivedDataCache/Buckets/StaticMesh/f2/79/a4c95cad3a30f4eaf11c369d66ab936fd8a2.udd" 3512
"../../../Engine/DerivedDataCache/Buckets/StaticMesh/cc/84/d181f2da43d02215ecdba09e84228dfad396.udd" 3513
"../../../Engine/DerivedDataCache/Buckets/StaticMesh/d0/28/269bd9df263a708989ad39030420a864482e.udd" 3514
"../../../Engine/DerivedDataCache/Buckets/LegacyDIST/f7/31/a0fc3ede6d263ab0cb155e7c51097a37ae76.udd" 3515
"../../../Engine/DerivedDataCache/Buckets/LegacyCARD/08/f2/e3d1f23938f181de4f7af15ba008155b2500.udd" 3516
"../../../Engine/DerivedDataCache/Buckets/LegacyNavCollision/1e/0e/697851d1d717a71c523ce4ebbcb969e4c0c0.udd" 3517
"../../../Engine/DerivedDataCache/Buckets/StaticMesh/cc/10/f5b00ffa2949c0f4c6c87075a7042c227c3c.udd" 3518
"../../../Engine/DerivedDataCache/Buckets/StaticMesh/f1/0b/5b7c2d93ef537a5036038d72b34c144e44e0.udd" 3519
"../../../Engine/DerivedDataCache/Buckets/StaticMesh/df/57/40cb85ec9ed366d599a79a835f3a4d273dce.udd" 3520
"../../../Engine/DerivedDataCache/Buckets/LegacyDIST/40/2f/2836f154ae078b20508969fae2b237299e93.udd" 3521
"../../../Engine/DerivedDataCache/Buckets/StaticMesh/6e/ab/5e5e190e00794821076ec1e6997948456e76.udd" 3522
"../../../Engine/DerivedDataCache/Buckets/LegacyCARD/b5/38/85867eb19eaceba7fb1fa78bc0b38463a485.udd" 3523
"../../../Engine/DerivedDataCache/Buckets/LegacyNavCollision/d5/c1/2afc6bd689720fcde0bc8558aaf98746468c.udd" 3524
"../../../Engine/DerivedDataCache/Buckets/LegacyNavCollision/03/63/59a2c9f6b43010ccc1d1c3ef43f483f4f8f9.udd" 3525
"../../../Engine/DerivedDataCache/Buckets/StaticMesh/97/7d/a5165aa4bfd8faa5a14817bdf7baa00f011d.udd" 3526
"../../../Engine/DerivedDataCache/Buckets/StaticMesh/76/94/5290a34ecbf7d1fa03aafb5d293ee1e886d1.udd" 3527
"../../../Engine/DerivedDataCache/Buckets/StaticMesh/94/c4/be3ff169937bd31f0ac5b7a0ff593708facd.udd" 3528
"../../../Engine/DerivedDataCache/Buckets/StaticMesh/50/28/7a3b99d130be4183c334526fbb5c93d371aa.udd" 3529
"../../../Engine/DerivedDataCache/Buckets/LegacyDIST/e8/d2/e39159c9ac00dfd5950e2d56a917e6761ffc.udd" 3530
"../../../Engine/DerivedDataCache/Buckets/LegacyDIST/da/e0/52a6257b148a1b79980c8744c0bfe1ef39cb.udd" 3531
"../../../Engine/DerivedDataCache/Buckets/LegacyCARD/cd/3c/d49f4785d911d9901467eaa909b2c86cc64a.udd" 3532
"../../../Engine/DerivedDataCache/Buckets/LegacyCARD/3f/00/28dc2fbe7297d649b748178384420522b006.udd" 3533
"../../../Engine/DerivedDataCache/Buckets/LegacyNavCollision/37/8a/a6ea61e654468af78b1b25705ddcb00916e8.udd" 3534
"../../../Engine/DerivedDataCache/Buckets/StaticMesh/f1/c2/7a3faec52625e5364a5ec8a7b7d96f81fb80.udd" 3535
"../../../Engine/DerivedDataCache/Buckets/LegacyDIST/00/e8/089356363294040b7ff51396c9ffab3b25cf.udd" 3536
"../../../Engine/DerivedDataCache/Buckets/LegacyDIST/9e/11/4e62468554607e0966fe8fc09e673e6461bf.udd" 3537
"../../../Engine/DerivedDataCache/Buckets/LegacyDIST/a2/72/783cf412e3fc290324183b05b2dca7f9e977.udd" 3538
"../../../Engine/DerivedDataCache/Buckets/LegacyDIST/70/9b/27e4acdc978282da05a0de875c18c5538300.udd" 3539
"../../../Engine/DerivedDataCache/Buckets/StaticMesh/15/48/d2bf787e03ccb4792d5166d3e6c6e90ba667.udd" 3540
"../../../Engine/DerivedDataCache/Buckets/StaticMesh/cb/8f/6534547240d5553f3c1c2e5d502182920c4d.udd" 3541
"../../../Engine/DerivedDataCache/Buckets/LegacyNavCollision/55/d3/f65bd3d95c0a0c5f1684308c6ea4311e35dc.udd" 3542
"../../../Engine/DerivedDataCache/Buckets/LegacyNavCollision/e4/60/57db547330bd850f95c3b44a83c43e090ec8.udd" 3543
"../../../Engine/DerivedDataCache/Buckets/LegacyDIST/c5/d1/77f3b54717484fbe2085eef7749c24b575e7.udd" 3544
"../../../Engine/DerivedDataCache/Buckets/StaticMesh/bf/0e/a1e3bf88805f9e75dcdc0bb7fb8b9433f56e.udd" 3545
"../../../Engine/DerivedDataCache/Buckets/LegacyNavCollision/11/30/4a93cbfdc4c06595a54648c6d3ce0fff240c.udd" 3546
"../../../Engine/DerivedDataCache/Buckets/LegacyCARD/db/2c/2e7be41abad75b075e2447a98e733a33b368.udd" 3547
"../../../Engine/DerivedDataCache/Buckets/LegacyCARD/29/27/8b84d89a8668371370b55a2d332568c85a21.udd" 3548
"../../../Engine/DerivedDataCache/Buckets/StaticMesh/88/b2/a1474fd235da87d52ad98d95f1820fa9a21c.udd" 3549
"../../../Engine/DerivedDataCache/Buckets/LegacyNavCollision/bb/3c/fedda12dbece72953682da886b08bbfb3c6b.udd" 3550
"../../../Engine/DerivedDataCache/Buckets/LegacyCARD/cc/50/f8721491242923dd10c87210a4efcd2aed57.udd" 3551
"../../../Engine/DerivedDataCache/Buckets/LegacyCARD/3e/08/50c0cdf6639819088902c787c0496336a423.udd" 3552
"../../../Engine/DerivedDataCache/Buckets/LegacyCARD/95/93/c39791737a33df7c8a7eacabe26cba9c7e21.udd" 3553
"../../../Engine/DerivedDataCache/Buckets/StaticMesh/73/40/b80a0e6614eefb8fd617b04d4a137817c4ec.udd" 3554
"../../../Engine/DerivedDataCache/Buckets/StaticMesh/2a/cb/c955e552ebb64a712c7ff12acaf7dbb207cc.udd" 3555
"../../../Engine/DerivedDataCache/Buckets/LegacyNavCollision/1c/fa/9f8288ee2d08c9f4c1bb5a4354f6d7e781c6.udd" 3556
"../../../Engine/DerivedDataCache/Buckets/StaticMesh/14/85/540c4b85a28b6155991bcf5102e030b5b49c.udd" 3557
"../../../Engine/DerivedDataCache/Buckets/StaticMesh/35/d0/63027e948ad1941961c0004605f59c769f2a.udd" 3558
"../../../Engine/DerivedDataCache/Buckets/LegacyNavCollision/f8/3a/ce47444ef8ec63378ca442626a45f2a00b3b.udd" 3559
"../../../Engine/DerivedDataCache/Buckets/LegacyNavCollision/a2/fd/cc8f9466af81e2b0033e0ed65d83f2798ee4.udd" 3560
"../../../Engine/DerivedDataCache/Buckets/LegacyNavCollision/d2/3e/743f2b02e3a6c4b02d15ea309cee8f1a62cb.udd" 3561
"../../../Engine/DerivedDataCache/Buckets/StaticMesh/89/18/9edd309746f705e335b32aa7bb678c2db819.udd" 3562
"../../../Engine/DerivedDataCache/Buckets/LegacyNavCollision/21/86/fee68e140474d5206a45455c1a33f879c45a.udd" 3563
"../../../Engine/DerivedDataCache/Buckets/LegacyCARD/80/ff/307a24985120761212b22868fa994501efe9.udd" 3564
"../../../Engine/DerivedDataCache/Buckets/LegacyCARD/9b/ea/1e63b6a516fcdf6ed8984b04272e57bac95d.udd" 3565
"../../../Engine/Content/Maps/Templates/HLODs/HLODLayer_Merged.uasset" 3566
"../../../Engine/DerivedDataCache/Buckets/LegacyDIST/60/76/7a12d784e0148b4bdc3b1035ff1029e727da.udd" 3567
